tweet_id,created_at,user_name,screen_name,original_text,cleaned_text,normalized_text,preprocessed_text
2078313073333633057,Sat Jul 18 02:57:04 +0000 2026,Kotaro Mieyamin,belalangsemprul,"@farisrachman_1 Ikut2an komentar ttg BI
Gak ngitung dampak ekonomi saat Pertamax naik
Gak paham utak Atik SAL harus sepengetahuan DPR

Kurang kacau apa cb",ikutan komentar ttg bi gak ngitung dampak ekonomi saat pertamax naik gak paham utak atik sal harus sepengetahuan dpr kurang kacau apa cb,ikutan komentar tentang bi enggak ngitung dampak ekonomi saat pertamax naik enggak paham utak atik sal harus sepengetahuan dpr kurang kacau apa coba,ikut komentar bi enggak ngitung dampak ekonomi pertamax naik enggak paham utak atik sal tahu dpr kurang kacau apa coba
2078285843618484353,Sat Jul 18 01:08:52 +0000 2026,Bloomberg Technoz,BloombergTZ,"Ekonom Fitra Badiul Hadi menilai antrean dan kelangkaan Pertalite di Sumatra menunjukkan lemahnya perencanaan distribusi Pertamina dalam mengantisipasi lonjakan permintaan setelah kenaikan harga Pertamax.

Simak selengkapnya: https://t.co/ToiOm0e3B9 https://t.co/QZoXjqzwV2",ekonom fitra badiul hadi menilai antrean dan kelangkaan pertalite di sumatra menunjukkan lemahnya perencanaan distribusi pertamina dalam mengantisipasi lonjakan permintaan setelah kenaikan harga pertamax simak selengkapnya,ekonom fitra badiul hadi menilai antrean dan kelangkaan pertalite di sumatra menunjukkan lemahnya perencanaan distribusi pertamina dalam mengantisipasi lonjakan permintaan setelah kenaikan harga pertamax simak selengkapnya,ekonom fitra badiul had nilai antre langka pertalite sumatra tunjuk lemah rencana distribusi pertamina antisipasi lonjak minta naik harga pertamax simak lengkap
2078285224249811434,Sat Jul 18 01:06:24 +0000 2026,NISANI🍑,adamnisani07,@CarolineLukita @tanyarlfes Sebelumnya kan pertalit oplosan ron tidak sesuai jadi pada beralih ke pertamax sebelum naik harga,sebelumnya kan pertalit oplosan ron tidak sesuai jadi pada beralih ke pertamax sebelum naik harga,sebelumnya kan pertalit oplosan ron tidak sesuai jadi pada beralih ke pertamax sebelum naik harga,belum kan pertalit oplos ron sesuai jadi alih pertamax naik harga
2078264224665460766,Fri Jul 17 23:42:58 +0000 2026,helloliz,dreamy_lofoten,Ga normal sebelum Pertamax turun harga 💀,ga normal sebelum pertamax turun harga,enggak normal sebelum pertamax turun harga,enggak normal pertamax turun harga
2078260861244993833,Fri Jul 17 23:29:36 +0000 2026,chocomochi🐾,maharanisvt_,"@tanyarlfes Iya nder di sumatera kmrn aku naik bis nyari solar susah bgt, sekalinya ada pom antrian panjang ngekor bgt sampe berjam2 disitu bahkan ada yg nginep jg. Pas aku sampe jawa ya hampir sama bedanya ini pertalite antrian panjang bgt, sampe buru2 akhirnya ngisi pertamax",iya nder di sumatera kmrn aku naik bis nyari solar susah bgt sekalinya ada pom antrian panjang ngekor bgt sampe berjam disitu bahkan ada yg nginep jg pas aku sampe jawa ya hampir sama bedanya ini pertalite antrian panjang bgt sampe buru akhirnya ngisi pertamax,iya nder di sumatera kemarin aku naik bis mencari solar susah banget sekalinya ada pom antrian panjang ngekor banget sampai berjam disitu bahkan ada yang nginep juga pas aku sampai jawa ya hampir sama bedanya ini pertalite antrian panjang banget sampai buru akhirnya ngisi pertamax,iya nder sumatera kemarin aku naik bis cari solar susah banget sekali pom antri panjang ngekor banget jam situ bahkan nginep pas aku jawa hampir sama beda pertalite antri panjang banget buru akhir ngisi pertamax
2078248983122874630,Fri Jul 17 22:42:24 +0000 2026,Daeng Sampara 2,nasranmaarif963,@tekarok007 Morowali gas melon 3 kilo masih diangka 120.000... pertalite setengah botol 15.000 padahal perasaan yg naik pertamax dah....,morowali gas melon kilo masih diangka pertalite setengah botol padahal perasaan yg naik pertamax dah,morowali gas melon kilo masih diangka pertalite setengah botol padahal perasaan yang naik pertamax deh,morowali gas melon kilo angka pertalite tengah botol padahal asa naik pertamax
2078247093966361070,Fri Jul 17 22:34:53 +0000 2026,Kylo Ren(dra),renkyloren28,"Pertamax naik jadi 16.250 beneran berasa anjirr. Motor beat klo lgi kerja biasa ngisi 20rb udh dapet 1,5 ltr awet smpe H+1, skrg 25rb baru dapet 1,5 ltr. Motor satu lagi tangki lebih gede 5 ltr isi ron 92 full bisa 80 ribuan, untung jarang dipake😭",pertamax naik jadi beneran berasa anjirr motor beat klo lgi kerja biasa ngisi rb udh dapet ltr awet smpe h skrg rb baru dapet ltr motor satu lagi tangki lebih gede ltr isi ron full bisa ribuan untung jarang dipake,pertamax naik jadi benaran berasa anjir motor beat kalo lagi kerja biasa ngisi ribu sudah dapat ltr awet sampai h sekarang ribu baru dapat ltr motor satu lagi tangki lebih gede ltr isi ron full bisa ribuan untung jarang dipakai,pertamax naik jadi benar asa anjir motor beat kerja biasa ngisi ribu ltr awet h sekarang ribu baru ltr motor satu tangki lebih gede ltr isi ron full ribu untung jarang pakai
2078241424869630439,Fri Jul 17 22:12:22 +0000 2026,Muji Afianto,MujiAfianto,"Gue langganan Pertamax
Sejak harga Pertamax naik, perasaan kayak boros banget
Padahal pemakaian normal
😡🤯",gue langganan pertamax sejak harga pertamax naik perasaan kayak boros banget padahal pemakaian normal,gue langganan pertamax sejak harga pertamax naik perasaan kayak boros banget padahal pemakaian normal,gue langgan pertamax sejak harga pertamax naik asa kayak boros banget padahal pakai normal
2078177890248913107,Fri Jul 17 17:59:54 +0000 2026,annie 𓅮,bebekhermes,@limttel wkwkw dulu pas belom naik pertamax aku sering beli by tapi pas naik pertamax dan harga ayam jdi mikir😭😭🤣🙏🏻,wkwkw dulu pas belom naik pertamax aku sering beli by tapi pas naik pertamax dan harga ayam jdi mikir,wkwkw dulu pas belum naik pertamax aku sering beli by tapi pas naik pertamax dan harga ayam jadi mikir,wkwkw dulu pas naik pertamax aku sering beli by pas naik pertamax harga ayam jadi mikir
2078140089448931483,Fri Jul 17 15:29:41 +0000 2026,Lulusan Segar,sipalingbacot,"@Jateng_Twit di spbu gua biasa ngisi emg terjadi shifting sih, dulu sblm pertamax naik, yg ngantri pertamax banyak dan pertalite lebih banyak, skrg yg ngisi pertamax sepi tapi pertalite lebih banyak dari sebelumnya",di spbu gua biasa ngisi emg terjadi shifting sih dulu sblm pertamax naik yg ngantri pertamax banyak dan pertalite lebih banyak skrg yg ngisi pertamax sepi tapi pertalite lebih banyak dari sebelumnya,di spbu gua biasa ngisi memang terjadi shifting sih dulu sebelum pertamax naik yang mengantri pertamax banyak dan pertalite lebih banyak sekarang yang ngisi pertamax sepi tapi pertalite lebih banyak dari sebelumnya,spbu gua biasa ngisi memang jadi shifting dulu pertamax naik antri pertamax banyak pertalite lebih banyak sekarang ngisi pertamax sepi pertalite lebih banyak belum
2078135781126988099,Fri Jul 17 15:12:34 +0000 2026,al,b1ancasbf,"“Pertalite sedang dalam perjalanan.” That’s fucking crazy. Pertamax naik, orang-orang pakai Pertalite, Pertalite langka, Pertamax opsi terakhir (mau gak mau), mitra untung, eceran untung 👍🏻.",pertalite sedang dalam perjalanan that s fucking crazy pertamax naik orang orang pakai pertalite pertalite langka pertamax opsi terakhir mau gak mau mitra untung eceran untung,pertalite sedang dalam perjalanan that si fucking crazy pertamax naik orang orang pakai pertalite pertalite langka pertamax opsi terakhir mau enggak mau mitra untung eceran untung,pertalite sedang jalan that si fucking crazy pertamax naik orang orang pakai pertalite pertalite langka pertamax opsi akhir mau enggak mau mitra untung ecer untung
2078129757850648946,Fri Jul 17 14:48:38 +0000 2026,SmwGwOto,SmwGwOto,"Memasuki pekan ketiga Juli, harga Pertalite, Pertamax, dan Solar masih mengacu pada penyesuaian yang berlaku sejak awal bulan, sehingga belum ada kenaikan maupun penurunan harga baru.",memasuki pekan ketiga juli harga pertalite pertamax dan solar masih mengacu pada penyesuaian yang berlaku sejak awal bulan sehingga belum ada kenaikan maupun penurunan harga baru,memasuki pekan ketiga juli harga pertalite pertamax dan solar masih mengacu pada penyesuaian yang berlaku sejak awal bulan sehingga belum ada kenaikan maupun penurunan harga baru,pasuk pekan tiga juli harga pertalite pertamax solar acu sesuai laku sejak awal bulan naik maupun turun harga baru
2078117225849061486,Fri Jul 17 13:58:50 +0000 2026,BUAYABARAT,SARANGBUAYAZ,"Malaysia Klaim Bensin RON 95 Lebih Murah dari Arab Saudi, Begini Penjelasannya

Harga bahan bakar di Malaysia kembali menjadi sorotan setelah beredar informasi bahwa bensin RON 95 di negeri jiran dijual sekitar 1,99 ringgit per liter, atau setara sekitar Rp8.800 per liter https://t.co/I11azmr1nK",malaysia klaim bensin ron lebih murah dari arab saudi begini penjelasannya harga bahan bakar di malaysia kembali menjadi sorotan setelah beredar informasi bahwa bensin ron di negeri jiran dijual sekitar ringgit per liter atau setara sekitar rp per liter,malaysia klaim bensin ron lebih murah dari arab saudi begini penjelasannya harga bahan bakar di malaysia kembali menjadi sorotan setelah beredar informasi bahwa bensin ron di negeri jiran dijual sekitar ringgit per liter atau setara sekitar rp per liter,malaysia klaim bensin ron lebih murah arab saudi begini jelas harga bahan bakar malaysia jadi sorot edar informasi bensin ron negeri jiran jual ringgit per liter tara rp per liter
2078104116505743411,Fri Jul 17 13:06:45 +0000 2026,Buddhis Garis Lucu (centang biru),BuddhisGL,"@lindalindu14 Odol jadi sebutan pasta gigi karena muncul dari masyarakat. Ga mungkin dari produsen mau menyatakan merek mereka dengan sebutan odol

Patin fillet disebut dori oleh yang jual supaya bisa ngangkat harga,
Kenapa mereka ga sebut patin fillet sejak awal?

Kasus odol karena persepsi",odol jadi sebutan pasta gigi karena muncul dari masyarakat ga mungkin dari produsen mau menyatakan merek mereka dengan sebutan odol patin fillet disebut dori oleh yang jual supaya bisa ngangkat harga kenapa mereka ga sebut patin fillet sejak awal kasus odol karena persepsi,odol jadi sebutan pasta gigi karena muncul dari masyarakat enggak mungkin dari produsen mau menyatakan merek mereka dengan sebutan odol patin fillet disebut dori oleh yang jual supaya bisa ngangkat harga kenapa mereka enggak sebut patin fillet sejak awal kasus odol karena persepsi,odol jadi sebut pasta gigi muncul masyarakat enggak mungkin produsen mau nyata merek sebut odol patin fillet sebut dor jual ngangkat harga enggak sebut patin fillet sejak awal kasus odol persepsi
2078081068050337839,Fri Jul 17 11:35:10 +0000 2026,MAD*,suka2diriku,resmi terdampak harga pertamax https://t.co/tXrSqJtJDl,resmi terdampak harga pertamax,resmi terdampak harga pertamax,resmi dampak harga pertamax
2078066265734906136,Fri Jul 17 10:36:21 +0000 2026,The Fool Insight,foolinsights,"Tanggal 8 November 2023 Pak Prabowo berbicara soal berbagai subsidi termasuk pendidikan, layanan kesehatan dan BBM di forum CNBC. 

Beliau ngomong dengan sangat percaya diri seolah-olah memberikan harapan bagi rakyat. Tapi, sampai saat ini keadaan negara justru makin parah dan https://t.co/hKqgUD05xa",tanggal november pak prabowo berbicara soal berbagai subsidi termasuk pendidikan layanan kesehatan dan bbm di forum cnbc beliau ngomong dengan sangat percaya diri seolah olah memberikan harapan bagi rakyat tapi sampai saat ini keadaan negara justru makin parah dan,tanggal november pak prabowo berbicara soal berbagai subsidi termasuk pendidikan layanan kesehatan dan bbm di forum cnbc beliau mengomong dengan sangat percaya diri seolah olah memberikan harapan bagi rakyat tapi sampai saat ini keadaan negara justru makin parah dan,tanggal november pak prabowo bicara soal bagai subsidi masuk didik layan sehat bbm forum cnbc beliau omong sangat percaya diri olah beri harap rakyat ada negara justru makin parah
2078056049450582040,Fri Jul 17 09:55:45 +0000 2026,Bass𓆡,abcdefvck_0,"Kabarnya kalo pertamax naik,
Kalo kabar kamu gimana??",kabarnya kalo pertamax naik kalo kabar kamu gimana,kabarnya kalo pertamax naik kalo kabar kamu bagaimana,kabar pertamax naik kabar kamu bagaimana
2078037992615145950,Fri Jul 17 08:44:00 +0000 2026,🦄,auroaroraa,"POV kamu warga kota minyak tapi harus menghabiskan 1 podcast Raditya Dika alias satu jam buat antri isi pertalite.
Semenjak pertamax naik antrian pertalite di SPBU makin gak masuk akal mau motor atau mobil. :"""""" https://t.co/fSIkRT5Qek",pov kamu warga kota minyak tapi harus menghabiskan podcast raditya dika alias satu jam buat antri isi pertalite semenjak pertamax naik antrian pertalite di spbu makin gak masuk akal mau motor atau mobil,pov kamu warga kota minyak tapi harus menghabiskan podcast raditya dika alias satu jam buat antri isi pertalite semenjak pertamax naik antrian pertalite di spbu makin enggak masuk akal mau motor atau mobil,pov kamu warga kota minyak habis podcast raditya dika alias satu jam buat antri isi pertalite semenjak pertamax naik antri pertalite spbu makin enggak masuk akal mau motor mobil
2078013715543433260,Fri Jul 17 07:07:32 +0000 2026,RAF,adxraboy,"mana ada kemaren komen seorang influenser tolol
""demo demo karena pertamax naik, kaya make pertamax aja""",mana ada kemaren komen seorang influenser tolol demo demo karena pertamax naik kaya make pertamax aja,mana ada kemarin komen seorang influenser tolol demo demo karena pertamax naik kayak memakai pertamax saja,mana kemarin komen orang influenser tolol demo demo pertamax naik kayak pakai pertamax
2078012093438341128,Fri Jul 17 07:01:05 +0000 2026,‏ً,liverpyul,"same goes to girlies who said that they like jude or szobo or siapapun deh, kayak biarin aja ga sih??? emang harga pertamax bakal turun kalo lu perangin hal remeh kayak gini? julid aja dah",same goes to girlies who said that they like jude or szobo or siapapun deh kayak biarin aja ga sih emang harga pertamax bakal turun kalo lu perangin hal remeh kayak gini julid aja dah,same goes tapi girlies who said that they like jude orang szobo orang siapapun deh kayak biarkan saja enggak sih memang harga pertamax bakal turun kalo lu perangin hal remeh kayak begini julid saja deh,same goes girlies who said that they like jude orang szobo orang siapa kayak biar enggak memang harga pertamax bakal turun lu perangin remeh kayak begini julid
2077998669220200753,Fri Jul 17 06:07:44 +0000 2026,Embun Pagi💧💧,_riverheaven,@Roebanie Antri pertalite...sejak kebaikan Pertamax ganti harga pemandangan seperti ini kerap terjadi,antri pertalite sejak kebaikan pertamax ganti harga pemandangan seperti ini kerap terjadi,antri pertalite sejak kebaikan pertamax ganti harga pemandangan seperti ini kerap terjadi,antri pertalite sejak baik pertamax ganti harga pandang kerap jadi
2077991867225170088,Fri Jul 17 05:40:43 +0000 2026,Luxqyy,luxxxqy,@duta_crypto Real bang dut. Disini harga Pertalite eceran 15rb Pertamax. 20-25rb per liter.,real bang dut disini harga pertalite eceran rb pertamax rb per liter,real bang dut disini harga pertalite eceran ribu pertamax ribu per liter,real bang dut sini harga pertalite ecer ribu pertamax ribu per liter
2077987791011742192,Fri Jul 17 05:24:31 +0000 2026,Mamat Beceng,mamangkabilator,"@Heraloebss Tapi kalo dipelosok masih ada pertalite gara2 mereka, rakyat juga sih yg terbantu. Bayangkan harga pertamax di pelosok itu jadi harga brp? Ini pendapat pribadi ya",tapi kalo dipelosok masih ada pertalite gara mereka rakyat juga sih yg terbantu bayangkan harga pertamax di pelosok itu jadi harga brp ini pendapat pribadi ya,tapi kalo dipelosok masih ada pertalite gara mereka rakyat juga sih yang terbantu bayangkan harga pertamax di pelosok itu jadi harga berapa ini pendapat pribadi ya,pelosok pertalite gara rakyat bantu bayang harga pertamax pelosok jadi harga berapa dapat pribadi
2077986296325107984,Fri Jul 17 05:18:34 +0000 2026,Sendi Sina,nadiemin,"@pecintareybahan iya, naik dikit aja masih lebih murah dari Pertamax kita. beda jauh",iya naik dikit aja masih lebih murah dari pertamax kita beda jauh,iya naik dikit saja masih lebih murah dari pertamax kita beda jauh,iya naik dikit lebih murah pertamax beda jauh
2077974932542341618,Fri Jul 17 04:33:25 +0000 2026,pecintarebahan,pecintareybahan,"BREAKING: BBM Malaysia Naik, tapi RON 95 Tetap Lebih Murah dari Pertamax

Pemerintah Malaysia kembali menyesuaikan harga BBM non-subsidi untuk pekan ini. Meski mengalami kenaikan, harga bensin RON 95 di Malaysia masih lebih murah dibanding Pertamax (RON 92) di Indonesia. Harga",breaking bbm malaysia naik tapi ron tetap lebih murah dari pertamax pemerintah malaysia kembali menyesuaikan harga bbm non subsidi untuk pekan ini meski mengalami kenaikan harga bensin ron di malaysia masih lebih murah dibanding pertamax ron di indonesia harga,breaking bbm malaysia naik tapi ron tetap lebih murah dari pertamax pemerintah malaysia kembali menyesuaikan harga bbm non subsidi untuk pekan ini meski mengalami kenaikan harga bensin ron di malaysia masih lebih murah dibanding pertamax ron di indonesia harga,breaking bbm malaysia naik ron tetap lebih murah pertamax perintah malaysia sesuai harga bbm non subsidi pekan meski alami naik harga bensin ron malaysia lebih murah banding pertamax ron indonesia harga
2077965797901697338,Fri Jul 17 03:57:07 +0000 2026,Kompas.com,kompascom,"Baca di sini: https://t.co/usNROcdAHH 

PT Pertamina Patra Niaga mengungkap terjadinya perubahan pola konsumsi masyarakat dari BBM non-subsidi ke subsidi. Konsumsi Pertamax series tercatat naik 18 persen sejak dilakukan penyesuaian harga BBM non-subsidi.

~KR #PolaKonsumsiBBM https://t.co/dQArBvfo5i",baca di sini pt pertamina patra niaga mengungkap terjadinya perubahan pola konsumsi masyarakat dari bbm non subsidi ke subsidi konsumsi pertamax series tercatat naik persen sejak dilakukan penyesuaian harga bbm non subsidi kr,baca di sini pt pertamina patra niaga mengungkap terjadinya perubahan pola konsumsi masyarakat dari bbm non subsidi ke subsidi konsumsi pertamax series tercatat naik persen sejak dilakukan penyesuaian harga bbm non subsidi kira,baca sini pt pertamina patra niaga ungkap jadi ubah pola konsumsi masyarakat bbm non subsidi subsidi konsumsi pertamax series catat naik persen sejak laku sesuai harga bbm non subsidi kira
2077962610775847015,Fri Jul 17 03:44:27 +0000 2026,gom,WidyawatiPuji,"@KarunaNilamm @Heraloebss Nah benar, semenjak ngekos dideket spbu meski sll antri panjang &amp; sering habis tp rasanya lbh mudah daripada pas didesa jrg bisa pake pertalite &amp; harga pertamax udah 20k lbh, krn desaku ke spbu 30km, itu udh termasuk dekat malahan",nah benar semenjak ngekos dideket spbu meski sll antri panjang amp sering habis tp rasanya lbh mudah daripada pas didesa jrg bisa pake pertalite amp harga pertamax udah k lbh krn desaku ke spbu km itu udh termasuk dekat malahan,nah benar semenjak ngekos dideket spbu meski selalu antri panjang amp sering habis tapi rasanya lebih mudah daripada pas didesa jrg bisa pakai pertalite amp harga pertamax sudah ke lebih karena desaku ke spbu kamu itu sudah termasuk dekat malahan,nah benar semenjak ngekos dideket spbu meski selalu antri panjang sering habis rasa lebih mudah pas desa jrg pakai pertalite harga pertamax lebih desa spbu kamu masuk dekat malah
2077959997137506335,Fri Jul 17 03:34:04 +0000 2026,Farid,faridraje,"@StefanAntonio__ Bagaimana dg yg tertulis di nota pembelian pertalite di pertamina, harga pertalite lebih tinggi dr pertamax seblm disubsidi?",bagaimana dg yg tertulis di nota pembelian pertalite di pertamina harga pertalite lebih tinggi dr pertamax seblm disubsidi,bagaimana dengan yang tertulis di nota pembelian pertalite di pertamina harga pertalite lebih tinggi dari pertamax seblm disubsidi,bagaimana tulis nota beli pertalite pertamina harga pertalite lebih tinggi pertamax seblm subsidi
2077944042714026219,Fri Jul 17 02:30:40 +0000 2026,Bandar Baru,bandarbaru_1,"dan ini adalah domino effect: orang beralih ke Pertalite akibat tarif BBM non-subsidi (Pertamax, dst.) naik dan makin mahal, sementara ekonomi dan pendapatan masyarakat gitu-gitu aja tidak ada kenaikan signifikan, dan situasi ekonomi semakin mencekek mereka.",dan ini adalah domino effect orang beralih ke pertalite akibat tarif bbm non subsidi pertamax dst naik dan makin mahal sementara ekonomi dan pendapatan masyarakat gitu gitu aja tidak ada kenaikan signifikan dan situasi ekonomi semakin mencekek mereka,dan ini adalah domino effect orang beralih ke pertalite akibat tarif bbm non subsidi pertamax dst naik dan makin mahal sementara ekonomi dan pendapatan masyarakat begitu begitu saja tidak ada kenaikan signifikan dan situasi ekonomi semakin mencekek mereka,domino effect orang alih pertalite akibat tarif bbm non subsidi pertamax naik makin mahal ekonomi dapat masyarakat naik signifikan situasi ekonomi makin cekek
2077931241933099231,Fri Jul 17 01:39:48 +0000 2026,Kevin Geraldhy,GerraldKevin,@konoholicx Semenjak Pertamax naik sih jd rame ni SPBU,semenjak pertamax naik sih jd rame ni spbu,semenjak pertamax naik sih jadi rame nih spbu,semenjak pertamax naik jadi rame nih spbu
2077914953458307255,Fri Jul 17 00:35:05 +0000 2026,Kursi Pojok Atas,kursipojokatas,"@LambeSahamjja Dibilang panic buying, padahal banyak orang cuma kabur dari harga Pertamax yang makin ga napak tanah. Dompet menjerit, Pertalite jadi pelabuhan terakhir",dibilang panic buying padahal banyak orang cuma kabur dari harga pertamax yang makin ga napak tanah dompet menjerit pertalite jadi pelabuhan terakhir,dibilang panic buying padahal banyak orang cuma kabur dari harga pertamax yang makin enggak napak tanah dompet menjerit pertalite jadi pelabuhan terakhir,bilang panic buying padahal banyak orang cuma kabur harga pertamax makin enggak napak tanah dompet jerit pertalite jadi labuh akhir
2077887249518096712,Thu Jul 16 22:45:00 +0000 2026,Cek Beritanya,Cekberitanya,"Benarkah pertamax turun jadi Rp10.500 per liter??

Faktanya, Menteri ESDM tidak pernah mengumumkan penurunan harga Pertamax. Hingga kini, Pertamina Patra Niaga belum merilis harga BBM nonsubsidi terbaru.

Baca selengkapnya:
https://t.co/BBQ6jNRWGS https://t.co/twFES5oFdE",benarkah pertamax turun jadi rp per liter faktanya menteri esdm tidak pernah mengumumkan penurunan harga pertamax hingga kini pertamina patra niaga belum merilis harga bbm nonsubsidi terbaru baca selengkapnya,benarkah pertamax turun jadi rp per liter faktanya menteri esdm tidak pernah mengumumkan penurunan harga pertamax hingga kini pertamina patra niaga belum merilis harga bbm nonsubsidi terbaru baca selengkapnya,benar pertamax turun jadi rp per liter fakta menteri esdm pernah umum turun harga pertamax hingga kini pertamina patra niaga rilis harga bbm nonsubsidi baru baca lengkap
2077883427542716889,Thu Jul 16 22:29:48 +0000 2026,istrinya suami,5Disayanginjun,"in this economy, dimana harga pertamax naik, worth it ga ya dari Pati ke Dieng motoran?? 
pls ingin melihat salju",in this economy dimana harga pertamax naik worth it ga ya dari pati ke dieng motoran pls ingin melihat salju,ini this economy dimana harga pertamax naik worth itu enggak ya dari pati ke dieng motoran pls ingin melihat salju,this economy harga pertamax naik worth enggak pati dieng motor pls lihat salju
2077807989797605686,Thu Jul 16 17:30:03 +0000 2026,Ian elaelo,nyangtyunnie,komuk yjh kyk abis liat harga Pertamax,komuk yjh kyk abis liat harga pertamax,muka yjh kayak habis lihat harga pertamax,muka yjh kayak habis lihat harga pertamax
2077798139835105546,Thu Jul 16 16:50:54 +0000 2026,Harian Jogja,Harian_Jogja,Penjualan Pertamax Anjlok 18 Persen Seusai Harga BBM Naik https://t.co/gucbdvVwqj,penjualan pertamax anjlok persen seusai harga bbm naik,penjualan pertamax anjlok persen seusai harga bbm naik,jual pertamax anjlok persen usai harga bbm naik
2077788916472828010,Thu Jul 16 16:14:15 +0000 2026,융 ☽̶☾ 🌻🍒,loey_yoong,"Sudah dibilang lagu mbg lagu kiamat, my little bolu ketan my ass. 
Sampe hari ni antrian bbm masih panjang bahkan pertamax pun. Di pertamibi pertalite sampe harga 18rb/l ngalahin pertamax",sudah dibilang lagu mbg lagu kiamat my little bolu ketan my ass sampe hari ni antrian bbm masih panjang bahkan pertamax pun di pertamibi pertalite sampe harga rb l ngalahin pertamax,sudah dibilang lagu mbak lagu kiamat my little bolu ketan my ass sampai hari nih antrian bbm masih panjang bahkan pertamax pun di pertamibi pertalite sampai harga ribu l mengalahkan pertamax,bilang lagu mbak lagu kiamat my little bolu ketan my ass hari nih antri bbm panjang bahkan pertamax pertamibi pertalite harga ribu l kalah pertamax
2077774906658611350,Thu Jul 16 15:18:35 +0000 2026,tia 🌙⋆⁺⋆fuma's black hair⋆⁺⋆,muratatafuma,"@silvravile + kalo 16k itu harga pertamax
kalo 18k itu satu dollar🙂‍↔️🙂‍↔️",kalo k itu harga pertamax kalo k itu satu dollar,kalo ke itu harga pertamax kalo ke itu satu dollar,harga pertamax satu dollar
2077752566285566321,Thu Jul 16 13:49:49 +0000 2026,Panggil aja || Mas Steff,StefanAntonio__,".
.
Gua kalau Pemerintah bilang stok 15 hari ..
Otak gua langsung kasi Diskon paling banter stok cuma bisa 10 hari

Ini Antrian Pertalite udah makin panjang itu bukan cuma di Sumatra ya Om Bolu Ketan ..

SPBU Pertamina di Jakarta juga udah makin mengular antrian Pertalitenya .. https://t.co/D6dmxpiZsb",gua kalau pemerintah bilang stok hari otak gua langsung kasi diskon paling banter stok cuma bisa hari ini antrian pertalite udah makin panjang itu bukan cuma di sumatra ya om bolu ketan spbu pertamina di jakarta juga udah makin mengular antrian pertalitenya,gua kalau pemerintah bilang stok hari otak gua langsung kasih diskon paling banter stok cuma bisa hari ini antrian pertalite sudah makin panjang itu bukan cuma di sumatra ya om bolu ketan spbu pertamina di jakarta juga sudah makin mengular antrian pertalitenya,gua kalau perintah bilang stok hari otak gua langsung kasih diskon paling banter stok cuma hari antri pertalite makin panjang bukan cuma sumatra om bolu ketan spbu pertamina jakarta makin ular antri pertalitenya
2077751898002874769,Thu Jul 16 13:47:09 +0000 2026,aca,nasimaduu,"balikin harga pertamax kyk sebelumnya, biasanya gw isi 50k masih ada kembalian dah full tank eehh ini 50k ga full hdeehhhh males",balikin harga pertamax kyk sebelumnya biasanya gw isi k masih ada kembalian dah full tank eehh ini k ga full hdeehhhh males,balikin harga pertamax kayak sebelumnya biasanya gue isi ke masih ada kembalian deh full tank eehh ini ke enggak full hdeehhhh malas,balikin harga pertamax kayak belum biasa gue isi kembali full tank eehh enggak full hdeehhhh malas
2077730083855630615,Thu Jul 16 12:20:29 +0000 2026,Trend Asia,TrendAsia_Org,"Sadar nggak sih, tiap kali ada kebijakan atau pidato jayen yang bikin kita keblinger, timeline malah penuh meme?

Harga Pertamax naik? Meme.
Pejabat ngomong “ndasmu”? Meme.
Pelatihan militer buat jaga toko? Meme
Aturan baru bikin pusing? Meme.

Bahkan kadang, sebelum media https://t.co/lkoCvcvb0v",sadar nggak sih tiap kali ada kebijakan atau pidato jayen yang bikin kita keblinger timeline malah penuh meme harga pertamax naik meme pejabat ngomong ndasmu meme pelatihan militer buat jaga toko meme aturan baru bikin pusing meme bahkan kadang sebelum media,sadar enggak sih tiap kali ada kebijakan atau pidato jayen yang bikin kita keblinger timeline malah penuh meme harga pertamax naik meme pejabat mengomong ndasmu meme pelatihan militer buat jaga toko meme aturan baru bikin pusing meme bahkan kadang sebelum media,sadar enggak tiap kali bijak pidato jayen bikin keblinger timeline malah penuh meme harga pertamax naik meme jabat omong ndasmu meme latih militer buat jaga toko meme atur baru bikin pusing meme bahkan kadang media
2077727700333343093,Thu Jul 16 12:11:00 +0000 2026,Veritas Research,VeritasRsc,"IRAN THREATENS SECOND GLOBAL ENERGY CHOKEPOINT

Ancaman Hormuz Jilid Dua di Bab el-Mandeb — Aman Nggak Sih Indonesia?

Iran dilaporkan udah nyuruh Houthi di Yaman siap-siap tutup Bab el-Mandeb kalau AS terus nyerang infrastruktur Iran — artinya dua jalur ekspor minyak utama Timur",iran threatens second global energy chokepoint ancaman hormuz jilid dua di bab el mandeb aman nggak sih indonesia iran dilaporkan udah nyuruh houthi di yaman siap siap tutup bab el mandeb kalau as terus nyerang infrastruktur iran artinya dua jalur ekspor minyak utama timur,iran threatens second global energy chokepoint ancaman hormuz jilid dua di bab el mandeb aman enggak sih indonesia iran dilaporkan sudah nyuruh houthi di yaman siap siap tutup bab el mandeb kalau as terus menyerang infrastruktur iran artinya dua jalur ekspor minyak utama timur,iran threatens second global energy chokepoint ancam hormuz jilid bab el mandeb aman enggak indonesia iran lapor nyuruh houthi yaman siap siap tutup bab el mandeb kalau as terus serang infrastruktur iran arti jalur ekspor minyak utama timur
2077727199206293942,Thu Jul 16 12:09:01 +0000 2026,aya🍀,syashana,@Novit_aa Ya gimana ya kak semua ini salah pemerintah gara2 pertamax naik ya semua ke pertalite😭,ya gimana ya kak semua ini salah pemerintah gara pertamax naik ya semua ke pertalite,ya bagaimana ya kak semua ini salah pemerintah gara pertamax naik ya semua ke pertalite,bagaimana kak semua salah perintah gara pertamax naik semua pertalite
2077726580626075922,Thu Jul 16 12:06:33 +0000 2026,Maxime,gagitutem,@kalistohenituse Mana yang bilang “yang naik kan pertamax. Ga bakal ngaruh ke kehidupan kita orang biasa” pengen gua toyor pala nya pake kapak,mana yang bilang yang naik kan pertamax ga bakal ngaruh ke kehidupan kita orang biasa pengen gua toyor pala nya pake kapak,mana yang bilang yang naik kan pertamax enggak bakal ngaruh ke kehidupan kita orang biasa pengin gua toyor kepala nya pakai kapak,mana bilang naik kan pertamax enggak bakal ngaruh hidup orang biasa pengin gua toyor kepala nya pakai kapak
2077724221946601575,Thu Jul 16 11:57:11 +0000 2026,murau,Vanadiagfrn,@txtdrimedia Makan noh yang ngebandingin harga pertamax sama bensin di luar negeri waktu kenaikan harga kmrn.. bela terus junjungan lo yang payah itu,makan noh yang ngebandingin harga pertamax sama bensin di luar negeri waktu kenaikan harga kmrn bela terus junjungan lo yang payah itu,makan noh yang ngebandingin harga pertamax sama bensin di luar negeri waktu kenaikan harga kemarin bela terus junjungan lo yang payah itu,makan noh ngebandingin harga pertamax sama bensin luar negeri waktu naik harga kemarin bela terus junjung lo payah
2077718217460760973,Thu Jul 16 11:33:19 +0000 2026,damnimuraw🍉,whypagung,@txtdrimedia Diantara mereka ada yang bilang “pertamax cuman naik 4ribu aja koar koar” ga ya?,diantara mereka ada yang bilang pertamax cuman naik ribu aja koar koar ga ya,diantara mereka ada yang bilang pertamax cuman naik ribu saja koar koar enggak ya,antara bilang pertamax cuman naik ribu koar koar enggak
2077705548099924191,Thu Jul 16 10:42:59 +0000 2026,SaadillahAkbar,akb2703,"@Prg_rizkayy @thejurgenholic Si jerigen yang bikin pertamax naik, gebukin aja lah dia",si jerigen yang bikin pertamax naik gebukin aja lah dia,sih jerigen yang bikin pertamax naik gebukin saja lah dia,jerigen bikin pertamax naik gebukin lah
2077699590145605693,Thu Jul 16 10:19:18 +0000 2026,Chris,ChrisGrat14,"Klo Iran ngambek, harga pertamax ga turun setahun keknya.",klo iran ngambek harga pertamax ga turun setahun keknya,kalo iran mengambek harga pertamax enggak turun setahun kayaknya,iran ambek harga pertamax enggak turun tahun kayak
2077658906457997638,Thu Jul 16 07:37:38 +0000 2026,Kompas Otomotif,KompasOtomotif,"Meski belum berdampak besar, Mazda mengakui kenaikan harga Pertamax memengaruhi psikologis sebagian calon konsumennya. https://t.co/HGLbVVIWaJ",meski belum berdampak besar mazda mengakui kenaikan harga pertamax memengaruhi psikologis sebagian calon konsumennya,meski belum berdampak besar mazda mengakui kenaikan harga pertamax memengaruhi psikologis sebagian calon konsumennya,meski dampak besar mazda aku naik harga pertamax pengaruh psikologis bagi calon konsumen
2077656091954139300,Thu Jul 16 07:26:27 +0000 2026,Nunaaa ❤️🖤,semurbetawi_,"Pemandangan yg biasa di Kalimantan wkwkwk.. Ini buat nimbun atau dijual lagi, jd buat yg umum sering bgt ga kebagian. Jd mau ga mau beli di mereka yg jual dieceran, harga pertalite seliter 16rb, pertamax 19-20rb 😂",pemandangan yg biasa di kalimantan wkwkwk ini buat nimbun atau dijual lagi jd buat yg umum sering bgt ga kebagian jd mau ga mau beli di mereka yg jual dieceran harga pertalite seliter rb pertamax rb,pemandangan yang biasa di kalimantan wkwkwk ini buat nimbun atau dijual lagi jadi buat yang umum sering banget enggak kebagian jadi mau enggak mau beli di mereka yang jual dieceran harga pertalite seliter ribu pertamax ribu,pandang biasa kalimantan wkwkwk buat nimbun jual jadi buat umum sering banget enggak bagi jadi mau enggak mau beli jual ecer harga pertalite liter ribu pertamax ribu
2077647493073137944,Thu Jul 16 06:52:17 +0000 2026,Imad,Imade_kun,"Tolong buat pihak @pertamina tolong di cek SPBU Pondok Bambu 34.134.02 takarannya ga sesuai dengan apa yang keluar.

Saya udah 4x beli di sana Pertamax dengan harga Rp30.000 dan isi nya ga sesuai. Beda sama SPBU Pertamina Jatiwaringin 34.13.603 yang takarannya jauh lebih baik.",tolong buat pihak tolong di cek spbu pondok bambu takarannya ga sesuai dengan apa yang keluar saya udah x beli di sana pertamax dengan harga rp dan isi nya ga sesuai beda sama spbu pertamina jatiwaringin yang takarannya jauh lebih baik,tolong buat pihak tolong di cek spbu pondok bambu takarannya enggak sesuai dengan apa yang keluar saya sudah kali beli di sana pertamax dengan harga rp dan isi nya enggak sesuai beda sama spbu pertamina jatiwaringin yang takarannya jauh lebih baik,buat pihak cek spbu pondok bambu takar enggak sesuai apa keluar kali beli sana pertamax harga rp isi nya enggak sesuai beda sama spbu pertamina jatiwaringin takar jauh lebih baik
2077637066087866418,Thu Jul 16 06:10:51 +0000 2026,keke.,cattokeke,@txtdrimedia akun yg kmrn bilang demo harga pertamax naik itu belain org kaya mana ya????? pgn say hi aja sih,akun yg kmrn bilang demo harga pertamax naik itu belain org kaya mana ya pgn say hi aja sih,akun yang kemarin bilang demo harga pertamax naik itu membela orang kayak mana ya pengin sayang hi saja sih,akun kemarin bilang demo harga pertamax naik bela orang kayak mana pengin sayang hi
2077621772338462930,Thu Jul 16 05:10:05 +0000 2026,Pandekaminang,Pandekaminang49,@NenkMonica BuzzeRp bego bilang yg naik pertamax ga ngaruh ke pertalite. Pemikiran mereka mana nyampe.,buzzerp bego bilang yg naik pertamax ga ngaruh ke pertalite pemikiran mereka mana nyampe,buzzerp bego bilang yang naik pertamax enggak ngaruh ke pertalite pemikiran mereka mana sampai,buzzerp bego bilang naik pertamax enggak ngaruh pertalite pikir mana
2077615145820582318,Thu Jul 16 04:43:45 +0000 2026,OKE!,DiDiDon_,"@txtdrimedia kemarin pas pertamax naik juga narasinya, ""selagi bukan pertalite yang naik gapapa, lagian juga pertamax untuk orang kaya"". ga lama dari narasi itu, kejadian. dibantuin demo, malah dikatain. yaudalah, dinyanyiin aja lagi lagu MBG nya",kemarin pas pertamax naik juga narasinya selagi bukan pertalite yang naik gapapa lagian juga pertamax untuk orang kaya ga lama dari narasi itu kejadian dibantuin demo malah dikatain yaudalah dinyanyiin aja lagi lagu mbg nya,kemarin pas pertamax naik juga narasinya selagi bukan pertalite yang naik gapapa lagian juga pertamax untuk orang kayak enggak lama dari narasi itu kejadian dibantuin demo malah dikatai yaudalah dinyanyikan saja lagi lagu mbak nya,kemarin pas pertamax naik narasi bukan pertalite naik gapapa lagi pertamax orang kayak enggak lama narasi jadi dibantuin demo malah katai yaudalah nyanyi lagu mbak nya
2077613072198549874,Thu Jul 16 04:35:31 +0000 2026,xyz,deannial_,"Isi pertamax 50rb cuman naik 4-5 strip, pertalit isi 50rb keisi full masih kembali seribu...",isi pertamax rb cuman naik strip pertalit isi rb keisi full masih kembali seribu,isi pertamax ribu cuman naik strip pertalit isi ribu keisi full masih kembali seribu,isi pertamax ribu cuman naik strip pertalit isi ribu isi full ribu
2077612073757086001,Thu Jul 16 04:31:33 +0000 2026,Helm Proyek,Innosensius_,@menbrrr Awal pertamax naik sudah diprediksi bakalan langka Pertalite. Malah langka semua sekarang. Sebenarnya pemerintah kerja apa sih?,awal pertamax naik sudah diprediksi bakalan langka pertalite malah langka semua sekarang sebenarnya pemerintah kerja apa sih,awal pertamax naik sudah diprediksi bakalan langka pertalite malah langka semua sekarang sebenarnya pemerintah kerja apa sih,awal pertamax naik prediksi bakal langka pertalite malah langka semua sekarang benar perintah kerja apa
2077609936973103198,Thu Jul 16 04:23:03 +0000 2026,Indos FC,IndosFC,@rekaarrahmat Kalau hidup mau naik terus jadi pertamax aja.. Ahahahah,kalau hidup mau naik terus jadi pertamax aja ahahahah,kalau hidup mau naik terus jadi pertamax saja ahahahah,kalau hidup mau naik terus jadi pertamax ahahahah
2077597445891256640,Thu Jul 16 03:33:25 +0000 2026,opentherain,carcadevalliora,Beneran pertamax naik trus pertalite abis ya ampun,beneran pertamax naik trus pertalite abis ya ampun,benaran pertamax naik terus pertalite habis ya ampun,benar pertamax naik terus pertalite habis ampun
2077590680667668915,Thu Jul 16 03:06:32 +0000 2026,Nejio,Nejioll,"@LambeSahamjja udah keliatan dari mereka naekin harga Pertamax, naekin jauh banget seolah olah yang beli Pertamax kategori orang punya, lama lama pertalite di bikin langka biar pada beli Pertamax, lalu pertalite di hilangin",udah keliatan dari mereka naekin harga pertamax naekin jauh banget seolah olah yang beli pertamax kategori orang punya lama lama pertalite di bikin langka biar pada beli pertamax lalu pertalite di hilangin,sudah kelihatan dari mereka naekin harga pertamax naekin jauh banget seolah olah yang beli pertamax kategori orang punya lama lama pertalite di bikin langka biar pada beli pertamax lalu pertalite di menghilangkan,lihat naekin harga pertamax naekin jauh banget olah beli pertamax kategori orang punya lama lama pertalite bikin langka biar beli pertamax lalu pertalite hilang
2077585449326120960,Thu Jul 16 02:45:45 +0000 2026,Chocomalt,ChocomaltMacha,"Ujian hidup jadi WNI:

1. Uang nyangkut di saham / cutloss
2. USDIDR 18k
3. BI Rate naik, yang dampaknya bisa ke cicilan KPR (biasanya) tapi kalau fixed rate mahhh amaannn
4. Em be ge
5. Ko-p-des
6. Pertamax naik, pertalite ngantrik bahkan ada yg kosong

Sekarang ditambah ini",ujian hidup jadi wni uang nyangkut di saham cutloss usdidr k bi rate naik yang dampaknya bisa ke cicilan kpr biasanya tapi kalau fixed rate mahhh amaannn em be ge ko p des pertamax naik pertalite ngantrik bahkan ada yg kosong sekarang ditambah ini,ujian hidup jadi wni uang nyangkut di saham cutloss usdidr ke bi rate naik yang dampaknya bisa ke cicilan kpr biasanya tapi kalau fixed rate mahhh amaannn em be ge kok p des pertamax naik pertalite ngantrik bahkan ada yang kosong sekarang ditambah ini,uji hidup jadi wni uang nyangkut saham cutloss usdidr bi rate naik dampak cicil kpr biasa kalau fixed rate mahhh amaannn em be ge p des pertamax naik pertalite ngantrik bahkan kosong sekarang tambah
2077572815700848860,Thu Jul 16 01:55:33 +0000 2026,Hari SB,harisubangkit,"@ardisatriawan sumpah stuck di angka 18 ribu gaes, rupiah gak ada harga dirinya. harga pertamax kagak turun-turun. harga telor mulai naik lagi since embege kembali beroperasi. harga ayam balik naik. yang turun cuma kepercayaan masyarakat.",sumpah stuck di angka ribu gaes rupiah gak ada harga dirinya harga pertamax kagak turun turun harga telor mulai naik lagi since embege kembali beroperasi harga ayam balik naik yang turun cuma kepercayaan masyarakat,sumpah stuck di angka ribu gaes rupiah enggak ada harga dirinya harga pertamax kagak turun turun harga telor mulai naik lagi since embege kembali beroperasi harga ayam balik naik yang turun cuma kepercayaan masyarakat,sumpah stuck angka ribu gaes rupiah enggak harga diri harga pertamax kagak turun turun harga telor mulai naik since embege operasi harga ayam balik naik turun cuma percaya masyarakat
2077556268353671249,Thu Jul 16 00:49:48 +0000 2026,DiaryTrader,WOLF_of_IHSG,"Memasuki hari ke sekian; hampir genap 1 pekan, BBM masih langka di kota Medan.

Antrian di SPBU membludak.
Semua berebut bbm khususnya pertalite.

Pagi ini situasi semakin parah.
Ternyata persoalan ini belum juga diselesaikan.

Terpantau berbagai pom mini pun terpaksa tutup; https://t.co/4eT9mRlHZD",memasuki hari ke sekian hampir genap pekan bbm masih langka di kota medan antrian di spbu membludak semua berebut bbm khususnya pertalite pagi ini situasi semakin parah ternyata persoalan ini belum juga diselesaikan terpantau berbagai pom mini pun terpaksa tutup,memasuki hari ke sekian hampir genap pekan bbm masih langka di kota medan antrian di spbu membludak semua berebut bbm khususnya pertalite pagi ini situasi semakin parah ternyata persoalan ini belum juga diselesaikan terpantau berbagai pom mini pun terpaksa tutup,pasuk hari sekian hampir genap pekan bbm langka kota medan antri spbu membludak semua rebut bbm khusus pertalite pagi situasi makin parah nyata soal selesai pantau bagai pom mini paksa tutup
2077552871739159021,Thu Jul 16 00:36:18 +0000 2026,Maria A. Alkaff,MariaAlkaff_,"Diembargo, disanksi puluhan tahun, jurnalis internasional sekaligus aktivis senior Muhammad Husein Gaza menyaksikan langsung di lokasi betapa murahnya harga BBM di Iran. 

Sc: gazaupdate 
——

Apa Konoha harus diembargo dulu supaya apa-apa jadi murah? 
Itu bensin special setara https://t.co/nd8spZcSYU",diembargo disanksi puluhan tahun jurnalis internasional sekaligus aktivis senior muhammad husein gaza menyaksikan langsung di lokasi betapa murahnya harga bbm di iran sc gazaupdate apa konoha harus diembargo dulu supaya apa apa jadi murah itu bensin special setara,diembargo disanksi puluhan tahun jurnalis internasional sekaligus aktivis senior muhammad husein gaza menyaksikan langsung di lokasi betapa murahnya harga bbm di iran sc gazaupdate apa konoha harus diembargo dulu supaya apa apa jadi murah itu bensin special setara,embargo sanksi puluh tahun jurnalis internasional sekaligus aktivis senior muhammad husein gaza saksi langsung lokasi betapa murah harga bbm iran sc gazaupdate apa konoha embargo dulu apa apa jadi murah bensin special tara
2077515337625751924,Wed Jul 15 22:07:09 +0000 2026,mil,rahello234,@hortensiahalu @naivarian Bandung  gini wkwkwk mana kl kabupaten gk ada swasta adapun tutup krn pertamax naik nya gk masuk akal,bandung gini wkwkwk mana kl kabupaten gk ada swasta adapun tutup krn pertamax naik nya gk masuk akal,bandung begini wkwkwk mana kalo kabupaten enggak ada swasta adapun tutup karena pertamax naik nya enggak masuk akal,bandung begini wkwkwk mana kabupaten enggak swasta adapun tutup pertamax naik nya enggak masuk akal
2077485822119657686,Wed Jul 15 20:09:52 +0000 2026,Hazel,Haye_SMESME,"@karirfess Skenarionya udah lama dibocorin kok:
Harga pertamax dinaikin-&gt;Pertalite dibikin langka-&gt;Rakyat dipaksa beli pertamax-&gt;Pemasukan pertamina meningkat tapi ujung-ujungnya tetep rugi karena duitnya entah kemana",skenarionya udah lama dibocorin kok harga pertamax dinaikin gt pertalite dibikin langka gt rakyat dipaksa beli pertamax gt pemasukan pertamina meningkat tapi ujung ujungnya tetep rugi karena duitnya entah kemana,skenarionya sudah lama dibocorin kok harga pertamax dinaikin begitu pertalite dibikin langka begitu rakyat dipaksa beli pertamax begitu pemasukan pertamina meningkat tapi ujung ujungnya tetap rugi karena duitnya entah kemana,skenario lama dibocorin harga pertamax dinaikin pertalite bikin langka rakyat paksa beli pertamax pasu pertamina tingkat ujung ujung tetap rugi duit entah
2077433888465719561,Wed Jul 15 16:43:30 +0000 2026,Hall,saharuuuuuuuu,"udah 4 pom/spbu yg biasa gue datengin di tangerang sini (gading serpong &amp; legok) pertalite nya pada habis busett, apakah akan mulai jadi langka ni pertalite, jadi mau ga mau pada pindah pake pertamax yg udh naik bgt ituu huftt",udah pom spbu yg biasa gue datengin di tangerang sini gading serpong amp legok pertalite nya pada habis busett apakah akan mulai jadi langka ni pertalite jadi mau ga mau pada pindah pake pertamax yg udh naik bgt ituu huftt,sudah pom spbu yang biasa gue datengin di tangerang sini gading serpong amp legok pertalite nya pada habis busett apakah akan mulai jadi langka nih pertalite jadi mau enggak mau pada pindah pakai pertamax yang sudah naik banget itu huftt,pom spbu biasa gue datengin tangerang sini gading serpong legok pertalite nya habis busett mulai jadi langka nih pertalite jadi mau enggak mau pindah pakai pertamax naik banget huftt
2077425556636016854,Wed Jul 15 16:10:24 +0000 2026,find dy/dx,ktokbolong,"@MuhadklyAcho di malaysia standard bensin oktan 92 bahkan sampe 97 aja kalah telak pak, mana roun 97 sm kyk harga pertamax kan b4b1 ya",di malaysia standard bensin oktan bahkan sampe aja kalah telak pak mana roun sm kyk harga pertamax kan bb ya,di malaysia standard bensin oktan bahkan sampai saja kalah telak pak mana roun sama kayak harga pertamax kan bb ya,malaysia standard bensin oktan bahkan kalah telak pak mana roun sama kayak harga pertamax kan bb
2077393432373539271,Wed Jul 15 14:02:45 +0000 2026,Tubagus Siswadi W,tb_siswadi,"@faizcazika Kenapa ya skrg jadi antri banget , awal awal pertamax naik kayanya ga gini",kenapa ya skrg jadi antri banget awal awal pertamax naik kayanya ga gini,kenapa ya sekarang jadi antri banget awal awal pertamax naik kayanya enggak begini,sekarang jadi antri banget awal awal pertamax naik kaya enggak begini
2077378442841202850,Wed Jul 15 13:03:11 +0000 2026,ᶜⁱᶜᵃᵍ ᵈⁱ ᴰⁱⁿᵈⁱⁿᵍ,creeping5ilence,"Melihat situasi begini, harusnya kalo.punya malu - Pejabat yg menangani ini mundur !!

Kelangkaan BBM jenis Pertalite di sejumlah SPBU Kota Medan memaksa warga mengantre hingga dini hari untuk membeli Pertamax dengan harga lebih mahal

Kelangkaan solar bersubsidi di Palembang dan https://t.co/E4qXIL4al2",melihat situasi begini harusnya kalo punya malu pejabat yg menangani ini mundur kelangkaan bbm jenis pertalite di sejumlah spbu kota medan memaksa warga mengantre hingga dini hari untuk membeli pertamax dengan harga lebih mahal kelangkaan solar bersubsidi di palembang dan,melihat situasi begini harusnya kalo punya malu pejabat yang menangani ini mundur kelangkaan bbm jenis pertalite di sejumlah spbu kota medan memaksa warga mengantre hingga dini hari untuk membeli pertamax dengan harga lebih mahal kelangkaan solar bersubsidi di palembang dan,lihat situasi begini harus punya malu jabat tangan mundur langka bbm jenis pertalite jumlah spbu kota medan paksa warga antre hingga dini hari beli pertamax harga lebih mahal langka solar subsidi palembang
2077367767397978492,Wed Jul 15 12:20:46 +0000 2026,🪼🪼 | dah daftar wisudahh,lumnisolace,"monyet Mio ku dulu full Pertamax 30/35 sekarang 50 anjriiiiiitttttt. Day 1 isi bensin, terakhir ngisi 2 hari sebelum pengumuman Pertamax naik",monyet mio ku dulu full pertamax sekarang anjriiiiiitttttt day isi bensin terakhir ngisi hari sebelum pengumuman pertamax naik,monyet mio ku dulu full pertamax sekarang anjriiiiiitttttt day isi bensin terakhir ngisi hari sebelum pengumuman pertamax naik,monyet mio ku dulu full pertamax sekarang anjriiiiiitttttt day isi bensin akhir ngisi hari umum pertamax naik
2077350945164550508,Wed Jul 15 11:13:55 +0000 2026,francisca r a t n a 🖖,fransiratna,"Tiap isi bbm, hati kayak diiris-iris. Sampai curhat sama petugasnya, ternyata dia juga mengeluh. ""Iya mbak, apalagi saya juga pakai pertamax. Beda tarikannya kalau udah biasa pertamax ganti pertalite."" 

Makan tuh ikutin harga minyak dunia.",tiap isi bbm hati kayak diiris iris sampai curhat sama petugasnya ternyata dia juga mengeluh iya mbak apalagi saya juga pakai pertamax beda tarikannya kalau udah biasa pertamax ganti pertalite makan tuh ikutin harga minyak dunia,tiap isi bbm hati kayak diiris iris sampai curhat sama petugasnya ternyata dia juga mengeluh iya mbak apalagi saya juga pakai pertamax beda tarikannya kalau sudah biasa pertamax ganti pertalite makan tuh mengikuti harga minyak dunia,tiap isi bbm hati kayak iris iris curhat sama tugas nyata keluh iya mbak pakai pertamax beda tari kalau biasa pertamax ganti pertalite makan tuh ikut harga minyak dunia
2077350148439695603,Wed Jul 15 11:10:45 +0000 2026,vi🍒,bakuldimsum_,"Bahlil bajingan.
Buzzer kontol.
Buzzer paham ga efek pertamax naik, pengguna pertamax beralih ke pertalite??? https://t.co/LS1slw6a1r",bahlil bajingan buzzer kontol buzzer paham ga efek pertamax naik pengguna pertamax beralih ke pertalite,bahlil bajingan buzzer kontol buzzer paham enggak efek pertamax naik pengguna pertamax beralih ke pertalite,bahlil bajing buzzer kontol buzzer paham enggak efek pertamax naik guna pertamax alih pertalite
2077349449643512219,Wed Jul 15 11:07:58 +0000 2026,Satriarangkabaja,buleariief,"@zalkad Karna BBM langka,mobil yang biasa nya isi pertamax jadi isi pertalit dampak pertamax 16250",karna bbm langka mobil yang biasa nya isi pertamax jadi isi pertalit dampak pertamax,karena bbm langka mobil yang biasa nya isi pertamax jadi isi pertalit dampak pertamax,bbm langka mobil biasa nya isi pertamax jadi isi pertalit dampak pertamax
2077340734752264434,Wed Jul 15 10:33:20 +0000 2026,🐟🍉🌺🐝🍯🐈,hanif_aa,"Mohon maaf rekan-rekan yang budiman. Berkat kenaikan harga Pertamax bulan lalu, hampir semua kalangan dirugikan. Termasuk aku yang antre Pertalite dari pinggir jalan. Ada kali 20 menit antre gini doang. https://t.co/wey8mIf9mY",mohon maaf rekan rekan yang budiman berkat kenaikan harga pertamax bulan lalu hampir semua kalangan dirugikan termasuk aku yang antre pertalite dari pinggir jalan ada kali menit antre gini doang,mohon maaf rekan rekan yang budiman berkat kenaikan harga pertamax bulan lalu hampir semua kalangan dirugikan termasuk aku yang antre pertalite dari pinggir jalan ada kali menit antre begini doang,mohon maaf rekan rekan budiman berkat naik harga pertamax bulan lalu hampir semua kalang rugi masuk aku antre pertalite pinggir jalan kali menit antre begini doang
2077336586073842021,Wed Jul 15 10:16:51 +0000 2026,herlina sihotang,HerlinaSihotang,Biasa isi Pertamax utk motor 50 rb dah fulteng td cuma naik 3kotak aja 😏😏,biasa isi pertamax utk motor rb dah fulteng td cuma naik kotak aja,biasa isi pertamax untuk motor ribu deh fulteng tadi cuma naik kotak saja,biasa isi pertamax motor ribu fulteng tadi cuma naik kotak
2077329812881023275,Wed Jul 15 09:49:56 +0000 2026,Utama Dima,utamadima,CRV juga ngisi pertalite abis pertamax naik wkwk https://t.co/LE3XXQkgqH,crv juga ngisi pertalite abis pertamax naik wkwk,crv juga ngisi pertalite habis pertamax naik wkwk,crv ngisi pertalite habis pertamax naik wkwk
2077296869223625030,Wed Jul 15 07:39:02 +0000 2026,hendrie,hendrie_1985,"@indepenSumatera @bahlillahadalia Tidak hany adi Sumatera wak di Kab Bogor juga antrian sama seperti itu, itu karena memang pemerintah menaikan harga Pertamax sehingga konsumen beralih ke Pertalite dengan harga yg masih terjangkau itu sih intinya, tapi tetap saja kebijakan Pemerintah yg harus dikoreksi😃😀",tidak hany adi sumatera wak di kab bogor juga antrian sama seperti itu itu karena memang pemerintah menaikan harga pertamax sehingga konsumen beralih ke pertalite dengan harga yg masih terjangkau itu sih intinya tapi tetap saja kebijakan pemerintah yg harus dikoreksi,tidak hany adi sumatera wak di kab bogor juga antrian sama seperti itu itu karena memang pemerintah menaikan harga pertamax sehingga konsumen beralih ke pertalite dengan harga yang masih terjangkau itu sih intinya tapi tetap saja kebijakan pemerintah yang harus dikoreksi,hany adi sumatera wak kab bogor antri sama memang perintah naik harga pertamax konsumen alih pertalite harga jangkau inti tetap bijak perintah koreksi
2077295298800652750,Wed Jul 15 07:32:48 +0000 2026,Nind's 🌼,smurfette_92,"To 2019: Gw kasih tau lu ya, nanti di 2026 tuh
-Presiden lu wowo
-Wakilnya Gibran
-Dollar tembus 18rb lebih
-Pertamax 16.250
-Emas harga beli sampai 2 jutaan
-Jangan lupa mampir ke Cafe D'Clan Cipete iseng aja ketok2 dindingnya siapa tau bs dpt emas 74 kg https://t.co/rh3zdgJprB",to gw kasih tau lu ya nanti di tuh presiden lu wowo wakilnya gibran dollar tembus rb lebih pertamax emas harga beli sampai jutaan jangan lupa mampir ke cafe d clan cipete iseng aja ketok dindingnya siapa tau bs dpt emas kg,tapi gue kasih tau lu ya nanti di tuh presiden lu wowo wakilnya gibran dollar tembus ribu lebih pertamax emas harga beli sampai jutaan jangan lupa mampir ke cafe di clan cipete iseng saja ketok dindingnya siapa tau bisa dapat emas kg,gue kasih tau lu tuh presiden lu wowo wakil gibran dollar tembus ribu lebih pertamax emas harga beli juta jangan lupa mampir cafe clan cipete iseng ketok dinding siapa tau emas kg
2077279151111991556,Wed Jul 15 06:28:38 +0000 2026,riz.,oktadorable,"@karirfess Loh aku malah kemarin2 pas awal2 pertamax naik, aku nyari pertamax di daerah ku susah. Makanya ganti ke pertalite ya walauun antriannya panjang banget. Tapi keknyaa di sini enggak selangka itu deh pertalite",loh aku malah kemarin pas awal pertamax naik aku nyari pertamax di daerah ku susah makanya ganti ke pertalite ya walauun antriannya panjang banget tapi keknyaa di sini enggak selangka itu deh pertalite,loh aku malah kemarin pas awal pertamax naik aku mencari pertamax di daerah ku susah makanya ganti ke pertalite ya walauun antriannya panjang banget tapi keknyaa di sini enggak selangka itu deh pertalite,aku malah kemarin pas awal pertamax naik aku cari pertamax daerah ku susah makanya ganti pertalite walauun antri panjang banget keknyaa sini enggak selangka pertalite
2077251538628862276,Wed Jul 15 04:38:54 +0000 2026,BACOT DATA 📊,bacotdata,"Jujur! Reporter kenapa jadi asbun gitu dah?! harusnya dia cukup bilang; ""pak Pur balikin lagi harga Pertalite/Pertamax jadi 6rb kan bisa barter sama harta sitaan Febrie klo masih kurang suruh KPK Kejaksaan Polri kerja lebih serius lagi nangkepin korup pejabat aparat",jujur reporter kenapa jadi asbun gitu dah harusnya dia cukup bilang pak pur balikin lagi harga pertalite pertamax jadi rb kan bisa barter sama harta sitaan febrie klo masih kurang suruh kpk kejaksaan polri kerja lebih serius lagi nangkepin korup pejabat aparat,jujur reporter kenapa jadi asbun begitu deh harusnya dia cukup bilang pak pur balikin lagi harga pertalite pertamax jadi ribu kan bisa barter sama harta sitaan febrie kalo masih kurang suruh kpk kejaksaan polri kerja lebih serius lagi nangkepin korup pejabat aparat,jujur reporter jadi asbun harus cukup bilang pak pur balikin harga pertalite pertamax jadi ribu kan barter sama harta sita febrie kurang suruh kpk jaksa polri kerja lebih serius nangkepin korup jabat aparat
2077248234200903805,Wed Jul 15 04:25:47 +0000 2026,detik Sumut,detiksumut_,...kalangan komuter yang terpaksa merogoh kocek lebih dalam dari pengeluaran normal akibat disparitas harga Pertamax.,kalangan komuter yang terpaksa merogoh kocek lebih dalam dari pengeluaran normal akibat disparitas harga pertamax,kalangan komuter yang terpaksa merogoh kocek lebih dalam dari pengeluaran normal akibat disparitas harga pertamax,kalang komuter paksa rogoh kocek lebih keluar normal akibat disparitas harga pertamax
2077246631121227929,Wed Jul 15 04:19:24 +0000 2026,RIAUPAGI.COM,RiaupagiSurya,"Harga Pertalite, Pertamax Hingga Pertamina Dex Non Subsidi Resmi Turun Sejak 1 Juli 2026
https://t.co/X9m6PN5xA1",harga pertalite pertamax hingga pertamina dex non subsidi resmi turun sejak juli,harga pertalite pertamax hingga pertamina dex non subsidi resmi turun sejak juli,harga pertalite pertamax hingga pertamina dex non subsidi resmi turun sejak juli
2077239968431542740,Wed Jul 15 03:52:56 +0000 2026,Baro Indra,Baroindra,@abanggwkoh ga turun turun ya harga pertamax,ga turun turun ya harga pertamax,enggak turun turun ya harga pertamax,enggak turun turun harga pertamax
2077238766448607374,Wed Jul 15 03:48:09 +0000 2026,Bas,MrDchol,"Liat noh  yg antree pertalite rame bener, user yg tadinya make Pertamax pada pindah pertalite. 

Gak tau sih minyak dunia lagi turun apa naik, tapi yg pasti harga dollar masih tinggi 18rb.",liat noh yg antree pertalite rame bener user yg tadinya make pertamax pada pindah pertalite gak tau sih minyak dunia lagi turun apa naik tapi yg pasti harga dollar masih tinggi rb,lihat noh yang antree pertalite rame benar user yang tadinya memakai pertamax pada pindah pertalite enggak tau sih minyak dunia lagi turun apa naik tapi yang pasti harga dollar masih tinggi ribu,lihat noh antree pertalite rame benar user tadi pakai pertamax pindah pertalite enggak tau minyak dunia turun apa naik harga dollar tinggi ribu
2077230555238904202,Wed Jul 15 03:15:32 +0000 2026,Dyota,dytlksmn,"@LambeSahamjja Pertalite di subsidi harganya 10rb gap beda 2rban sm pertamax emg harga asli pertalite berapa sih?, knp gk subsidi pertamax aja dah",pertalite di subsidi harganya rb gap beda rban sm pertamax emg harga asli pertalite berapa sih knp gk subsidi pertamax aja dah,pertalite di subsidi harganya ribu gap beda rban sama pertamax memang harga asli pertalite berapa sih kenapa enggak subsidi pertamax saja deh,pertalite subsidi harga ribu gap beda rban sama pertamax memang harga asli pertalite berapa enggak subsidi pertamax
2077230297889017908,Wed Jul 15 03:14:30 +0000 2026,hanji,5semitone,"yg pernah bilang ""pertalite ngapain brisik kan yg naik pertamax"" ga ikhlas gw alias anjg lo",yg pernah bilang pertalite ngapain brisik kan yg naik pertamax ga ikhlas gw alias anjg lo,yang pernah bilang pertalite mengapai brisik kan yang naik pertamax enggak ikhlas gue alias anjg lo,pernah bilang pertalite kapai brisik kan naik pertamax enggak ikhlas gue alias anjg lo
2077227420512633218,Wed Jul 15 03:03:04 +0000 2026,Itadori Household is a very happy family,ihavenoidea_5u,"bentar lgi pertamax yg langka

langka = harga naik lagi

emg rezim paling bajingan ya rezim prabs ini",bentar lgi pertamax yg langka langka harga naik lagi emg rezim paling bajingan ya rezim prabs ini,bentar lagi pertamax yang langka langka harga naik lagi memang rezim paling bajingan ya rezim prabs ini,bentar pertamax langka langka harga naik memang rezim paling bajing rezim prabs
2077226956899467638,Wed Jul 15 03:01:14 +0000 2026,kayie',milkyc0u,"ini harga Pertamax bakal turun atau gak sih?? pertalite dah langka jir, gila aja ecerannya 15k. mau ngantri di spbu tapi antriannya panjang bnget 😇👆",ini harga pertamax bakal turun atau gak sih pertalite dah langka jir gila aja ecerannya k mau ngantri di spbu tapi antriannya panjang bnget,ini harga pertamax bakal turun atau enggak sih pertalite deh langka jir gila saja ecerannya ke mau mengantri di spbu tapi antriannya panjang banget,harga pertamax bakal turun enggak pertalite langka jir gila ecer mau antri spbu antri panjang banget
2077223740090503188,Wed Jul 15 02:48:27 +0000 2026,Teh Intan,IntanKintania,"@LambeSahamjja 7. IRT yang harga kebutuhannya naik lagi gara2 MBG
8. pengguna pertamax yg dinaikin Bahlil
9. para pengangguran yang dijanjiin 19 juta lap kerja
10. Standup comedian temennya pandji
11. Artis yang gak ditawarin jadi buzzer",irt yang harga kebutuhannya naik lagi gara mbg pengguna pertamax yg dinaikin bahlil para pengangguran yang dijanjiin juta lap kerja standup comedian temennya pandji artis yang gak ditawarin jadi buzzer,irt yang harga kebutuhannya naik lagi gara mbak pengguna pertamax yang dinaikin bahlil para pengangguran yang dijanjiin juta lap kerja standup comedian temannya pandji artis yang enggak ditawarin jadi buzzer,irt harga butuh naik gara mbak guna pertamax dinaikin bahlil anggur dijanjiin juta lap kerja standup comedian teman pandji artis enggak ditawarin jadi buzzer
2077213883245461956,Wed Jul 15 02:09:17 +0000 2026,Ladies,LadiesFile,"Intuisi Bulan Juli-Agustus 2026 :

1. Prabowo Jokowi Retak ✅
2. Inggris akan menang world cup
3. Fase Kemarau Panjang Agustus
4. NTT kekeringan
5. Lombok kekurangan air
6. IHSG merosot lagi
7.  Harga Pertamax di Manipulasi
8. Minyak dunia turun tajam

Ns : Harga Pertamax Curang",intuisi bulan juli agustus prabowo jokowi retak inggris akan menang world cup fase kemarau panjang agustus ntt kekeringan lombok kekurangan air ihsg merosot lagi harga pertamax di manipulasi minyak dunia turun tajam ns harga pertamax curang,intuisi bulan juli agustus prabowo jokowi retak inggris akan menang world cup fase kemarau panjang agustus ntt kekeringan lombok kekurangan air ihsg merosot lagi harga pertamax di manipulasi minyak dunia turun tajam ns harga pertamax curang,intuisi bulan juli agustus prabowo jokowi retak inggris menang world cup fase kemarau panjang agustus ntt kering lombok kurang air ihsg merosot harga pertamax manipulasi minyak dunia turun tajam ns harga pertamax curang
2077207978600800499,Wed Jul 15 01:45:49 +0000 2026,Kr,karirfess,"di ig tuh udah viral banget guys..

mengenai kelangkaan BBM terutama pertalite ya

di sini, kok belum rame ya🥲

intinya, pertalite tuh harganya emang gak naik, tapi syusaah dapetnya

di lapangan, banyak yg ngerasa, kesannya seolah2 dipaksa beli pertamax

di daerah kalian gimana?",di ig tuh udah viral banget guys mengenai kelangkaan bbm terutama pertalite ya di sini kok belum rame ya intinya pertalite tuh harganya emang gak naik tapi syusaah dapetnya di lapangan banyak yg ngerasa kesannya seolah dipaksa beli pertamax di daerah kalian gimana,di ig tuh sudah viral banget guys mengenai kelangkaan bbm terutama pertalite ya di sini kok belum rame ya intinya pertalite tuh harganya memang enggak naik tapi syusaah dapetnya di lapangan banyak yang merasa kesannya seolah dipaksa beli pertamax di daerah kalian bagaimana,ig tuh viral banget guys kena langka bbm utama pertalite sini rame inti pertalite tuh harga memang enggak naik syusaah dapetnya lapang banyak rasa kesan paksa beli pertamax daerah kalian bagaimana
2077200415264038938,Wed Jul 15 01:15:46 +0000 2026,ai,aokiznn,bisa ga sih harga bensin pertamax turun? sedih bener kalo mau jajan keinget hrs sisain duit yg lumayan buat isi bensin….anjirlah,bisa ga sih harga bensin pertamax turun sedih bener kalo mau jajan keinget hrs sisain duit yg lumayan buat isi bensin anjirlah,bisa enggak sih harga bensin pertamax turun sedih benar kalo mau jajan teringat harus menyisakan duit yang lumayan buat isi bensin anjirlah,enggak harga bensin pertamax turun sedih benar mau jajan ingat sisa duit lumayan buat isi bensin anjir
2077198459103580369,Wed Jul 15 01:07:59 +0000 2026,gita,selebretty,@amarudss Naik yuk naik kayak Pertamax 🫣,naik yuk naik kayak pertamax,naik yuk naik kayak pertamax,naik yuk naik kayak pertamax
2077191282791981471,Wed Jul 15 00:39:28 +0000 2026,Norman Prasetyo,normanprasetyo_,"@kkelelawarr @cringeboys_ @hnifoox @txtharihariWNI Wait kak? Bbm naik? Yg naik kan cuman pertamax, sedang kan ojol motor sama mobil rata² pake pertalite yg harga nya bertahan 10rb. Mobil yg mereka oake pun rata² lcgc yg bisa akses barcode subsidi dari pertamina",wait kak bbm naik yg naik kan cuman pertamax sedang kan ojol motor sama mobil rata pake pertalite yg harga nya bertahan rb mobil yg mereka oake pun rata lcgc yg bisa akses barcode subsidi dari pertamina,wait kak bbm naik yang naik kan cuman pertamax sedang kan ojol motor sama mobil rata pakai pertalite yang harga nya bertahan ribu mobil yang mereka oake pun rata lcgc yang bisa akses barcode subsidi dari pertamina,wait kak bbm naik naik kan cuman pertamax sedang kan ojol motor sama mobil rata pakai pertalite harga nya tahan ribu mobil oake rata lcgc akses barcode subsidi pertamina
2077178734122311884,Tue Jul 14 23:49:36 +0000 2026,Ari Aditya,ari_aditya,"Pertalite akan langka
Jangan berharap harga Pertamax akan turun
Harga2 akan naik walau belum signifikan
Daya beli akan turun

Evaluasi kualitas kerja pemerintah &amp; BI",pertalite akan langka jangan berharap harga pertamax akan turun harga akan naik walau belum signifikan daya beli akan turun evaluasi kualitas kerja pemerintah amp bi,pertalite akan langka jangan berharap harga pertamax akan turun harga akan naik walau belum signifikan daya beli akan turun evaluasi kualitas kerja pemerintah amp bi,pertalite langka jangan harap harga pertamax turun harga naik signifikan daya beli turun evaluasi kualitas kerja perintah bi
2077172880169918803,Tue Jul 14 23:26:21 +0000 2026,Tukang Baso,reggy120366,"@LambeSahamjja Kejadian ini sdh diduga pasti terjadi waktu pertamax naik.
Tiap bulan, ada aja ulah para oembantu president yg bikin dia terlihat makin memburuk citranya. Dan...kalian seolah ga berdaya @sjafriesjams @bang_dasco @Gerindra",kejadian ini sdh diduga pasti terjadi waktu pertamax naik tiap bulan ada aja ulah para oembantu president yg bikin dia terlihat makin memburuk citranya dan kalian seolah ga berdaya,kejadian ini sudah diduga pasti terjadi waktu pertamax naik tiap bulan ada saja ulah para oembantu president yang bikin dia terlihat makin memburuk citranya dan kalian seolah enggak berdaya,jadi duga jadi waktu pertamax naik tiap bulan ulah oembantu president bikin lihat makin buruk citra kalian enggak daya
2077169056009081148,Tue Jul 14 23:11:09 +0000 2026,upiil,supraoglek,"@andrsdwang @karirfess Masalahnya harga pertamax naik, kalo kayak sebelumnya pasti orang pada beralih ke pertamax dengan gampang. Contoh ngisi 4 liter aja udah beda 24rb dari isi pertalite.",masalahnya harga pertamax naik kalo kayak sebelumnya pasti orang pada beralih ke pertamax dengan gampang contoh ngisi liter aja udah beda rb dari isi pertalite,masalahnya harga pertamax naik kalo kayak sebelumnya pasti orang pada beralih ke pertamax dengan gampang contoh ngisi liter saja sudah beda ribu dari isi pertalite,masalah harga pertamax naik kayak belum orang alih pertamax gampang contoh ngisi liter beda ribu isi pertalite
2077139525118370259,Tue Jul 14 21:13:48 +0000 2026,Asia,uslfbh,"@Hidupsebagai62 Jangan lupa!!

kalau beli BBM non subsidi seperti pertamax, itu dipalakin juga

totalnya mungkin bisa hampir 20%

jadi kalau dulu harga Pertamax 12rb-an aslinya cuman 10rb-an, harga beti dg Pertalite yg di subsidi 

Kalau sekarang 16rb-an aslinya cuman 14rb-an https://t.co/sWr2v8RAdF",jangan lupa kalau beli bbm non subsidi seperti pertamax itu dipalakin juga totalnya mungkin bisa hampir jadi kalau dulu harga pertamax rb an aslinya cuman rb an harga beti dg pertalite yg di subsidi kalau sekarang rb an aslinya cuman rb an,jangan lupa kalau beli bbm non subsidi seperti pertamax itu dipalakin juga totalnya mungkin bisa hampir jadi kalau dulu harga pertamax ribu an aslinya cuman ribu an harga beti dengan pertalite yang di subsidi kalau sekarang ribu an aslinya cuman ribu an,jangan lupa kalau beli bbm non subsidi pertamax dipalakin total mungkin hampir jadi kalau dulu harga pertamax ribu an asli cuman ribu an harga beti pertalite subsidi kalau sekarang ribu an asli cuman ribu an
2077132485713088993,Tue Jul 14 20:45:50 +0000 2026,Cungkring,Cungkringg2,"@LambeSahamjja jgn kan sblm pertamax naik, di spbu daerah gue tiap jam 12 mlm tiba2 pertalite habis mulu, eh pas pagi jam 6 ada. apdahal kaga ngisi",jgn kan sblm pertamax naik di spbu daerah gue tiap jam mlm tiba pertalite habis mulu eh pas pagi jam ada apdahal kaga ngisi,jangan kan sebelum pertamax naik di spbu daerah gue tiap jam malam tiba pertalite habis mulu eh pas pagi jam ada apdahal kagak ngisi,jangan kan pertamax naik spbu daerah gue tiap jam malam tiba pertalite habis mulu eh pas pagi jam apdahal kagak ngisi
2077109074228134023,Tue Jul 14 19:12:48 +0000 2026,Hapid,hapid_02,"@MiskinTV_ Biar apa sih pasang begituan?
Gak bakalan ngerubah harga pertamax.😤",biar apa sih pasang begituan gak bakalan ngerubah harga pertamax,biar apa sih pasang begituan enggak bakalan ngerubah harga pertamax,biar apa pasang begitu enggak bakal ngerubah harga pertamax
2077103558181388461,Tue Jul 14 18:50:53 +0000 2026,The Ojol Guy,julian29135,"@csquad92_ Panic buying itumah, inget kan waktu pertamax naik ke 16 ribu?",panic buying itumah inget kan waktu pertamax naik ke ribu,panic buying itumah ingat kan waktu pertamax naik ke ribu,panic buying itumah ingat kan waktu pertamax naik ribu
2077096922872172678,Tue Jul 14 18:24:31 +0000 2026,Dimar,dimarsasongko98,"Pertamina: Pertalite-Pertamax-Solar langka di Medan karena ""libur sekolah bikin permintaan naik.""

Tapi warganet dari Tangsel, Aceh, sampai Bogor lapor hal serupa dalam beberapa hari terakhir.

Liburan sekolah itu tiap tahun ada, jadwalnya bahkan bisa diprediksi setahun",pertamina pertalite pertamax solar langka di medan karena libur sekolah bikin permintaan naik tapi warganet dari tangsel aceh sampai bogor lapor hal serupa dalam beberapa hari terakhir liburan sekolah itu tiap tahun ada jadwalnya bahkan bisa diprediksi setahun,pertamina pertalite pertamax solar langka di medan karena libur sekolah bikin permintaan naik tapi warganet dari tangsel aceh sampai bogor lapor hal serupa dalam beberapa hari terakhir liburan sekolah itu tiap tahun ada jadwalnya bahkan bisa diprediksi setahun,pertamina pertalite pertamax solar langka medan libur sekolah bikin minta naik warganet tangsel aceh bogor lapor rupa beberapa hari akhir libur sekolah tiap tahun jadwal bahkan prediksi tahun
2077093824955126056,Tue Jul 14 18:12:13 +0000 2026,Ummu RaFa,EndangMD,"@aprabowoadi Saya sejak ditipu pertamina, beli pertamax ternyata kualitas pertalite, auto bikin barcode beralih ke pertalite. Isi pertamax kadang² aja. Sy punya temen sejak awal beli fortuner sebelum bbm naik, isi pakai bio solar terus.",saya sejak ditipu pertamina beli pertamax ternyata kualitas pertalite auto bikin barcode beralih ke pertalite isi pertamax kadang aja sy punya temen sejak awal beli fortuner sebelum bbm naik isi pakai bio solar terus,saya sejak ditipu pertamina beli pertamax ternyata kualitas pertalite auto bikin barcode beralih ke pertalite isi pertamax kadang saja saya punya teman sejak awal beli fortuner sebelum bbm naik isi pakai bio solar terus,sejak tipu pertamina beli pertamax nyata kualitas pertalite auto bikin barcode alih pertalite isi pertamax kadang punya teman sejak awal beli fortuner bbm naik isi pakai bio solar terus
2077068952916889945,Tue Jul 14 16:33:23 +0000 2026,Boom!💥,JimmYNWA_97,"@LambeSahamjja Lah di tempat gw kebalik, pusing Pertamax naik tinggi, lah kok kosong? Yaudah pake pertalite, walaupun hemat 20k tapi kasian banget motor gw, jalannya ngeden.",lah di tempat gw kebalik pusing pertamax naik tinggi lah kok kosong yaudah pake pertalite walaupun hemat k tapi kasian banget motor gw jalannya ngeden,lah di tempat gue kebalik pusing pertamax naik tinggi lah kok kosong yaudah pakai pertalite walaupun hemat ke tapi kasihan banget motor gue jalannya ngeden,lah tempat gue balik pusing pertamax naik tinggi lah kosong yaudah pakai pertalite walaupun hemat kasihan banget motor gue jalan ngeden
2077065291872539128,Tue Jul 14 16:18:50 +0000 2026,Ade Winandar,adewinandar,"udah 2 hari pertalite susah, banyak yg migrasi ke pertalite semenjak pertamax naik

hampir setiap hari dwifungsi jalan raya terjadi
selain tempat melintas kendaraan akhir akhir ini dipakai buat antri spbu",udah hari pertalite susah banyak yg migrasi ke pertalite semenjak pertamax naik hampir setiap hari dwifungsi jalan raya terjadi selain tempat melintas kendaraan akhir akhir ini dipakai buat antri spbu,sudah hari pertalite susah banyak yang migrasi ke pertalite semenjak pertamax naik hampir setiap hari dwifungsi jalan raya terjadi selain tempat melintas kendaraan akhir akhir ini dipakai buat antri spbu,hari pertalite susah banyak migrasi pertalite semenjak pertamax naik hampir hari dwifungsi jalan raya jadi tempat lintas kendara akhir akhir pakai buat antri spbu
2077059146692907136,Tue Jul 14 15:54:25 +0000 2026,ko-ya,koyakraya,"115 untuk 13 hari, 94 untuk 13 hari juga, 112 berapa hari ya………. fak sejak pertamax naik ge jd ngitung bensin 💔💔💔",untuk hari untuk hari juga berapa hari ya fak sejak pertamax naik ge jd ngitung bensin,untuk hari untuk hari juga berapa hari ya fak sejak pertamax naik ge jadi ngitung bensin,hari hari berapa hari fak sejak pertamax naik ge jadi ngitung bensin
2077050384980545631,Tue Jul 14 15:19:36 +0000 2026,awann,ariira1_,@inimasburhan Efek Pertamax naik bg,efek pertamax naik bg,efek pertamax naik bang,efek pertamax naik bang
2077048413049470989,Tue Jul 14 15:11:46 +0000 2026,Gina. kyo,Ginakyo2,@indepenSumatera @bahlillahadalia Pendukung wowokk yg bela habis2 waktu Pertamax naik kmrn mana neh ....lihat kan effect nya . Pertalite kosong   . Kau nikmatin lah hasilnya 🙃,pendukung wowokk yg bela habis waktu pertamax naik kmrn mana neh lihat kan effect nya pertalite kosong kau nikmatin lah hasilnya,pendukung wowokk yang bela habis waktu pertamax naik kemarin mana nih lihat kan effect nya pertalite kosong kau menikmati lah hasilnya,dukung wowokk bela habis waktu pertamax naik kemarin mana nih lihat kan effect nya pertalite kosong kau nikmat lah hasil
2077048211366371531,Tue Jul 14 15:10:57 +0000 2026,𝓓𝓮𝓿 🍉,deevara10,"Perasaan beli Pertamax 27k berhari-hari ga abis-abis, bahkan ke Magelang nyampe Jogja lagi masih banyak.
Sekarang beli 20k cuma 2 hari dah abis.

Ohiya kan harga naik ☺️💔",perasaan beli pertamax k berhari hari ga abis abis bahkan ke magelang nyampe jogja lagi masih banyak sekarang beli k cuma hari dah abis ohiya kan harga naik,perasaan beli pertamax ke berhari hari enggak habis habis bahkan ke magelang sampai jogja lagi masih banyak sekarang beli ke cuma hari deh habis ohiya kan harga naik,asa beli pertamax hari hari enggak habis habis bahkan magelang jogja banyak sekarang beli cuma hari habis ohiya kan harga naik
2077044206623936612,Tue Jul 14 14:55:03 +0000 2026,zkdrwn,zkboom123,"@LambeSahamjja Tapi tapi kan yang naik pertamax untuk orang kaya, pertalite kan nggak naik, ngapain protes 🤣🤣🤣",tapi tapi kan yang naik pertamax untuk orang kaya pertalite kan nggak naik ngapain protes,tapi tapi kan yang naik pertamax untuk orang kayak pertalite kan enggak naik mengapai protes,kan naik pertamax orang kayak pertalite kan enggak naik kapai protes
2077034775899226530,Tue Jul 14 14:17:34 +0000 2026,mamiiiyyyaaah,mamiyahhh,effort di harga Pertamax naik 😭,effort di harga pertamax naik,effort di harga pertamax naik,effort harga pertamax naik
2077030415769256320,Tue Jul 14 14:00:15 +0000 2026,miiii,mhmd241124,@notefromalice kurang tau tuh tapi pas pertamax naik pada ngantri tuh di pom,kurang tau tuh tapi pas pertamax naik pada ngantri tuh di pom,kurang tau tuh tapi pas pertamax naik pada mengantri tuh di pom,kurang tau tuh pas pertamax naik antri tuh pom
2077025660720341151,Tue Jul 14 13:41:21 +0000 2026,zei ˖ꫂ❁ 🐼,roaskyz,Kalo yang jaga gini pertamax harga berapa jg ttp gw beli https://t.co/vhkOPnAEH0,kalo yang jaga gini pertamax harga berapa jg ttp gw beli,kalo yang jaga begini pertamax harga berapa juga tetap gue beli,jaga begini pertamax harga berapa tetap gue beli
2077024814167101826,Tue Jul 14 13:37:59 +0000 2026,aull,rhl_aj,@Dhinwh_ ini ucan isi bensinnya pake pertamax turbo dah kayanya😭 soalnya yg naik smpe 4org😭😭,ini ucan isi bensinnya pake pertamax turbo dah kayanya soalnya yg naik smpe org,ini ucan isi bensinnya pakai pertamax turbo deh kayanya soalnya yang naik sampai orang,ucan isi bensin pakai pertamax turbo kaya soal naik orang
2077021501048627445,Tue Jul 14 13:24:49 +0000 2026,tututata,slordegh,"@LambeSahamjja Kata buzzer: yang naik kan pertamax, yg make pertamax kan org kaya
Yang miskin jgn protes, sama aja belain org kaya kalau protes
🤣🤣🤣",kata buzzer yang naik kan pertamax yg make pertamax kan org kaya yang miskin jgn protes sama aja belain org kaya kalau protes,kata buzzer yang naik kan pertamax yang memakai pertamax kan orang kayak yang miskin jangan protes sama saja membela orang kayak kalau protes,kata buzzer naik kan pertamax pakai pertamax kan orang kayak miskin jangan protes sama bela orang kayak kalau protes
2077016647702138953,Tue Jul 14 13:05:32 +0000 2026,MR JADI,MRJADI355736,"@aprabowoadi @fajar_muttaqiin spbelum pertamax naik, dulu gratis urus barcode, entah skrg",spbelum pertamax naik dulu gratis urus barcode entah skrg,spbelum pertamax naik dulu gratis urus barcode entah sekarang,spbelum pertamax naik dulu gratis urus barcode entah sekarang
2077005667437846843,Tue Jul 14 12:21:54 +0000 2026,bildon,bildon_,"@indepenSumatera @bahlillahadalia Deket rumah ada BP. Sebelum Pertamax atau setara Ron 92 naik, Bensin 92 nya BP termasuk laris penggemar. Jarang2 kan liat pom swasta antri mau isi bensin.

Setelah Pertamax dan setara Ron 92 naik, BP pun jadi agak sepi. Karena orang larinya ke Pertalite semua. 

Sekarang kalau",deket rumah ada bp sebelum pertamax atau setara ron naik bensin nya bp termasuk laris penggemar jarang kan liat pom swasta antri mau isi bensin setelah pertamax dan setara ron naik bp pun jadi agak sepi karena orang larinya ke pertalite semua sekarang kalau,dekat rumah ada bp sebelum pertamax atau setara ron naik bensin nya bp termasuk laris penggemar jarang kan lihat pom swasta antri mau isi bensin setelah pertamax dan setara ron naik bp pun jadi agak sepi karena orang larinya ke pertalite semua sekarang kalau,dekat rumah bp pertamax tara ron naik bensin nya bp masuk laris gemar jarang kan lihat pom swasta antri mau isi bensin pertamax tara ron naik bp jadi sepi orang lari pertalite semua sekarang kalau
2076990489816084514,Tue Jul 14 11:21:36 +0000 2026,MasHer,HerPrast_,"@LambeSahamjja Kan yg naik pertamax, kalian yg protes kaya naik pertamax aja,

Ucap temanku yg udah gak pernah upate story lagi",kan yg naik pertamax kalian yg protes kaya naik pertamax aja ucap temanku yg udah gak pernah upate story lagi,kan yang naik pertamax kalian yang protes kayak naik pertamax saja ucap temanku yang sudah enggak pernah upate story lagi,kan naik pertamax kalian protes kayak naik pertamax ucap teman enggak pernah upate story
2076988531503972778,Tue Jul 14 11:13:49 +0000 2026,mir,miraikzmr,"@LambeSahamjja Monyet tikotok 02 voter mana tuh yg bilang gak ngaruh pertamax naik
Mau marah tapi monyet tuh buzzer
Hadeh",monyet tikotok voter mana tuh yg bilang gak ngaruh pertamax naik mau marah tapi monyet tuh buzzer hadeh,monyet tikotok voter mana tuh yang bilang enggak ngaruh pertamax naik mau marah tapi monyet tuh buzzer hadeh,monyet tikotok voter mana tuh bilang enggak ngaruh pertamax naik mau marah monyet tuh buzzer hadeh
2076984673255956962,Tue Jul 14 10:58:29 +0000 2026,rin rin rin rin,rinti19,"@dimarsasongko98 Sampai bikin jalan antar lintas yang cuma dia lajur itu macet hampir di setiap propinsi 
Harga BBM di tiap propinsi di Sumatera itu beda beda ya, kalau pertamax, di sumbar sama jambi 17 rb, di riau 16.650,di sumut 16.650(agak lupa), masih murah di Jawa...",sampai bikin jalan antar lintas yang cuma dia lajur itu macet hampir di setiap propinsi harga bbm di tiap propinsi di sumatera itu beda beda ya kalau pertamax di sumbar sama jambi rb di riau di sumut agak lupa masih murah di jawa,sampai bikin jalan antar lintas yang cuma dia lajur itu macet hampir di setiap propinsi harga bbm di tiap propinsi di sumatera itu beda beda ya kalau pertamax di sumbar sama jambi ribu di riau di sumut agak lupa masih murah di jawa,bikin jalan antar lintas cuma lajur macet hampir propinsi harga bbm tiap propinsi sumatera beda beda kalau pertamax sumbar sama jambi ribu riau sumut lupa murah jawa
2076977164311056895,Tue Jul 14 10:28:38 +0000 2026,shafina 🎀,shafinarooms,"@LambeSahamjja Harga emang nggak naik, tapi kalau stoknya sengaja dibikin langka, ujung2nya rakyat kecil yang harus keluar duit lebih buat pertamax. Modus halus namanya ini",harga emang nggak naik tapi kalau stoknya sengaja dibikin langka ujungnya rakyat kecil yang harus keluar duit lebih buat pertamax modus halus namanya ini,harga memang enggak naik tapi kalau stoknya sengaja dibikin langka ujungnya rakyat kecil yang harus keluar duit lebih buat pertamax modus halus namanya ini,harga memang enggak naik kalau stok sengaja bikin langka ujung rakyat kecil keluar duit lebih buat pertamax modus halus nama
2076977027924791604,Tue Jul 14 10:28:06 +0000 2026,beetalk,micinsedapgurih,"@txtdrimedia Alhamdulilah harga sembako turun, tinggal tunggu harga pertamax",alhamdulilah harga sembako turun tinggal tunggu harga pertamax,alhamdulilah harga sembako turun tinggal tunggu harga pertamax,alhamdulilah harga sembako turun tinggal tunggu harga pertamax
2076976328126210445,Tue Jul 14 10:25:19 +0000 2026,arf,harmaxyn,@indepenSumatera Ini sudah diprediksi bakal terjadi setelah harga pertamax naik sih,ini sudah diprediksi bakal terjadi setelah harga pertamax naik sih,ini sudah diprediksi bakal terjadi setelah harga pertamax naik sih,prediksi bakal jadi harga pertamax naik
2076973384878149961,Tue Jul 14 10:13:37 +0000 2026,TheRealTalk,Teaniverse,"Kemarin-kemarin masih aman pertamax gak antri. Lah hari ini  uda antri juga pertamax. Uda harga naik, ngantri pula. Berasa kaya banjir tahun lalu aja bah. Ini bbmnya pada kosong apa cemana ya bisa pada ngantri sampe panjang2 dan seharian 🤧

Ditempat kalian gimana guys, ngantri https://t.co/dCfOYEdPeq",kemarin kemarin masih aman pertamax gak antri lah hari ini uda antri juga pertamax uda harga naik ngantri pula berasa kaya banjir tahun lalu aja bah ini bbmnya pada kosong apa cemana ya bisa pada ngantri sampe panjang dan seharian ditempat kalian gimana guys ngantri,kemarin kemarin masih aman pertamax enggak antri lah hari ini sudah antri juga pertamax sudah harga naik mengantri pula berasa kayak banjir tahun lalu saja bah ini bbmnya pada kosong apa cemana ya bisa pada mengantri sampai panjang dan seharian ditempat kalian bagaimana guys mengantri,kemarin kemarin aman pertamax enggak antri lah hari antri pertamax harga naik antri asa kayak banjir tahun lalu bah bbmnya kosong apa cemana antri panjang hari tempat kalian bagaimana guys antri
2076971887465488476,Tue Jul 14 10:07:40 +0000 2026,Lambe Saham,LambeSahamjja,"curhatan ojol tentang BBM: 
- pertalite emang kagak naik
- tapi untuk beli bisa habis waktu sejam
- kadang nyoba ngisi subuh tapi kosong
- seolah olah mereka di paksa beli pertamax https://t.co/sb6k77SYGV",curhatan ojol tentang bbm pertalite emang kagak naik tapi untuk beli bisa habis waktu sejam kadang nyoba ngisi subuh tapi kosong seolah olah mereka di paksa beli pertamax,curhatan ojol tentang bbm pertalite memang kagak naik tapi untuk beli bisa habis waktu sejam kadang mencoba ngisi subuh tapi kosong seolah olah mereka di paksa beli pertamax,curhatan ojol bbm pertalite memang kagak naik beli habis waktu jam kadang coba ngisi subuh kosong olah paksa beli pertamax
2076946239955030130,Tue Jul 14 08:25:46 +0000 2026,Boeloes Rahayoe,disantoso95,"Guys 

Baru saja di stasiun, ditawarin buat isi survey tentang BUMN2 nih, 
Ada di dalamnya ttg Pertamina, KCI, dll

Kita coba kasih saran perbaikan
Contohnya: 
- ya masa pertalite yg mulai langka bahkan Pertamax jg langka, 
- perbaikan lift penumpang di stasiun Parung Panjang https://t.co/hWeEuMlaM0",guys baru saja di stasiun ditawarin buat isi survey tentang bumn nih ada di dalamnya ttg pertamina kci dll kita coba kasih saran perbaikan contohnya ya masa pertalite yg mulai langka bahkan pertamax jg langka perbaikan lift penumpang di stasiun parung panjang,guys baru saja di stasiun ditawarin buat isi survey tentang bumn nih ada di dalamnya tentang pertamina kci dll kita coba kasih saran perbaikan contohnya ya masa pertalite yang mulai langka bahkan pertamax juga langka perbaikan lift penumpang di stasiun parung panjang,guys baru stasiun ditawarin buat isi survey bumn nih dalam pertamina kci coba kasih saran baik contoh masa pertalite mulai langka bahkan pertamax langka baik lift tumpang stasiun parung panjang
2076942850940670390,Tue Jul 14 08:12:18 +0000 2026,Rangkang Pie,beulangong174,"Harga BBM 13 Juli 2026, Pertamax Melambung, Buruh di Solo Terpaksa Antre Pertalite: Gaji Pas-pasan
 
https://t.co/jyQAU89gb1 via @tribunnews",harga bbm juli pertamax melambung buruh di solo terpaksa antre pertalite gaji pas pasan via,harga bbm juli pertamax melambung buruh di solo terpaksa antre pertalite gaji pas pasan via,harga bbm juli pertamax lambung buruh solo paksa antre pertalite gaji pas pas via
2076921265492038130,Tue Jul 14 06:46:31 +0000 2026,MAFINDO,TurnBackHoax,"❌ Mulai Juli, Harga Pertamax Turun ke Rp12.800 per Liter 

✅ Konten palsu (fabricated content). Faktanya, daftar harga resmi BBM Pertamina per 1 Juli 2026 menunjukkan harga Pertamax masih berada di kisaran Rp16.250–Rp17.000 per liter, tergantung wilayah. 

🔗 Selengkapnya di https://t.co/ANRyHCDXra",mulai juli harga pertamax turun ke rp per liter konten palsu fabricated content faktanya daftar harga resmi bbm pertamina per juli menunjukkan harga pertamax masih berada di kisaran rp rp per liter tergantung wilayah selengkapnya di,mulai juli harga pertamax turun ke rp per liter konten palsu fabricated content faktanya daftar harga resmi bbm pertamina per juli menunjukkan harga pertamax masih berada di kisaran rp rp per liter tergantung wilayah selengkapnya di,mulai juli harga pertamax turun rp per liter konten palsu fabricated content fakta daftar harga resmi bbm pertamina per juli tunjuk harga pertamax ada kisar rp rp per liter gantung wilayah lengkap
2076908615936413715,Tue Jul 14 05:56:15 +0000 2026,Sendi Sina,nadiemin,"@kafka_____ emang iya, orang pada migrasi ke pertalite gara2 pertamax naik, stok langsung tipis",emang iya orang pada migrasi ke pertalite gara pertamax naik stok langsung tipis,memang iya orang pada migrasi ke pertalite gara pertamax naik stok langsung tipis,memang iya orang migrasi pertalite gara pertamax naik stok langsung tipis
2076906169038414043,Tue Jul 14 05:46:32 +0000 2026,a snobbish sloth,kafka_____,"Kan sudah dibilang pelan2 akan semakin sulit, impact pengguna pertamax yg harga naik migrasi ke pertalite dan secara quantity juga (kemungkinan) berkurang",kan sudah dibilang pelan akan semakin sulit impact pengguna pertamax yg harga naik migrasi ke pertalite dan secara quantity juga kemungkinan berkurang,kan sudah dibilang pelan akan semakin sulit impact pengguna pertamax yang harga naik migrasi ke pertalite dan secara quantity juga kemungkinan berkurang,kan bilang pelan makin sulit impact guna pertamax harga naik migrasi pertalite quantity mungkin kurang
2076904819026207199,Tue Jul 14 05:41:10 +0000 2026,PolsekMedanKota,PolsekMdnKota,"*[MONITORING SPBU: POLSEK MEDAN KOTA MONITORING STOK BBM DI WILKUM POLSEK MEDAN KOTA]*

Personel Polsek Medan Kota laksanakan Monitoring ke SPBU di Wilkum Polsek Medan Kota.

*Yang dicek:*
1.  Ketersediaan Stok BBM: Pertalite, Pertamax, Solar
2.  Kesesuaian Harga dan Takaran BBM https://t.co/gdMVXve8jT",monitoring spbu polsek medan kota monitoring stok bbm di wilkum polsek medan kota personel polsek medan kota laksanakan monitoring ke spbu di wilkum polsek medan kota yang dicek ketersediaan stok bbm pertalite pertamax solar kesesuaian harga dan takaran bbm,monitoring spbu polsek medan kota monitoring stok bbm di wilkum polsek medan kota personel polsek medan kota laksanakan monitoring ke spbu di wilkum polsek medan kota yang dicek ketersediaan stok bbm pertalite pertamax solar kesesuaian harga dan takaran bbm,monitoring spbu polsek medan kota monitoring stok bbm wilkum polsek medan kota personel polsek medan kota laksana monitoring spbu wilkum polsek medan kota cek sedia stok bbm pertalite pertamax solar sesuai harga takar bbm
2076904759777518005,Tue Jul 14 05:40:56 +0000 2026,PolsekMedanKota,PolsekMdnKota,"*[MONITORING SPBU: POLSEK MEDAN KOTA MONITORING STOK BBM DI WILKUM POLSEK MEDAN KOTA]*

Personel Polsek Medan Kota laksanakan Monitoring ke SPBU di Wilkum Polsek Medan Kota.

*Yang dicek:*
1.  Ketersediaan Stok BBM: Pertalite, Pertamax, Solar
2.  Kesesuaian Harga dan Takaran BBM https://t.co/iLP3INBCBh",monitoring spbu polsek medan kota monitoring stok bbm di wilkum polsek medan kota personel polsek medan kota laksanakan monitoring ke spbu di wilkum polsek medan kota yang dicek ketersediaan stok bbm pertalite pertamax solar kesesuaian harga dan takaran bbm,monitoring spbu polsek medan kota monitoring stok bbm di wilkum polsek medan kota personel polsek medan kota laksanakan monitoring ke spbu di wilkum polsek medan kota yang dicek ketersediaan stok bbm pertalite pertamax solar kesesuaian harga dan takaran bbm,monitoring spbu polsek medan kota monitoring stok bbm wilkum polsek medan kota personel polsek medan kota laksana monitoring spbu wilkum polsek medan kota cek sedia stok bbm pertalite pertamax solar sesuai harga takar bbm
2076902051892645956,Tue Jul 14 05:30:10 +0000 2026,cece ☽̶☾,kaiyaagirll,"melihat huru hara antrian pertalite karena pertamax naik, semangat deh warga +62 https://t.co/NfKtv67D3i",melihat huru hara antrian pertalite karena pertamax naik semangat deh warga,melihat huru hara antrian pertalite karena pertamax naik semangat deh warga,lihat huru hara antri pertalite pertamax naik semangat warga
2076901102692524540,Tue Jul 14 05:26:24 +0000 2026,berkahilahi,berkahilah14899,@JunaidiLei52033 @pertamina @bahlillahadalia @prabowo @AgusYudhoyono Dongkol sekali. Tidak apa2 Pertamax naik. Tapi lihat para bandit korupsi rasanya ga iklas banget rakyat kena pait mulu.,dongkol sekali tidak apa pertamax naik tapi lihat para bandit korupsi rasanya ga iklas banget rakyat kena pait mulu,dongkol sekali tidak apa pertamax naik tapi lihat para bandit korupsi rasanya enggak iklas banget rakyat kena pahit mulu,dongkol sekali apa pertamax naik lihat bandit korupsi rasa enggak iklas banget rakyat kena pahit mulu
2076900597970919658,Tue Jul 14 05:24:24 +0000 2026,Sudut Pandang,_pandangsudut,@pecintareybahan Sebaiknya segera mendingin lagi. Udah capek harga Pertamax nggak turun-turun.,sebaiknya segera mendingin lagi udah capek harga pertamax nggak turun turun,sebaiknya segera mendingin lagi sudah capek harga pertamax enggak turun turun,baik segera dingin capek harga pertamax enggak turun turun
2076899576515268851,Tue Jul 14 05:20:20 +0000 2026,mir,miraikzmr,@txtdrbekasi Mana si anjing iq rendah yg bilang pertamax naik gak masalah soalnya buat orang kaya?,mana si anjing iq rendah yg bilang pertamax naik gak masalah soalnya buat orang kaya,mana sih anjing iq rendah yang bilang pertamax naik enggak masalah soalnya buat orang kayak,mana anjing iq rendah bilang pertamax naik enggak masalah soal buat orang kayak
2076897236039196911,Tue Jul 14 05:11:02 +0000 2026,sectumsempra✨,yeorinnnnn_,"@txtdrbekasi Udah dari hari apa ini min, soalnya softselling biar yg dibeli si pertamax wkwwkkwk

Pengen liat deh yg kemaren teriak-teriak soal harga pertamax cuma segitu dll dan belain si bahlul bngt.",udah dari hari apa ini min soalnya softselling biar yg dibeli si pertamax wkwwkkwk pengen liat deh yg kemaren teriak teriak soal harga pertamax cuma segitu dll dan belain si bahlul bngt,sudah dari hari apa ini min soalnya softselling biar yang dibeli sih pertamax wkwwkkwk pengin lihat deh yang kemarin teriak teriak soal harga pertamax cuma segitu dll dan membela sih bahlul banget,hari apa min soal softselling biar beli pertamax wkwwkkwk pengin lihat kemarin teriak teriak soal harga pertamax cuma segitu bela bahlul banget
2076896388982649002,Tue Jul 14 05:07:40 +0000 2026,Ruang Publik Politik,rublikpol,"Pertamina Patra Niaga sendiri sebenarnya telah berupaya menahan harga jual Pertamax dalam waktu yang cukup lama demi menjaga daya beli masyarakat, meskipun harga perolehan impornya sudah melambung jauh melampaui harga jual eceran di SPBU.",pertamina patra niaga sendiri sebenarnya telah berupaya menahan harga jual pertamax dalam waktu yang cukup lama demi menjaga daya beli masyarakat meskipun harga perolehan impornya sudah melambung jauh melampaui harga jual eceran di spbu,pertamina patra niaga sendiri sebenarnya telah berupaya menahan harga jual pertamax dalam waktu yang cukup lama demi menjaga daya beli masyarakat meskipun harga perolehan impornya sudah melambung jauh melampaui harga jual eceran di spbu,pertamina patra niaga sendiri benar upaya tahan harga jual pertamax waktu cukup lama jaga daya beli masyarakat meski harga oleh impor lambung jauh lampau harga jual ecer spbu
2076896180748026014,Tue Jul 14 05:06:51 +0000 2026,Ruang Publik Politik,rublikpol,"Sebagai produk non-subsidi yang tidak mendapatkan bantuan fiskal dari pemerintah, penentuan harga Pertamax harus mengikuti mekanisme pasar.",sebagai produk non subsidi yang tidak mendapatkan bantuan fiskal dari pemerintah penentuan harga pertamax harus mengikuti mekanisme pasar,sebagai produk non subsidi yang tidak mendapatkan bantuan fiskal dari pemerintah penentuan harga pertamax harus mengikuti mekanisme pasar,produk non subsidi dapat bantu fiskal perintah tentu harga pertamax ikut mekanisme pasar
2076896020538212701,Tue Jul 14 05:06:12 +0000 2026,Ruang Publik Politik,rublikpol,"Kondisi Geopolitik Global Memicu Melonjaknya Harga Pertamax

Lonjakan ini terjadi akibat eskalasi ketegangan geopolitik internasional, salah satunya dipicu oleh pecahnya konflik antara Israel dan Iran sejak awal tahun.",kondisi geopolitik global memicu melonjaknya harga pertamax lonjakan ini terjadi akibat eskalasi ketegangan geopolitik internasional salah satunya dipicu oleh pecahnya konflik antara israel dan iran sejak awal tahun,kondisi geopolitik global memicu melonjaknya harga pertamax lonjakan ini terjadi akibat eskalasi ketegangan geopolitik internasional salah satunya dipicu oleh pecahnya konflik antara israel dan iran sejak awal tahun,kondisi geopolitik global picu lonjak harga pertamax lonjak jadi akibat eskalasi tegang geopolitik internasional salah satu picu pecah konflik israel iran sejak awal tahun
2076895605688021481,Tue Jul 14 05:04:33 +0000 2026,Ruang Publik Politik,rublikpol,"Pihaknya sendiri telah berupaya menahan harga jual BBM non subsidi, khususnya Pertamax ini, untuk tidak naik dalam waktu lama, meski harga perolehan impornya sudah melebihi harga yang dijual di SPBU.",pihaknya sendiri telah berupaya menahan harga jual bbm non subsidi khususnya pertamax ini untuk tidak naik dalam waktu lama meski harga perolehan impornya sudah melebihi harga yang dijual di spbu,pihaknya sendiri telah berupaya menahan harga jual bbm non subsidi khususnya pertamax ini untuk tidak naik dalam waktu lama meski harga perolehan impornya sudah melebihi harga yang dijual di spbu,pihak sendiri upaya tahan harga jual bbm non subsidi khusus pertamax naik waktu lama meski harga oleh impor lebih harga jual spbu
2076895051964104945,Tue Jul 14 05:02:21 +0000 2026,Ruang Publik Politik,rublikpol,"Mengapa Harga Pertamax Melonjak Drastis?

PT Pertamina Patra Niaga mengungkapkan alasan utama di balik kebijakan naiknya harga Bahan Bakar Minyak (BBM) non subsidi Pertamax (RON 92) menjadi Rp 16.250 per liter, pada Rabu (10/6/2026).",mengapa harga pertamax melonjak drastis pt pertamina patra niaga mengungkapkan alasan utama di balik kebijakan naiknya harga bahan bakar minyak bbm non subsidi pertamax ron menjadi rp per liter pada rabu,mengapa harga pertamax melonjak drastis pt pertamina patra niaga mengungkapkan alasan utama di balik kebijakan naiknya harga bahan bakar minyak bbm non subsidi pertamax ron menjadi rp per liter pada rabu,harga pertamax lonjak drastis pt pertamina patra niaga ungkap alas utama balik bijak naik harga bahan bakar minyak bbm non subsidi pertamax ron jadi rp per liter rabu
2076894699177357520,Tue Jul 14 05:00:57 +0000 2026,Ruang Publik Politik,rublikpol,"Halo Rublikpolian! 👋

Kenaikan harga Pertamax sempat menjadi sorotan publik. Sebenarnya apa yang terjadi di balik kenaikan ini? 🤔 
Berikut penjelasannya 👇",halo rublikpolian kenaikan harga pertamax sempat menjadi sorotan publik sebenarnya apa yang terjadi di balik kenaikan ini berikut penjelasannya,halo rublikpolian kenaikan harga pertamax sempat menjadi sorotan publik sebenarnya apa yang terjadi di balik kenaikan ini berikut penjelasannya,halo rublikpolian naik harga pertamax sempat jadi sorot publik benar apa jadi balik naik ikut jelas
2076894310583390336,Tue Jul 14 04:59:25 +0000 2026,Saddammm,maulanaasaddam,"In this economy, emang orang Indo tuh ada aja gebrakannya👀

Sampai ngakalin untuk ngoplos BBM buat dapat ""Pertamax"" versi lebih murah gini. 

Konsepnya tuh oplos Pertalite sama Turbo biar dapet Ron 92.

Dari konsep ini, bisa dapetin Pertamax dengan Harga 13.333, hampir 3 ribu https://t.co/n7kUbuSsTS",in this economy emang orang indo tuh ada aja gebrakannya sampai ngakalin untuk ngoplos bbm buat dapat pertamax versi lebih murah gini konsepnya tuh oplos pertalite sama turbo biar dapet ron dari konsep ini bisa dapetin pertamax dengan harga hampir ribu,ini this economy memang orang indonesia tuh ada saja gebrakannya sampai ngakalin untuk ngoplos bbm buat dapat pertamax versi lebih murah begini konsepnya tuh oplos pertalite sama turbo biar dapat ron dari konsep ini bisa mendapatkan pertamax dengan harga hampir ribu,this economy memang orang indonesia tuh gebrak ngakalin ngoplos bbm buat pertamax versi lebih murah begini konsep tuh oplos pertalite sama turbo biar ron konsep dapat pertamax harga hampir ribu
2076890866019688680,Tue Jul 14 04:45:43 +0000 2026,Haruto.,VowenHaruto,@ChorusOfIkhlas Kenapa nanya harga pertamax kan abang naik sepedah,kenapa nanya harga pertamax kan abang naik sepedah,kenapa bertanya harga pertamax kan abang naik sepedah,tanya harga pertamax kan abang naik dah
2076886159242977451,Tue Jul 14 04:27:01 +0000 2026,cece ☽̶☾,kaiyaagirll,@notefromalice efek pertamax naik nih😭,efek pertamax naik nih,efek pertamax naik nih,efek pertamax naik nih
2076876128288198928,Tue Jul 14 03:47:10 +0000 2026,Tribun Medan,tribunmedan,"Daftar Harga BBM Pertamina di Seluruh SPBU, Pertamax Turbo 19.750, Pertalite, Solar Habis di Medan

https://t.co/hvYOjRiHqg via @tribunmedan",daftar harga bbm pertamina di seluruh spbu pertamax turbo pertalite solar habis di medan via,daftar harga bbm pertamina di seluruh spbu pertamax turbo pertalite solar habis di medan via,daftar harga bbm pertamina seluruh spbu pertamax turbo pertalite solar habis medan via
2076861447813128258,Tue Jul 14 02:48:50 +0000 2026,skrrr 🐙♑,cloud_jone,@ilyknowbit Dikit lagi nyamain harga pertamax turbo nihh 🤣🤣,dikit lagi nyamain harga pertamax turbo nihh,dikit lagi menyamakan harga pertamax turbo nih,dikit sama harga pertamax turbo nih
2076858958661419010,Tue Jul 14 02:38:56 +0000 2026,sha - slow 🦖,dearlyijeno,"@tebakhadiah bilang kak, pertamax naik, klo nyetir hilang arah gini cuma buang waktu sma tenaga 😭😭",bilang kak pertamax naik klo nyetir hilang arah gini cuma buang waktu sma tenaga,bilang kak pertamax naik kalo nyetir hilang arah begini cuma buang waktu sama tenaga,bilang kak pertamax naik nyetir hilang arah begini cuma buang waktu sama tenaga
2076854981391757759,Tue Jul 14 02:23:08 +0000 2026,6!,chaestrlla,"naik motor palingan 45-50 menit, bensin pertalite (kmrn2 pake pertamax tpi gpp ganti pertalite) kyknya sekitar 12rb PP, parkir 10rb.

naik krl + tj bisa 1 ½ jam, biaya transum 13rb PP, parkir stasiun 5rb

kyknya mendingan naik motor krn rute naik motor direct bgt unlike transum",naik motor palingan menit bensin pertalite kmrn pake pertamax tpi gpp ganti pertalite kyknya sekitar rb pp parkir rb naik krl tj bisa jam biaya transum rb pp parkir stasiun rb kyknya mendingan naik motor krn rute naik motor direct bgt unlike transum,naik motor palingan menit bensin pertalite kemarin pakai pertamax tapi enggak apa-apa ganti pertalite kayaknya sekitar ribu pp parkir ribu naik krl tj bisa jam biaya transum ribu pp parkir stasiun ribu kayaknya mendingan naik motor karena rute naik motor direct banget unlike transum,naik motor paling menit bensin pertalite kemarin pakai pertamax enggak apa ganti pertalite kayak ribu pp parkir ribu naik krl tj jam biaya transum ribu pp parkir stasiun ribu kayak mending naik motor rute naik motor direct banget unlike transum
2076854874441200033,Tue Jul 14 02:22:42 +0000 2026,ikhsan,ikhsanhdy,@maliiih28 Pelemahan rupiah murni karena faktor eksternal (dolar AS lagi kuat akibat kebijakan suku bunga The Fed). Penyesuaian harga Pertamax justru langkah penting untuk menjaga APBN agar tetap sehat dan fundamental ekonomi kita tetap dinilai kuat oleh investor global,pelemahan rupiah murni karena faktor eksternal dolar as lagi kuat akibat kebijakan suku bunga the fed penyesuaian harga pertamax justru langkah penting untuk menjaga apbn agar tetap sehat dan fundamental ekonomi kita tetap dinilai kuat oleh investor global,pelemahan rupiah murni karena faktor eksternal dolar as lagi kuat akibat kebijakan suku bunga the fed penyesuaian harga pertamax justru langkah penting untuk menjaga apbn agar tetap sehat dan fundamental ekonomi kita tetap dinilai kuat oleh investor global,lemah rupiah murni faktor eksternal dolar as kuat akibat bijak suku bunga the fed sesuai harga pertamax justru langkah penting jaga apbn tetap sehat fundamental ekonomi tetap nilai kuat investor global
2076848617990848725,Tue Jul 14 01:57:51 +0000 2026,𝖆𝖎,anindrastiwii,"Motorku awalnya pertamax turbo. Naik pertama. Naik kedua aku pindah pertamax. Terus pertamax ikut naik karena minyak dunia naik. Pas minyak dunia turun, kok pertamax gaikut turun sampai sekarang? 
Turbo sempat mengalami penurunan. Skrg aku belum update karena belum ke spbu.",motorku awalnya pertamax turbo naik pertama naik kedua aku pindah pertamax terus pertamax ikut naik karena minyak dunia naik pas minyak dunia turun kok pertamax gaikut turun sampai sekarang turbo sempat mengalami penurunan skrg aku belum update karena belum ke spbu,motorku awalnya pertamax turbo naik pertama naik kedua aku pindah pertamax terus pertamax ikut naik karena minyak dunia naik pas minyak dunia turun kok pertamax gaikut turun sampai sekarang turbo sempat mengalami penurunan sekarang aku belum update karena belum ke spbu,motor awal pertamax turbo naik pertama naik dua aku pindah pertamax terus pertamax ikut naik minyak dunia naik pas minyak dunia turun pertamax gaikut turun sekarang turbo sempat alami turun sekarang aku update spbu
2076844850562175442,Tue Jul 14 01:42:52 +0000 2026,Jesky ,jesjesky,"Naik lagi harga minyak dunia, makin lama aja deh nih pertamax turun. Kelakuan emang nih trum",naik lagi harga minyak dunia makin lama aja deh nih pertamax turun kelakuan emang nih trum,naik lagi harga minyak dunia makin lama saja deh nih pertamax turun kelakuan memang nih trum,naik harga minyak dunia makin lama nih pertamax turun laku memang nih trum
2076843005194150328,Tue Jul 14 01:35:32 +0000 2026,RinduRTdanbacot,Utha_san,@HailPhoenix Bangeet kita ujung2nya dipaksa untuk beli pertamax. Kalau gaji naik 50% gpp dah ini gaji naiknya cuman 3 4 persen doang,bangeet kita ujungnya dipaksa untuk beli pertamax kalau gaji naik gpp dah ini gaji naiknya cuman persen doang,banget kita ujungnya dipaksa untuk beli pertamax kalau gaji naik enggak apa-apa deh ini gaji naiknya cuman persen doang,banget ujung paksa beli pertamax kalau gaji naik enggak apa gaji naik cuman persen doang
2076839700317565018,Tue Jul 14 01:22:25 +0000 2026,Artha Dwi Lestari,ArthadwiLestari,kementerian ESDM benar harga BBM non subsidi seperti Pertamax harus turun jika minyak dunia melemah https://t.co/tZQwWtgwRn,kementerian esdm benar harga bbm non subsidi seperti pertamax harus turun jika minyak dunia melemah,kementerian esdm benar harga bbm non subsidi seperti pertamax harus turun jika minyak dunia melemah,menteri esdm benar harga bbm non subsidi pertamax turun minyak dunia lemah
2076822648374571474,Tue Jul 14 00:14:39 +0000 2026,Aisha Dara Safitri,aishadarasftr,pernyataan Dwi Anggia bagus sekali masyarakat butuh penyesuaian harga Pertamax ketika minyak dunia mengalami penurunan https://t.co/XMzysI8hik,pernyataan dwi anggia bagus sekali masyarakat butuh penyesuaian harga pertamax ketika minyak dunia mengalami penurunan,pernyataan dwi anggia bagus sekali masyarakat butuh penyesuaian harga pertamax ketika minyak dunia mengalami penurunan,nyata dwi anggia bagus sekali masyarakat butuh sesuai harga pertamax minyak dunia alami turun
2076819136685183418,Tue Jul 14 00:00:42 +0000 2026,Yasmine Mutiara Dewi,yasminemdewi,"mendukung penuh kebijakan Kementerian ESDM ya, kalau minyak dunia lemah harga Pertamax juga harus ikut turun https://t.co/yEoc2NFMad",mendukung penuh kebijakan kementerian esdm ya kalau minyak dunia lemah harga pertamax juga harus ikut turun,mendukung penuh kebijakan kementerian esdm ya kalau minyak dunia lemah harga pertamax juga harus ikut turun,dukung penuh bijak menteri esdm kalau minyak dunia lemah harga pertamax ikut turun
2076817989278785952,Mon Jul 13 23:56:08 +0000 2026,almachzumi™ 📶,almachzumi,@ca_ca_id Karena pertamax naik jadi pindah pertalite katanya,karena pertamax naik jadi pindah pertalite katanya,karena pertamax naik jadi pindah pertalite katanya,pertamax naik jadi pindah pertalite kata
2076816654491853066,Mon Jul 13 23:50:50 +0000 2026,Asura 🔥,Asura0599,"US nyerang Iran lagi bjir wkwk, kesepakatan gagal? Minyak mengudara lagi? 👹

Coba kita mulai dari kesepakatan damai bulan Juni kemarin, yang ternyata cuma manis di atas kertas doang.

Jadi US sepakat sama Iran hormuz dibuka dan Iran gak boleh punya nuklir. Iran emang janji gak https://t.co/OGOtB8OjeH",us nyerang iran lagi bjir wkwk kesepakatan gagal minyak mengudara lagi coba kita mulai dari kesepakatan damai bulan juni kemarin yang ternyata cuma manis di atas kertas doang jadi us sepakat sama iran hormuz dibuka dan iran gak boleh punya nuklir iran emang janji gak,us menyerang iran lagi bjir wkwk kesepakatan gagal minyak mengudara lagi coba kita mulai dari kesepakatan damai bulan juni kemarin yang ternyata cuma manis di atas kertas doang jadi us sepakat sama iran hormuz dibuka dan iran enggak boleh punya nuklir iran memang janji enggak,us serang iran bjir wkwk sepakat gagal minyak udara coba mulai sepakat damai bulan juni kemarin nyata cuma manis atas kertas doang jadi us sepakat sama iran hormuz buka iran enggak punya nuklir iran memang janji enggak
2076806421933707544,Mon Jul 13 23:10:10 +0000 2026,Aisha Dara Safitri,aishadarasftr,kementerian ESDM memang selalu siap menyesuaikan harga Pertamax sesuai fluktuasi minyak dunia jadi kalau harga melemah pasti langsung turun untuk masyarakat https://t.co/mvPJ7P2sVj,kementerian esdm memang selalu siap menyesuaikan harga pertamax sesuai fluktuasi minyak dunia jadi kalau harga melemah pasti langsung turun untuk masyarakat,kementerian esdm memang selalu siap menyesuaikan harga pertamax sesuai fluktuasi minyak dunia jadi kalau harga melemah pasti langsung turun untuk masyarakat,menteri esdm memang selalu siap sesuai harga pertamax sesuai fluktuasi minyak dunia jadi kalau harga lemah langsung turun masyarakat
2076805007173898337,Mon Jul 13 23:04:33 +0000 2026,Fira Ayu Pertiwi,ayufirapertiwi,saya percaya Kementerian ESDM akan buat harga Pertamax turun kalau minyak dunia melemah sesuai mekanisme ekonomi https://t.co/qYSOvvvyTt,saya percaya kementerian esdm akan buat harga pertamax turun kalau minyak dunia melemah sesuai mekanisme ekonomi,saya percaya kementerian esdm akan buat harga pertamax turun kalau minyak dunia melemah sesuai mekanisme ekonomi,percaya menteri esdm buat harga pertamax turun kalau minyak dunia lemah sesuai mekanisme ekonomi
2076800971884413285,Mon Jul 13 22:48:31 +0000 2026,Dini Ayu Wulandari,Wulandariayudi,dukungan penuh buat ESDM yang siap menurunkan harga Pertamax mengikuti kondisi minyak dunia yang sedang melemah saat ini https://t.co/6XRKW61JeD,dukungan penuh buat esdm yang siap menurunkan harga pertamax mengikuti kondisi minyak dunia yang sedang melemah saat ini,dukungan penuh buat esdm yang siap menurunkan harga pertamax mengikuti kondisi minyak dunia yang sedang melemah saat ini,dukung penuh buat esdm siap turun harga pertamax ikut kondisi minyak dunia sedang lemah
2076800304855801938,Mon Jul 13 22:45:52 +0000 2026,OkkyNugraha,OkkyNugrahaaa,kalau minyak dunia terus melemah pasti ESDM akan segera turunkan harga Pertamax seperti yang sudah diungkapkan juru bicaranya tadi https://t.co/fW8hKk8Xds,kalau minyak dunia terus melemah pasti esdm akan segera turunkan harga pertamax seperti yang sudah diungkapkan juru bicaranya tadi,kalau minyak dunia terus melemah pasti esdm akan segera turunkan harga pertamax seperti yang sudah diungkapkan juru bicaranya tadi,kalau minyak dunia terus lemah esdm segera turun harga pertamax ungkap juru bicara tadi
2076786188032364710,Mon Jul 13 21:49:46 +0000 2026,Cindy Novita Wulandari,cindynvtawulan,dengan pernyataan resmi dari ESDM ini kita bisa optimis harga Pertamax bakal turun saat minyak dunia melemah sesuai mekanisme pasar yang adil https://t.co/9Kx5VhH9ZB,dengan pernyataan resmi dari esdm ini kita bisa optimis harga pertamax bakal turun saat minyak dunia melemah sesuai mekanisme pasar yang adil,dengan pernyataan resmi dari esdm ini kita bisa optimis harga pertamax bakal turun saat minyak dunia melemah sesuai mekanisme pasar yang adil,nyata resmi esdm optimis harga pertamax bakal turun minyak dunia lemah sesuai mekanisme pasar adil
2076780719465267707,Mon Jul 13 21:28:02 +0000 2026,Yovita Kirana Sari,yovitakiranaa,bagus sekali komitmen ESDM yang memastikan harga Pertamax turun mengikuti melemahnya minyak dunia tanpa menunggu lama lama lagi https://t.co/4REuNdh5rz,bagus sekali komitmen esdm yang memastikan harga pertamax turun mengikuti melemahnya minyak dunia tanpa menunggu lama lama lagi,bagus sekali komitmen esdm yang memastikan harga pertamax turun mengikuti melemahnya minyak dunia tanpa menunggu lama lama lagi,bagus sekali komitmen esdm pasti harga pertamax turun ikut lemah minyak dunia tunggu lama lama
2076776303504806228,Mon Jul 13 21:10:30 +0000 2026,Artha Dwi Lestari,arthadwils,langkah ESDM yang responsif terhadap fluktuasi minyak dunia ini bagus karena bisa bikin harga Pertamax ikut turun cepat untuk rakyat https://t.co/jpciGeOpba,langkah esdm yang responsif terhadap fluktuasi minyak dunia ini bagus karena bisa bikin harga pertamax ikut turun cepat untuk rakyat,langkah esdm yang responsif terhadap fluktuasi minyak dunia ini bagus karena bisa bikin harga pertamax ikut turun cepat untuk rakyat,langkah esdm responsif fluktuasi minyak dunia bagus bikin harga pertamax ikut turun cepat rakyat
2076771700180668739,Mon Jul 13 20:52:12 +0000 2026,Bagus Agung Prabowo,AgungBprabowo,"bagus sekali info dari Kementerian ESDM, semoga harga Pertamax cepat turun seiring melemahnya harga minyak global https://t.co/Rf7BRYtgAX",bagus sekali info dari kementerian esdm semoga harga pertamax cepat turun seiring melemahnya harga minyak global,bagus sekali info dari kementerian esdm semoga harga pertamax cepat turun seiring melemahnya harga minyak global,bagus sekali info menteri esdm moga harga pertamax cepat turun iring lemah harga minyak global
2076770805237837985,Mon Jul 13 20:48:39 +0000 2026,Carisa Ayu Maharani,carisayumhr,langkah ESDM yang responsif terhadap fluktuasi minyak dunia ini bagus karena bisa bikin harga Pertamax ikut turun cepat untuk rakyat https://t.co/0IUY9UX2Wp,langkah esdm yang responsif terhadap fluktuasi minyak dunia ini bagus karena bisa bikin harga pertamax ikut turun cepat untuk rakyat,langkah esdm yang responsif terhadap fluktuasi minyak dunia ini bagus karena bisa bikin harga pertamax ikut turun cepat untuk rakyat,langkah esdm responsif fluktuasi minyak dunia bagus bikin harga pertamax ikut turun cepat rakyat
2076769406995288538,Mon Jul 13 20:43:05 +0000 2026,eduuuu,eduardop2131,dengan pernyataan resmi dari ESDM ini kita bisa optimis harga Pertamax bakal turun saat minyak dunia melemah sesuai mekanisme pasar yang adil https://t.co/TvTqSVpxvn,dengan pernyataan resmi dari esdm ini kita bisa optimis harga pertamax bakal turun saat minyak dunia melemah sesuai mekanisme pasar yang adil,dengan pernyataan resmi dari esdm ini kita bisa optimis harga pertamax bakal turun saat minyak dunia melemah sesuai mekanisme pasar yang adil,nyata resmi esdm optimis harga pertamax bakal turun minyak dunia lemah sesuai mekanisme pasar adil
2076765518862962973,Mon Jul 13 20:27:38 +0000 2026,Yovita Kirana Sari,yovitakiranaa,"dukungan penuh untuk Kementerian ESDM, semoga harga Pertamax segera disesuaikan kalau minyak dunia semakin lemah https://t.co/TYnF6KfO0t",dukungan penuh untuk kementerian esdm semoga harga pertamax segera disesuaikan kalau minyak dunia semakin lemah,dukungan penuh untuk kementerian esdm semoga harga pertamax segera disesuaikan kalau minyak dunia semakin lemah,dukung penuh menteri esdm moga harga pertamax segera sesuai kalau minyak dunia makin lemah
2076762544379982274,Mon Jul 13 20:15:49 +0000 2026,Artha Dwi Lestari,arthadwils,langkah ESDM yang responsif terhadap fluktuasi minyak dunia ini bagus karena bisa bikin harga Pertamax ikut turun cepat untuk rakyat https://t.co/vd4C3s0Fkd,langkah esdm yang responsif terhadap fluktuasi minyak dunia ini bagus karena bisa bikin harga pertamax ikut turun cepat untuk rakyat,langkah esdm yang responsif terhadap fluktuasi minyak dunia ini bagus karena bisa bikin harga pertamax ikut turun cepat untuk rakyat,langkah esdm responsif fluktuasi minyak dunia bagus bikin harga pertamax ikut turun cepat rakyat
2076761780685263194,Mon Jul 13 20:12:47 +0000 2026,Gwyneth Tri Asmara,Gwynetriasma,"setuju dengan ESDM, harga Pertamax pasti ada penyesuaian turun mengikuti harga minyak dunia yang melemah https://t.co/6tUPudkvwT",setuju dengan esdm harga pertamax pasti ada penyesuaian turun mengikuti harga minyak dunia yang melemah,setuju dengan esdm harga pertamax pasti ada penyesuaian turun mengikuti harga minyak dunia yang melemah,tuju esdm harga pertamax sesuai turun ikut harga minyak dunia lemah
2076746891115794437,Mon Jul 13 19:13:37 +0000 2026,Clarissa Tri Ayu,clarisatayu,"pernyataan ESDM masuk akal, harga Pertamax memang harus disesuaikan turun kalau minyak dunia melemah https://t.co/OinvNGUn52",pernyataan esdm masuk akal harga pertamax memang harus disesuaikan turun kalau minyak dunia melemah,pernyataan esdm masuk akal harga pertamax memang harus disesuaikan turun kalau minyak dunia melemah,nyata esdm masuk akal harga pertamax memang sesuai turun kalau minyak dunia lemah
2076745228296540444,Mon Jul 13 19:07:01 +0000 2026,ElvianaRizkiDewi,ElvianaRizkiaa,saya dukung Kementerian ESDM yang bilang harga Pertamax akan turun kalau minyak dunia melemah agar lebih sesuai pasar https://t.co/KAahM9vkvS,saya dukung kementerian esdm yang bilang harga pertamax akan turun kalau minyak dunia melemah agar lebih sesuai pasar,saya dukung kementerian esdm yang bilang harga pertamax akan turun kalau minyak dunia melemah agar lebih sesuai pasar,dukung menteri esdm bilang harga pertamax turun kalau minyak dunia lemah lebih sesuai pasar
2076726730208030865,Mon Jul 13 17:53:30 +0000 2026,Ilmufirasat,theaqyal,"Rezim iran ini yang membuat harga pertamax naik, harga plastik naik, harga-harga naik + inflasi. Sudah waktunya hormuz dibebaskan. Rezim iran jauh lebih pengecut dari yang kita kira.",rezim iran ini yang membuat harga pertamax naik harga plastik naik harga harga naik inflasi sudah waktunya hormuz dibebaskan rezim iran jauh lebih pengecut dari yang kita kira,rezim iran ini yang membuat harga pertamax naik harga plastik naik harga harga naik inflasi sudah waktunya hormuz dibebaskan rezim iran jauh lebih pengecut dari yang kita kira,rezim iran buat harga pertamax naik harga plastik naik harga harga naik inflasi waktu hormuz bebas rezim iran jauh lebih kecut kira
2076718986222620871,Mon Jul 13 17:22:44 +0000 2026,bell,savirabellaaa,@txtdrbekasi curiga harga pertamax mau turun jadi di bikin cerita seolah olah pertalite langka biar pada beli pertamax yang dijual masih harga mahal,curiga harga pertamax mau turun jadi di bikin cerita seolah olah pertalite langka biar pada beli pertamax yang dijual masih harga mahal,curiga harga pertamax mau turun jadi di bikin cerita seolah olah pertalite langka biar pada beli pertamax yang dijual masih harga mahal,curiga harga pertamax mau turun jadi bikin cerita olah pertalite langka biar beli pertamax jual harga mahal
2076705409466015979,Mon Jul 13 16:28:47 +0000 2026,TheOneOnly,andrewibu99,"@txtdrimedia Kan yang naik pertamax kok yg pake pertalite ribut siihh, ucap si otak tolol kemarin",kan yang naik pertamax kok yg pake pertalite ribut siihh ucap si otak tolol kemarin,kan yang naik pertamax kok yang pakai pertalite ribut sih ucap sih otak tolol kemarin,kan naik pertamax pakai pertalite ribut ucap otak tolol kemarin
2076695570278957089,Mon Jul 13 15:49:41 +0000 2026,Fira Ayu Pertiwi,ayufirapertiwi,saya suka pendekatan ESDM yang transparan soal penurunan harga Pertamax ketika minyak dunia sedang turun https://t.co/JPYC6eT94N,saya suka pendekatan esdm yang transparan soal penurunan harga pertamax ketika minyak dunia sedang turun,saya suka pendekatan esdm yang transparan soal penurunan harga pertamax ketika minyak dunia sedang turun,suka dekat esdm transparan soal turun harga pertamax minyak dunia sedang turun
2076695437176922339,Mon Jul 13 15:49:10 +0000 2026,txt gajelas,txtdarigajelas,"@aldysuhanda_ kalo badmood, harga pertamax turun 10rb",kalo badmood harga pertamax turun rb,kalo badmood harga pertamax turun ribu,badmood harga pertamax turun ribu
2076692967918911662,Mon Jul 13 15:39:21 +0000 2026,Nova Juicy,novaflorian07,"Dulu pas pertamax naik, Ada beberapa temen yang bilang, Ah yang naik pertamax ini bukan Pertalite, naik juga ga banyak, kita yang isi pertalite mah aman, terus pas mahasiswanya demo Ah mahasiswa demo buat orang kaya yang isi pertamax!! 
DAMN, Udah 2hari ini cari Pertalite susah. https://t.co/upTaaKDAmN",dulu pas pertamax naik ada beberapa temen yang bilang ah yang naik pertamax ini bukan pertalite naik juga ga banyak kita yang isi pertalite mah aman terus pas mahasiswanya demo ah mahasiswa demo buat orang kaya yang isi pertamax damn udah hari ini cari pertalite susah,dulu pas pertamax naik ada beberapa teman yang bilang ah yang naik pertamax ini bukan pertalite naik juga enggak banyak kita yang isi pertalite mah aman terus pas mahasiswanya demo ah mahasiswa demo buat orang kayak yang isi pertamax damn sudah hari ini cari pertalite susah,dulu pas pertamax naik beberapa teman bilang ah naik pertamax bukan pertalite naik enggak banyak isi pertalite mah aman terus pas mahasiswa demo ah mahasiswa demo buat orang kayak isi pertamax damn hari cari pertalite susah
2076685883936547266,Mon Jul 13 15:11:12 +0000 2026,Fita Anggraini Lestari,Fitaanggrales,dukung ESDM karena memastikan harga Pertamax mengikuti tren turunnya harga minyak dunia demi masyarakat https://t.co/gj9Sw7307A,dukung esdm karena memastikan harga pertamax mengikuti tren turunnya harga minyak dunia demi masyarakat,dukung esdm karena memastikan harga pertamax mengikuti tren turunnya harga minyak dunia demi masyarakat,dukung esdm pasti harga pertamax ikut tren turun harga minyak dunia masyarakat
2076683095596802161,Mon Jul 13 15:00:07 +0000 2026,Aditya Wicaksana Nugraha,adityaWnugrahaa,juru bicara Kementerian ESDM sudah jelas bilang akan ada penyesuaian harga Pertamax ke bawah jika harga minyak dunia semakin melemah nantinya https://t.co/3YtjTOBDjq,juru bicara kementerian esdm sudah jelas bilang akan ada penyesuaian harga pertamax ke bawah jika harga minyak dunia semakin melemah nantinya,juru bicara kementerian esdm sudah jelas bilang akan ada penyesuaian harga pertamax ke bawah jika harga minyak dunia semakin melemah nantinya,juru bicara menteri esdm jelas bilang sesuai harga pertamax bawah harga minyak dunia makin lemah nanti
2076675482846912948,Mon Jul 13 14:29:52 +0000 2026,Fira Ayu Pertiwi,ayufirapertiwi,dengan pernyataan resmi dari ESDM ini kita bisa optimis harga Pertamax bakal turun saat minyak dunia melemah sesuai mekanisme pasar yang adil https://t.co/ZqiDnwQJXt,dengan pernyataan resmi dari esdm ini kita bisa optimis harga pertamax bakal turun saat minyak dunia melemah sesuai mekanisme pasar yang adil,dengan pernyataan resmi dari esdm ini kita bisa optimis harga pertamax bakal turun saat minyak dunia melemah sesuai mekanisme pasar yang adil,nyata resmi esdm optimis harga pertamax bakal turun minyak dunia lemah sesuai mekanisme pasar adil
2076674962979766496,Mon Jul 13 14:27:48 +0000 2026,layla,Ayaningie_,"Tapi boleh ga sih itu harga pertamax tolong turunin dong, nangis gue ke shiramedia klo sebiji doang 😭🙏",tapi boleh ga sih itu harga pertamax tolong turunin dong nangis gue ke shiramedia klo sebiji doang,tapi boleh enggak sih itu harga pertamax tolong turunin dong menangis gue ke shiramedia kalo sebiji doang,enggak harga pertamax turunin dong menang gue shiramedia biji doang
2076672190657987063,Mon Jul 13 14:16:47 +0000 2026,Gwyneth Ayu Pertiwi,GwynetaPertiwi,keren ESDM ingatkan pelaku usaha untuk sesuaikan harga Pertamax turun saat minyak dunia melemah https://t.co/DB00nTrA5B,keren esdm ingatkan pelaku usaha untuk sesuaikan harga pertamax turun saat minyak dunia melemah,keren esdm ingatkan pelaku usaha untuk sesuaikan harga pertamax turun saat minyak dunia melemah,keren esdm ingat laku usaha sesuai harga pertamax turun minyak dunia lemah
2076669612641640474,Mon Jul 13 14:06:32 +0000 2026,Chitra Malini Ayu,Malinichitraayu,kementerian ESDM terus memantau dan siap turunkan harga Pertamax begitu minyak dunia melemah sehingga konsumen bisa dapat keuntungan langsung https://t.co/2uc6SYjDiZ,kementerian esdm terus memantau dan siap turunkan harga pertamax begitu minyak dunia melemah sehingga konsumen bisa dapat keuntungan langsung,kementerian esdm terus memantau dan siap turunkan harga pertamax begitu minyak dunia melemah sehingga konsumen bisa dapat keuntungan langsung,menteri esdm terus pantau siap turun harga pertamax minyak dunia lemah konsumen untung langsung
2076660890448048273,Mon Jul 13 13:31:53 +0000 2026,Love Like You (Liyu!),chbuei,@taqrae Kenapa aku nggak boleh ngebut abang pasti karena takut bensinnya cepet abis terus abang nggak bisa ngisi soalnya pertamax per liter lagi naik yah..? 😹💧,kenapa aku nggak boleh ngebut abang pasti karena takut bensinnya cepet abis terus abang nggak bisa ngisi soalnya pertamax per liter lagi naik yah,kenapa aku enggak boleh ngebut abang pasti karena takut bensinnya cepat habis terus abang enggak bisa ngisi soalnya pertamax per liter lagi naik ya,aku enggak ngebut abang takut bensin cepat habis terus abang enggak ngisi soal pertamax per liter naik
2076659074872348731,Mon Jul 13 13:24:40 +0000 2026,Andara Dara Utami,andaraautami,"klarifikasi juru bicara ESDM bagus, artinya Pertamax bisa lebih murah kalau harga minyak global turun https://t.co/WrItS3Ue4S",klarifikasi juru bicara esdm bagus artinya pertamax bisa lebih murah kalau harga minyak global turun,klarifikasi juru bicara esdm bagus artinya pertamax bisa lebih murah kalau harga minyak global turun,klarifikasi juru bicara esdm bagus arti pertamax lebih murah kalau harga minyak global turun
2076658771959673106,Mon Jul 13 13:23:28 +0000 2026,Githa Kirana Ayu,Kiranaayugi,pernyataan juru bicara ESDM sangat mendukung masyarakat yang berharap harga Pertamax ikut turun https://t.co/OLtuicqC1n,pernyataan juru bicara esdm sangat mendukung masyarakat yang berharap harga pertamax ikut turun,pernyataan juru bicara esdm sangat mendukung masyarakat yang berharap harga pertamax ikut turun,nyata juru bicara esdm sangat dukung masyarakat harap harga pertamax ikut turun
2076655753046507670,Mon Jul 13 13:11:28 +0000 2026,Mira Dara Utami,megaftilestarii,"pernyataan Dwi Anggia meyakinkan, penurunan harga minyak dunia akan diikuti penurunan harga Pertamax juga https://t.co/LQtsods53n",pernyataan dwi anggia meyakinkan penurunan harga minyak dunia akan diikuti penurunan harga pertamax juga,pernyataan dwi anggia meyakinkan penurunan harga minyak dunia akan diikuti penurunan harga pertamax juga,nyata dwi anggia yakin turun harga minyak dunia ikut turun harga pertamax
2076653876472934736,Mon Jul 13 13:04:01 +0000 2026,QodriFauzi,QodriFauzi5ca,masyarakat pasti senang kalau Kementerian ESDM konsisten menurunkan harga Pertamax tiap kali minyak dunia melemah seperti yang sudah dijanjikan tadi https://t.co/VhdmUcc4PL,masyarakat pasti senang kalau kementerian esdm konsisten menurunkan harga pertamax tiap kali minyak dunia melemah seperti yang sudah dijanjikan tadi,masyarakat pasti senang kalau kementerian esdm konsisten menurunkan harga pertamax tiap kali minyak dunia melemah seperti yang sudah dijanjikan tadi,masyarakat senang kalau menteri esdm konsisten turun harga pertamax tiap kali minyak dunia lemah janji tadi
2076646400499359770,Mon Jul 13 12:34:18 +0000 2026,Siti Nia Lestari,sitinials,"pasti akan ada penyesuaian harga seperti kata juru bicara ESDM, Pertamax turun kalau minyak dunia turun juga https://t.co/mC8wgH6Wd5",pasti akan ada penyesuaian harga seperti kata juru bicara esdm pertamax turun kalau minyak dunia turun juga,pasti akan ada penyesuaian harga seperti kata juru bicara esdm pertamax turun kalau minyak dunia turun juga,sesuai harga kata juru bicara esdm pertamax turun kalau minyak dunia turun
2076645410991644918,Mon Jul 13 12:30:22 +0000 2026,eduuuu,eduardop2131,"senang ada konfirmasi seperti ini dari Kementerian ESDM, Pertamax diharapkan turun harga seiring minyak dunia https://t.co/qgD7ZU4k44",senang ada konfirmasi seperti ini dari kementerian esdm pertamax diharapkan turun harga seiring minyak dunia,senang ada konfirmasi seperti ini dari kementerian esdm pertamax diharapkan turun harga seiring minyak dunia,senang konfirmasi menteri esdm pertamax harap turun harga iring minyak dunia
2076644592414523459,Mon Jul 13 12:27:07 +0000 2026,Betania Kirana Sari,betaniakiransr,"pernyataan ini bikin optimis, Pertamax bakal turun harga kalau minyak dunia terus melemah seperti sekarang https://t.co/VQDTpox5lj",pernyataan ini bikin optimis pertamax bakal turun harga kalau minyak dunia terus melemah seperti sekarang,pernyataan ini bikin optimis pertamax bakal turun harga kalau minyak dunia terus melemah seperti sekarang,nyata bikin optimis pertamax bakal turun harga kalau minyak dunia terus lemah sekarang
2076643288262832133,Mon Jul 13 12:21:56 +0000 2026,CitraMelatiJelita,CitraMelatiJ,"optimis sekali dengan info ini, Pertamax bakal ikut turun harga saat minyak dunia semakin lemah https://t.co/Y9Zgg6wejc",optimis sekali dengan info ini pertamax bakal ikut turun harga saat minyak dunia semakin lemah,optimis sekali dengan info ini pertamax bakal ikut turun harga saat minyak dunia semakin lemah,optimis sekali info pertamax bakal ikut turun harga minyak dunia makin lemah
2076643041750986822,Mon Jul 13 12:20:57 +0000 2026,ᰔ another filaa 🐰 𝅄 ۪۪۪,baesuminf,see? SEE? bbm naik itu ngaruhnya ga cuma ke pemakai pertamax aja.,see see bbm naik itu ngaruhnya ga cuma ke pemakai pertamax aja,sih sih bbm naik itu ngaruhnya enggak cuma ke pemakai pertamax saja,bbm naik ngaruhnya enggak cuma pakai pertamax
2076639741555163398,Mon Jul 13 12:07:51 +0000 2026,Dewi Permata Sari,dewipermtsa,dukung penuh pernyataan Kementerian ESDM bahwa harga Pertamax akan disesuaikan turun mengikuti harga minyak dunia https://t.co/s6glk0CVYb,dukung penuh pernyataan kementerian esdm bahwa harga pertamax akan disesuaikan turun mengikuti harga minyak dunia,dukung penuh pernyataan kementerian esdm bahwa harga pertamax akan disesuaikan turun mengikuti harga minyak dunia,dukung penuh nyata menteri esdm harga pertamax sesuai turun ikut harga minyak dunia
2076639533970628837,Mon Jul 13 12:07:01 +0000 2026,Candra Kirana Dewi,kiranadewicn,"juru bicara ESDM bilang benar, penurunan harga minyak dunia akan membuat Pertamax ikut turun harganya https://t.co/LBkf4uKZhE",juru bicara esdm bilang benar penurunan harga minyak dunia akan membuat pertamax ikut turun harganya,juru bicara esdm bilang benar penurunan harga minyak dunia akan membuat pertamax ikut turun harganya,juru bicara esdm bilang benar turun harga minyak dunia buat pertamax ikut turun harga
2076638954909245727,Mon Jul 13 12:04:43 +0000 2026,Evi Susanti Wijaya,Eviantiwijaya,penjelasan ESDM sangat masuk akal harga Pertamax harus ikut turun ketika harga minyak dunia mengalami penurunan https://t.co/cXyJfTfXp0,penjelasan esdm sangat masuk akal harga pertamax harus ikut turun ketika harga minyak dunia mengalami penurunan,penjelasan esdm sangat masuk akal harga pertamax harus ikut turun ketika harga minyak dunia mengalami penurunan,jelas esdm sangat masuk akal harga pertamax ikut turun harga minyak dunia alami turun
2076638364930072967,Mon Jul 13 12:02:22 +0000 2026,HendrikSaputra,HendrikStraaa,bagus pernyataan ESDM menegaskan penyesuaian harga Pertamax akan terjadi kalau minyak dunia melemah https://t.co/ivSapymHRL,bagus pernyataan esdm menegaskan penyesuaian harga pertamax akan terjadi kalau minyak dunia melemah,bagus pernyataan esdm menegaskan penyesuaian harga pertamax akan terjadi kalau minyak dunia melemah,bagus nyata esdm tegas sesuai harga pertamax jadi kalau minyak dunia lemah
2076637622726967382,Mon Jul 13 11:59:25 +0000 2026,Ayu Triana Wijaya,trianawijayaayu,"mendukung penuh kebijakan Kementerian ESDM ya, kalau minyak dunia lemah harga Pertamax juga harus ikut turun https://t.co/xROqY3tXTX",mendukung penuh kebijakan kementerian esdm ya kalau minyak dunia lemah harga pertamax juga harus ikut turun,mendukung penuh kebijakan kementerian esdm ya kalau minyak dunia lemah harga pertamax juga harus ikut turun,dukung penuh bijak menteri esdm kalau minyak dunia lemah harga pertamax ikut turun
2076637178894197185,Mon Jul 13 11:57:40 +0000 2026,dwicitraanggra,dwicitraanggra,setuju ESDM soal penyesuaian harga Pertamax yang akan turun mengikuti harga minyak dunia yang melemah https://t.co/KonfXQX6QB,setuju esdm soal penyesuaian harga pertamax yang akan turun mengikuti harga minyak dunia yang melemah,setuju esdm soal penyesuaian harga pertamax yang akan turun mengikuti harga minyak dunia yang melemah,tuju esdm soal sesuai harga pertamax turun ikut harga minyak dunia lemah
2076636383364759923,Mon Jul 13 11:54:30 +0000 2026,𝓐𝓵𝓪,dil2407,"@makiyantann_ awalnya pertamax, krna Pertamax naik aku ganti ke pertalite, walaupun lebih boros pertalite.",awalnya pertamax krna pertamax naik aku ganti ke pertalite walaupun lebih boros pertalite,awalnya pertamax karena pertamax naik aku ganti ke pertalite walaupun lebih boros pertalite,awal pertamax pertamax naik aku ganti pertalite walaupun lebih boros pertalite
2076636342784811259,Mon Jul 13 11:54:20 +0000 2026,Farhana Putri Ayu,Farhanaayuptr,mantap Kementerian ESDM pastikan harga Pertamax disesuaikan turun jika harga minyak dunia melemah demi keadilan https://t.co/51nXzWva6D,mantap kementerian esdm pastikan harga pertamax disesuaikan turun jika harga minyak dunia melemah demi keadilan,mantap kementerian esdm pastikan harga pertamax disesuaikan turun jika harga minyak dunia melemah demi keadilan,mantap menteri esdm pasti harga pertamax sesuai turun harga minyak dunia lemah adil
2076634118419619913,Mon Jul 13 11:45:30 +0000 2026,fey,wnithout,"@cabtto aku sejak jd user pertalite since harga pertamax naik, merasakan antrian panjanggggggg bgt😭😭 mau pake pertamax gak rela sumpah.",aku sejak jd user pertalite since harga pertamax naik merasakan antrian panjanggggggg bgt mau pake pertamax gak rela sumpah,aku sejak jadi user pertalite since harga pertamax naik merasakan antrian panjanggggggg banget mau pakai pertamax enggak rela sumpah,aku sejak jadi user pertalite since harga pertamax naik rasa antri panjanggggggg banget mau pakai pertamax enggak rela sumpah
2076604328501272925,Mon Jul 13 09:47:08 +0000 2026,Bininya Kyungsoo🐧,cilakw,@txtdrimedia Mana tuh kaum pertalite yang ngerasa ga ngaruh di mereka kalo pertamax naik? Gw mah cuma bilang sukurin.. Makanya jangan mau jd buzzer pemerintah yg cuma dpt seperak doang..,mana tuh kaum pertalite yang ngerasa ga ngaruh di mereka kalo pertamax naik gw mah cuma bilang sukurin makanya jangan mau jd buzzer pemerintah yg cuma dpt seperak doang,mana tuh kaum pertalite yang merasa enggak ngaruh di mereka kalo pertamax naik gue mah cuma bilang sukurin makanya jangan mau jadi buzzer pemerintah yang cuma dapat seperak doang,mana tuh kaum pertalite rasa enggak ngaruh pertamax naik gue mah cuma bilang sukurin makanya jangan mau jadi buzzer perintah cuma perak doang
2076586218436088233,Mon Jul 13 08:35:10 +0000 2026,potatogurll,maliiih28,"Cuma mau kasih tau ges
1 dollar &gt; 18 ribu rupiah

padahal kukira kemarin setelah pertamax naik sudah mulai menguat tapi ternyata sama aja😭. Menurut kalian kenapa nih gais rupiah melemah terus? https://t.co/jvydW2TvG9",cuma mau kasih tau ges dollar gt ribu rupiah padahal kukira kemarin setelah pertamax naik sudah mulai menguat tapi ternyata sama aja menurut kalian kenapa nih gais rupiah melemah terus,cuma mau kasih tau ges dollar begitu ribu rupiah padahal kukira kemarin setelah pertamax naik sudah mulai menguat tapi ternyata sama saja menurut kalian kenapa nih gais rupiah melemah terus,cuma mau kasih tau ges dollar ribu rupiah padahal kira kemarin pertamax naik mulai kuat nyata sama kalian nih gais rupiah lemah terus
2076574311805243746,Mon Jul 13 07:47:51 +0000 2026,Hashimoto Rei 🏳️‍🌈🇵🇸🇱🇹🇨🇺🇦🇲,HashimotoRei98,Mereka berdua penentang perjanjian Iran era Obama &amp; pendukung Perang Iran era Trump terkeras di Kongres AS. Perang Iran bikin harga Migas dunia naik. Akibatnya harga Pertamax naik &amp; Pertalite langka. Sebuah observasi bagaimana 2 Orgil di Capitol Hill bisa bikin sedunia bergolak.,mereka berdua penentang perjanjian iran era obama amp pendukung perang iran era trump terkeras di kongres as perang iran bikin harga migas dunia naik akibatnya harga pertamax naik amp pertalite langka sebuah observasi bagaimana orgil di capitol hill bisa bikin sedunia bergolak,mereka berdua penentang perjanjian iran era obama amp pendukung perang iran era trump terkeras di kongres as perang iran bikin harga migas dunia naik akibatnya harga pertamax naik amp pertalite langka sebuah observasi bagaimana orgil di capitol hill bisa bikin sedunia bergolak,dua tentang janji iran era obama dukung perang iran era trump keras kongres as perang iran bikin harga migas dunia naik akibat harga pertamax naik pertalite langka buah observasi bagaimana orgil capitol hill bikin dunia golak
2076547512672940393,Mon Jul 13 06:01:22 +0000 2026,Gina. kyo,Ginakyo2,"@txtdrimedia MN neh pendukung wowok yg membela  nya waktu Pertamax naik kmrn , yg ngomong  "" yg penting  BBM  subsidi ga naik ""  lihat kan effect nya skrg  ..skrg pertalite nya kosong .  skrg nikmatin lah pilihan kalen . Ayoo joged lagi mpe modyarrr",mn neh pendukung wowok yg membela nya waktu pertamax naik kmrn yg ngomong yg penting bbm subsidi ga naik lihat kan effect nya skrg skrg pertalite nya kosong skrg nikmatin lah pilihan kalen ayoo joged lagi mpe modyarrr,mana nih pendukung wowok yang membela nya waktu pertamax naik kemarin yang mengomong yang penting bbm subsidi enggak naik lihat kan effect nya sekarang sekarang pertalite nya kosong sekarang menikmati lah pilihan kalen ayo joged lagi mpe modyarrr,mana nih dukung wowok bela nya waktu pertamax naik kemarin omong penting bbm subsidi enggak naik lihat kan effect nya sekarang sekarang pertalite nya kosong sekarang nikmat lah pilih kalen ayo joged mpe modyarrr
2076538774809690266,Mon Jul 13 05:26:38 +0000 2026,Sorotpol,sorotpol22jx,"Turunnya harga BBM nonsubsidi di berbagai SPBU per Juli 2026 menjadi kabar baik bagi UMKM, startup, dan pelaku transportasi.Penurunan harga diesel seperti Pertamax Dex dan Dexlite berpotensi menekan biaya operasional serta logistik, sehingga membantu meningkatkan efisiensi usaha https://t.co/TAsrVLTKWs",turunnya harga bbm nonsubsidi di berbagai spbu per juli menjadi kabar baik bagi umkm startup dan pelaku transportasi penurunan harga diesel seperti pertamax dex dan dexlite berpotensi menekan biaya operasional serta logistik sehingga membantu meningkatkan efisiensi usaha,turunnya harga bbm nonsubsidi di berbagai spbu per juli menjadi kabar baik bagi umkm startup dan pelaku transportasi penurunan harga diesel seperti pertamax dex dan dexlite berpotensi menekan biaya operasional serta logistik sehingga membantu meningkatkan efisiensi usaha,turun harga bbm nonsubsidi bagai spbu per juli jadi kabar baik umkm startup laku transportasi turun harga diesel pertamax dex dexlite potensi tekan biaya operasional logistik bantu tingkat efisiensi usaha
2076527875533287931,Mon Jul 13 04:43:20 +0000 2026,Kompas Otomotif,KompasOtomotif,"Harga Pertamax yang mahal membuat banyak pengendara beralih ke Pertalite. Namun, ada konsekuensi bagi motor berkompresi tinggi. https://t.co/yovhoeqtGd",harga pertamax yang mahal membuat banyak pengendara beralih ke pertalite namun ada konsekuensi bagi motor berkompresi tinggi,harga pertamax yang mahal membuat banyak pengendara beralih ke pertalite namun ada konsekuensi bagi motor berkompresi tinggi,harga pertamax mahal buat banyak kendara alih pertalite konsekuensi motor kompres tinggi
2076516851929223668,Mon Jul 13 03:59:31 +0000 2026,Jenn🍬,psraxel,"@makiyantann_ Pertalite aja kak, pertamax naik",pertalite aja kak pertamax naik,pertalite saja kak pertamax naik,pertalite kak pertamax naik
2076509530863829262,Mon Jul 13 03:30:26 +0000 2026,y,justdoitlaterzz,bulanan gua jadi gede banget cooonkkm gara gara pertamax naik ajg,bulanan gua jadi gede banget cooonkkm gara gara pertamax naik ajg,bulanan gua jadi gede banget cooonkkm gara gara pertamax naik ajg,bulan gua jadi gede banget cooonkkm gara gara pertamax naik ajg
2076498789318406381,Mon Jul 13 02:47:45 +0000 2026,hendrik ringo,hendrik_ringo,@RomeoWalker19 @DPR_RI Yang begini harus nya mahasiswa demo..... bukan nya malah demo pertamax naik hadeuuhh,yang begini harus nya mahasiswa demo bukan nya malah demo pertamax naik hadeuuhh,yang begini harus nya mahasiswa demo bukan nya malah demo pertamax naik hadeuuhh,begini nya mahasiswa demo bukan nya malah demo pertamax naik hadeuuhh
2076495722082619663,Mon Jul 13 02:35:34 +0000 2026,sean shou,shousean19,"@txtdrimedia Di daerahku, antri panjang pas awal awal Pertamax naik.",di daerahku antri panjang pas awal awal pertamax naik,di daerahku antri panjang pas awal awal pertamax naik,daerah antri panjang pas awal awal pertamax naik
2076487197860257792,Mon Jul 13 02:01:41 +0000 2026,Arkenstone,chrystob3ryl,@pertamina jadi kapan harga pertamax diturunin??,jadi kapan harga pertamax diturunin,jadi kapan harga pertamax diturunin,jadi kapan harga pertamax diturunin
2076485771025109407,Mon Jul 13 01:56:01 +0000 2026,tirtoid,TirtoID,"Daftar Harga BBM Terbaru Hari Ini 13 Juli, Pertamax Turbo Turun

https://t.co/Til39jt8tx",daftar harga bbm terbaru hari ini juli pertamax turbo turun,daftar harga bbm terbaru hari ini juli pertamax turbo turun,daftar harga bbm baru hari juli pertamax turbo turun
2076477868851503296,Mon Jul 13 01:24:37 +0000 2026,dingo69,d7996082,@staylow4naw artinya harga BBM naik 62.5% krn pengguna pertalite dipaksa pindah pertamax..,artinya harga bbm naik krn pengguna pertalite dipaksa pindah pertamax,artinya harga bbm naik karena pengguna pertalite dipaksa pindah pertamax,arti harga bbm naik guna pertalite paksa pindah pertamax
2076475960690708758,Mon Jul 13 01:17:02 +0000 2026,بلقيش,putribiqliss,"baru ngerasain lagi beli pertamax setelah harga naik beberapa waktu lalu

mantap 🥲",baru ngerasain lagi beli pertamax setelah harga naik beberapa waktu lalu mantap,baru merasai lagi beli pertamax setelah harga naik beberapa waktu lalu mantap,baru rasai beli pertamax harga naik beberapa waktu lalu mantap
2076473738451943656,Mon Jul 13 01:08:12 +0000 2026,Ayy,nsayuuu,Pemerintah nih gak mau nurunin harga pertamax kah??????,pemerintah nih gak mau nurunin harga pertamax kah,pemerintah nih enggak mau nurunin harga pertamax kah,perintah nih enggak mau nurunin harga pertamax
2076462513210994702,Mon Jul 13 00:23:36 +0000 2026,Beni Fajar Danial A 艾比倪,benidanial,"@txtdrimedia Yang kemarin bacot ""yg naik Pertamax bukan pertalite"". Goblog",yang kemarin bacot yg naik pertamax bukan pertalite goblog,yang kemarin bacot yang naik pertamax bukan pertalite goblog,kemarin bacot naik pertamax bukan pertalite goblog
2076457149165879747,Mon Jul 13 00:02:17 +0000 2026,REZZ,haryanartama,"@nabi60741 Klo dr sisi driver bnr bgt pak, sebenarnya driver² itu banyak yg ngisi pertamax sblm harganya naik, nah klo posisi harga skrg rasa berat bagi mereka 🙏",klo dr sisi driver bnr bgt pak sebenarnya driver itu banyak yg ngisi pertamax sblm harganya naik nah klo posisi harga skrg rasa berat bagi mereka,kalo dari sisi driver benar banget pak sebenarnya driver itu banyak yang ngisi pertamax sebelum harganya naik nah kalo posisi harga sekarang rasa berat bagi mereka,sisi driver benar banget pak benar driver banyak ngisi pertamax harga naik nah posisi harga sekarang rasa berat
2076457098200961389,Mon Jul 13 00:02:05 +0000 2026,GE-BLEK,YoggiSu,"@r_soefiyandoro Kapasitas ± 4,2 Liter,
Bensin pertalite Rp.10.000 x 4,2 = 42 000
Pertamax Rp.16.250 x 4,2 = 68.250
Pertamax Green Rp.17.000 x 4,2 = 71.400

Harga Tangki baru ± Rp.250.000

Mungkin yg bersangkutan Beli tangki baru terus di isi Pertamax Green kayaknya https://t.co/2k2Dbo7bNI",kapasitas liter bensin pertalite rp x pertamax rp x pertamax green rp x harga tangki baru rp mungkin yg bersangkutan beli tangki baru terus di isi pertamax green kayaknya,kapasitas liter bensin pertalite rp kali pertamax rp kali pertamax green rp kali harga tangki baru rp mungkin yang bersangkutan beli tangki baru terus di isi pertamax green kayaknya,kapasitas liter bensin pertalite rp kali pertamax rp kali pertamax green rp kali harga tangki baru rp mungkin sangkut beli tangki baru terus isi pertamax green kayak
2076366939644174539,Sun Jul 12 18:03:50 +0000 2026,supri,ghimanayh,sbntr lg bahan makanan naik krna org pada isi pertamax 🤗,sbntr lg bahan makanan naik krna org pada isi pertamax,sbntr lagi bahan makanan naik karena orang pada isi pertamax,sbntr bahan makan naik orang isi pertamax
2076364046241316913,Sun Jul 12 17:52:20 +0000 2026,A R I S U ありす,arissuhada87,"@txtdrimedia ""Pertamax naik 30% kok ribut, tinggal ganti ke Pertalite aja""

Meanwhile...",pertamax naik kok ribut tinggal ganti ke pertalite aja meanwhile,pertamax naik kok ribut tinggal ganti ke pertalite saja meanwhile,pertamax naik ribut tinggal ganti pertalite meanwhile
2076363954885210340,Sun Jul 12 17:51:58 +0000 2026,Cohen,CohenLtn,"@txtdrimedia Isi bensin pertamax sm pertalite jauh bngt beda nya. Dan entah knp lebih cepet abis lagi kalo pertamax padahal ron nya lebih bagus. Gapaham deh, smg cepet membaik harga bbm",isi bensin pertamax sm pertalite jauh bngt beda nya dan entah knp lebih cepet abis lagi kalo pertamax padahal ron nya lebih bagus gapaham deh smg cepet membaik harga bbm,isi bensin pertamax sama pertalite jauh banget beda nya dan entah kenapa lebih cepat habis lagi kalo pertamax padahal ron nya lebih bagus gapaham deh semoga cepat membaik harga bbm,isi bensin pertamax sama pertalite jauh banget beda nya entah lebih cepat habis pertamax padahal ron nya lebih bagus gapaham moga cepat baik harga bbm
2076353372379340895,Sun Jul 12 17:09:55 +0000 2026,Miftahul Rizki,mrmiftahulrizki,"@txtdrimedia Sumbar sejak Pertamax naik udah antre poll di Pos Bensin. Sekarang bukan hanya Pertalite kosong, dengan Pertamax pun kadang kosong juga.",sumbar sejak pertamax naik udah antre poll di pos bensin sekarang bukan hanya pertalite kosong dengan pertamax pun kadang kosong juga,sumbar sejak pertamax naik sudah antre poll di pos bensin sekarang bukan hanya pertalite kosong dengan pertamax pun kadang kosong juga,sumbar sejak pertamax naik antre poll pos bensin sekarang bukan pertalite kosong pertamax kadang kosong
2076352102151094386,Sun Jul 12 17:04:52 +0000 2026,Lisan Al-Mhwnk,mhwnk_,"&gt;Pertamax naik harga
&gt;Semua orang pake pertalite
&gt;Bikin narasi pertalite langka/habis
&gt;Semua terpaksa pakai pertamax
Gitu kan skenarionya?",gt pertamax naik harga gt semua orang pake pertalite gt bikin narasi pertalite langka habis gt semua terpaksa pakai pertamax gitu kan skenarionya,begitu pertamax naik harga begitu semua orang pakai pertalite begitu bikin narasi pertalite langka habis begitu semua terpaksa pakai pertamax begitu kan skenarionya,pertamax naik harga semua orang pakai pertalite bikin narasi pertalite langka habis semua paksa pakai pertamax kan skenario
2076332730628157610,Sun Jul 12 15:47:54 +0000 2026,Sora🌥,loonycloudy,"Mana nih yg kemaren bilang ""kan yg naik pertamax, kalo ga mampu pake pertalite aja"". Noh mamam pertalite dibikin langka😒",mana nih yg kemaren bilang kan yg naik pertamax kalo ga mampu pake pertalite aja noh mamam pertalite dibikin langka,mana nih yang kemarin bilang kan yang naik pertamax kalo enggak mampu pakai pertalite saja noh mamam pertalite dibikin langka,mana nih kemarin bilang kan naik pertamax enggak mampu pakai pertalite noh mamam pertalite bikin langka
2076330647841374488,Sun Jul 12 15:39:37 +0000 2026,Suka-Suka X,kicau_id,@TxtdariHI Ih serius mo ilang pertalite? Pemerintah ayo kembaliin harga Pertamax jadi 12ribuan...,ih serius mo ilang pertalite pemerintah ayo kembaliin harga pertamax jadi ribuan,ih serius mau hilang pertalite pemerintah ayo kembaliin harga pertamax jadi ribuan,ih serius mau hilang pertalite perintah ayo kembaliin harga pertamax jadi ribu
2076323092213956637,Sun Jul 12 15:09:36 +0000 2026,gugugahs,Bubadibak_o,"@txtdrimedia santai aja sih kan masih dibawah harga minyak dunia, dpt subsidi pula wkwkwk kl pertalite langka ya pake pertamax. clear. 16 ribu doang kok",santai aja sih kan masih dibawah harga minyak dunia dpt subsidi pula wkwkwk kl pertalite langka ya pake pertamax clear ribu doang kok,santai saja sih kan masih dibawah harga minyak dunia dapat subsidi pula wkwkwk kalo pertalite langka ya pakai pertamax clear ribu doang kok,santai kan bawah harga minyak dunia subsidi wkwkwk pertalite langka pakai pertamax clear ribu doang
2076322716614054101,Sun Jul 12 15:08:06 +0000 2026,Abe.,abe_jeh,"@txtdrimedia ""kan yg naik pertamax, pertalite mah tetep harganya"" statement taeeee 🤣",kan yg naik pertamax pertalite mah tetep harganya statement taeeee,kan yang naik pertamax pertalite mah tetap harganya statement taeeee,kan naik pertamax pertalite mah tetap harga statement taeeee
2076322101112569914,Sun Jul 12 15:05:39 +0000 2026,key🔑,evernevxr,Mau gamau pada beralih ke pertamax yang naik itu kan?hehe,mau gamau pada beralih ke pertamax yang naik itu kan hehe,mau enggak mau pada beralih ke pertamax yang naik itu kan hehe,mau enggak mau alih pertamax naik kan hehe
2076321464073232398,Sun Jul 12 15:03:07 +0000 2026,Filora Mentari,filoramentari,"Yang bilang “kan yg naik pertamax, bukan pertalite. Ngapain demo?”, sekarang responnya gimana ya? Penasaran. 🤔",yang bilang kan yg naik pertamax bukan pertalite ngapain demo sekarang responnya gimana ya penasaran,yang bilang kan yang naik pertamax bukan pertalite mengapai demo sekarang responnya bagaimana ya penasaran,bilang kan naik pertamax bukan pertalite kapai demo sekarang responnya bagaimana penasaran
2076315747257835730,Sun Jul 12 14:40:24 +0000 2026,Ficra,pisang_holeng,"@forcemis Lama benerrr, bahlil dancok gara gara Pertamax naik ini pertalite jadi tambah ngantri pol😭😭",lama benerrr bahlil dancok gara gara pertamax naik ini pertalite jadi tambah ngantri pol,lama benerrr bahlil dancok gara gara pertamax naik ini pertalite jadi tambah mengantri pol,lama benerrr bahlil dancok gara gara pertamax naik pertalite jadi tambah antri pol
2076314575465791664,Sun Jul 12 14:35:45 +0000 2026,summer☀️ is seeing BTS in JKT💜,summerinjune_16,"semenjak dia naik jadi 16.250, gue mau gak mau beralih ke pertalite karena menurut gue kenaikannya mahal bgt dan gue gak ada budget bensin segitu. akhirnya gue memutuskan untuk pake rumus 3x1 (3x isi pertalite, then 1x isi pertamax buat bersihin mesin).",semenjak dia naik jadi gue mau gak mau beralih ke pertalite karena menurut gue kenaikannya mahal bgt dan gue gak ada budget bensin segitu akhirnya gue memutuskan untuk pake rumus x x isi pertalite then x isi pertamax buat bersihin mesin,semenjak dia naik jadi gue mau enggak mau beralih ke pertalite karena menurut gue kenaikannya mahal banget dan gue enggak ada budget bensin segitu akhirnya gue memutuskan untuk pakai rumus kali kali isi pertalite then kali isi pertamax buat bersihin mesin,semenjak naik jadi gue mau enggak mau alih pertalite gue naik mahal banget gue enggak budget bensin segitu akhir gue putus pakai rumus kali kali isi pertalite then kali isi pertamax buat bersihin mesin
2076303978003058899,Sun Jul 12 13:53:38 +0000 2026,callme-Tar 🙋🏻‍♂️,AddictThai,@txtdrimedia Akibat pertamax naik.. yang biasa pake pertamax jadi pake pertalite..,akibat pertamax naik yang biasa pake pertamax jadi pake pertalite,akibat pertamax naik yang biasa pakai pertamax jadi pakai pertalite,akibat pertamax naik biasa pakai pertamax jadi pakai pertalite
2076297149395206257,Sun Jul 12 13:26:30 +0000 2026,bintangtv,bintangnewtv,"PERTAMAX NAIK SEMUA BERALIH KE PERTALITE 
Pemandangan ini akan terus terjadi kerena daya beli masyarakat yang cenderung menurun. ga butuh kualitas bagus, yang penting kendaraan nya tetap bisa jalan. semoga nasib PERTALITE tidsk hilang.
               https://t.co/Mqgvi8L2zT",pertamax naik semua beralih ke pertalite pemandangan ini akan terus terjadi kerena daya beli masyarakat yang cenderung menurun ga butuh kualitas bagus yang penting kendaraan nya tetap bisa jalan semoga nasib pertalite tidsk hilang,pertamax naik semua beralih ke pertalite pemandangan ini akan terus terjadi kerena daya beli masyarakat yang cenderung menurun enggak butuh kualitas bagus yang penting kendaraan nya tetap bisa jalan semoga nasib pertalite tidsk hilang,pertamax naik semua alih pertalite pandang terus jadi rena daya beli masyarakat cenderung turun enggak butuh kualitas bagus penting kendara nya tetap jalan moga nasib pertalite tidsk hilang
2076294352251539772,Sun Jul 12 13:15:23 +0000 2026,Indos FC,IndosFC,@TxtdariHI Jujurr semenjak harga Pertamax naik saya beli bensin di warung madura aja gapapa dah bayar lebih 2rb-6rb daripada saya harus antre sepanjang itu wkwkqk,jujurr semenjak harga pertamax naik saya beli bensin di warung madura aja gapapa dah bayar lebih rb rb daripada saya harus antre sepanjang itu wkwkqk,jujurr semenjak harga pertamax naik saya beli bensin di warung madura saja gapapa deh bayar lebih ribu ribu daripada saya harus antre sepanjang itu wkwkqk,jujurr semenjak harga pertamax naik beli bensin warung madura gapapa bayar lebih ribu ribu antre panjang wkwkqk
2076292491134030181,Sun Jul 12 13:08:00 +0000 2026,D'Q,Dicky_Zman,@txtdrimedia Kemarin yg bilang pake nya pertalite gak ngaruh kalo pertamax naik mana nih?,kemarin yg bilang pake nya pertalite gak ngaruh kalo pertamax naik mana nih,kemarin yang bilang pakai nya pertalite enggak ngaruh kalo pertamax naik mana nih,kemarin bilang pakai nya pertalite enggak ngaruh pertamax naik mana nih
2076287401400688801,Sun Jul 12 12:47:46 +0000 2026,Dyr,WithOneWithYou,"@kicau_id @txtdrimedia ga bakal klo skrg mah wkwk, paling klo dah parah bgt nanti turun harga pertamax",ga bakal klo skrg mah wkwk paling klo dah parah bgt nanti turun harga pertamax,enggak bakal kalo sekarang mah wkwk paling kalo deh parah banget nanti turun harga pertamax,enggak bakal sekarang mah wkwk paling parah banget turun harga pertamax
2076286331526029480,Sun Jul 12 12:43:31 +0000 2026,clari,flnxir,@TxtdariHI Ujung-ujungnya terpaksa naik ke Pertamax,ujung ujungnya terpaksa naik ke pertamax,ujung ujungnya terpaksa naik ke pertamax,ujung ujung paksa naik pertamax
2076285953921188106,Sun Jul 12 12:42:01 +0000 2026,MasHer,HerPrast_,"@txtdrimedia yg naik tuh Pertamax, gak ngaruh banget, yg pake orang kaya dan menengah
Ngapain demo kaya pake pertamax aja kalian

Sekarang pada pindah pakai pertalite, bikin langka dan antri, masih merasa gak ngaruh kah?",yg naik tuh pertamax gak ngaruh banget yg pake orang kaya dan menengah ngapain demo kaya pake pertamax aja kalian sekarang pada pindah pakai pertalite bikin langka dan antri masih merasa gak ngaruh kah,yang naik tuh pertamax enggak ngaruh banget yang pakai orang kayak dan menengah mengapai demo kayak pakai pertamax saja kalian sekarang pada pindah pakai pertalite bikin langka dan antri masih merasa enggak ngaruh kah,naik tuh pertamax enggak ngaruh banget pakai orang kayak tengah kapai demo kayak pakai pertamax kalian sekarang pindah pakai pertalite bikin langka antri rasa enggak ngaruh
2076282585400156324,Sun Jul 12 12:28:38 +0000 2026,dingo69,d7996082,@txtdrimedia Pertalite hilang artinya harga bbm resmi naik jadi 60% krn pindah pake pertamax. Nepalkan ?,pertalite hilang artinya harga bbm resmi naik jadi krn pindah pake pertamax nepalkan,pertalite hilang artinya harga bbm resmi naik jadi karena pindah pakai pertamax nepalkan,pertalite hilang arti harga bbm resmi naik jadi pindah pakai pertamax nepalkan
2076282180129665128,Sun Jul 12 12:27:01 +0000 2026,𝐉𝐚𝐤𝐞,simjaeycn,@MarkasOwner ngaku gitu bang kalau make pelet? gimana kalau lu jadi subsidi biar naik kaya pertamax.. cocok buat lu yg suka gratisan tuh jd subsidi. Aman itu mah apasih yg engga buat abang iyos minta pulau jg gw beliin &lt;pulau monopoli&gt;,ngaku gitu bang kalau make pelet gimana kalau lu jadi subsidi biar naik kaya pertamax cocok buat lu yg suka gratisan tuh jd subsidi aman itu mah apasih yg engga buat abang iyos minta pulau jg gw beliin lt pulau monopoli gt,mengaku begitu bang kalau memakai pelet bagaimana kalau lu jadi subsidi biar naik kayak pertamax cocok buat lu yang suka gratisan tuh jadi subsidi aman itu mah apasih yang enggak buat abang iyos meminta pulau juga gue belikan lantai pulau monopoli begitu,aku bang kalau pakai pelet bagaimana kalau lu jadi subsidi biar naik kayak pertamax cocok buat lu suka gratis tuh jadi subsidi aman mah apasih enggak buat abang iyos minta pulau gue belikan lantai pulau monopoli
2076280918587945286,Sun Jul 12 12:22:01 +0000 2026,tata,tataxbluuu,"pulang jd ojol lihat ini, capeknya tambah double bangsat. klo proses pindah negara gampang. ak udah pindah malaysia atau ga singapura dah. minimal klo indo ga suram dollar tuh bisa tembus 10rb. harga bbm jd 5rb. lah ini udah bbm pertamax naik, dollar masih diangka 18rb",pulang jd ojol lihat ini capeknya tambah double bangsat klo proses pindah negara gampang ak udah pindah malaysia atau ga singapura dah minimal klo indo ga suram dollar tuh bisa tembus rb harga bbm jd rb lah ini udah bbm pertamax naik dollar masih diangka rb,pulang jadi ojol lihat ini capeknya tambah double bangsat kalo proses pindah negara gampang aku sudah pindah malaysia atau enggak singapura deh minimal kalo indonesia enggak suram dollar tuh bisa tembus ribu harga bbm jadi ribu lah ini sudah bbm pertamax naik dollar masih diangka ribu,pulang jadi ojol lihat capek tambah double bangsat proses pindah negara gampang aku pindah malaysia enggak singapura minimal indonesia enggak suram dollar tuh tembus ribu harga bbm jadi ribu lah bbm pertamax naik dollar angka ribu
2076277379232845900,Sun Jul 12 12:07:57 +0000 2026,Anaksenja 🌏☀️,AisyahNashihah,"Mana nih yg bilang pertamax naik ga ngaruh ke bbm bersubsidi? Bukan cuman pertalite yg habis bahkan pertamax jg habis, bbm merk swasta pun diberhentikan paksa. Semoga cepet mati deh org² tamak yg nyusahin rakyat nya terus menerus, capek bgt jadi warga indo 😭",mana nih yg bilang pertamax naik ga ngaruh ke bbm bersubsidi bukan cuman pertalite yg habis bahkan pertamax jg habis bbm merk swasta pun diberhentikan paksa semoga cepet mati deh org tamak yg nyusahin rakyat nya terus menerus capek bgt jadi warga indo,mana nih yang bilang pertamax naik enggak ngaruh ke bbm bersubsidi bukan cuman pertalite yang habis bahkan pertamax juga habis bbm merk swasta pun diberhentikan paksa semoga cepat mati deh orang tamak yang menyusahkan rakyat nya terus menerus capek banget jadi warga indonesia,mana nih bilang pertamax naik enggak ngaruh bbm subsidi bukan cuman pertalite habis bahkan pertamax habis bbm merk swasta henti paksa moga cepat mati orang tamak susah rakyat nya terus terus capek banget jadi warga indonesia
2076274991843480008,Sun Jul 12 11:58:28 +0000 2026,joroo | gymrat,apocollagues_,Kok baru nge up beritanya? Kamarin info pertamax naik itu pertalite susah bgt ditemuin,kok baru nge up beritanya kamarin info pertamax naik itu pertalite susah bgt ditemuin,kok baru nge up beritanya kamarin info pertamax naik itu pertalite susah banget ditemuin,baru nge up berita kamarin info pertamax naik pertalite susah banget ditemuin
2076273018595418525,Sun Jul 12 11:50:37 +0000 2026,Teguh Surya Hamonangan Sitanggang,Teguhsuryastg,@txtdrimedia Dampak Pertamax naik 🤪,dampak pertamax naik,dampak pertamax naik,dampak pertamax naik
2076262978341793938,Sun Jul 12 11:10:43 +0000 2026,baker old,kudapanenteng,"memang goblok orang yang bilang ""yang naik kan cuma Pertamax aja, pertalite ngga""",memang goblok orang yang bilang yang naik kan cuma pertamax aja pertalite ngga,memang goblok orang yang bilang yang naik kan cuma pertamax saja pertalite enggak,memang goblok orang bilang naik kan cuma pertamax pertalite enggak
2076259614627446818,Sun Jul 12 10:57:21 +0000 2026,Lukman Santoso,lukmaninside13,"@txtdrimedia Mana orang yg bilang gk ngaruh pertamax naik, sini gw gampar satu2, trus gw suruh antri pertalite.",mana orang yg bilang gk ngaruh pertamax naik sini gw gampar satu trus gw suruh antri pertalite,mana orang yang bilang enggak ngaruh pertamax naik sini gue gampar satu terus gue suruh antri pertalite,mana orang bilang enggak ngaruh pertamax naik sini gue gampar satu terus gue suruh antri pertalite
2076258547411865757,Sun Jul 12 10:53:07 +0000 2026,Nova Juicy,novaflorian07,@dawikendz Pertamax naik ga ngaruh ya😆😁☺,pertamax naik ga ngaruh ya,pertamax naik enggak ngaruh ya,pertamax naik enggak ngaruh
2076257205431734772,Sun Jul 12 10:47:47 +0000 2026,Hachi.,Angkaa8,"@txtdrimedia ""Yang naik kan Pertamax bukan BBM subsidi, yang pake orang2 kaya, anak Abah mana paham."" Mana orang2 tolol yang kapan hari ngomong gitu 😌.",yang naik kan pertamax bukan bbm subsidi yang pake orang kaya anak abah mana paham mana orang tolol yang kapan hari ngomong gitu,yang naik kan pertamax bukan bbm subsidi yang pakai orang kayak anak abah mana paham mana orang tolol yang kapan hari mengomong begitu,naik kan pertamax bukan bbm subsidi pakai orang kayak anak abah mana paham mana orang tolol kapan hari omong
2076251169115320439,Sun Jul 12 10:23:48 +0000 2026,namu 🌳,hihellomega,"@txtdrimedia sebelum pertamax naik antrian pertalite udah panjang, sekarang makin panjang aja antriannya",sebelum pertamax naik antrian pertalite udah panjang sekarang makin panjang aja antriannya,sebelum pertamax naik antrian pertalite sudah panjang sekarang makin panjang saja antriannya,pertamax naik antri pertalite panjang sekarang makin panjang antri
2076249352058871899,Sun Jul 12 10:16:35 +0000 2026,Nova Juicy,novaflorian07,"@txtdrimedia Kemarin yang bilang, yaelah baru naik 2000 aja ngedumel, pertamax kan bensin orang kaya, sini maju semua, nyari pertalite dipertamini aja susah kok sekarang",kemarin yang bilang yaelah baru naik aja ngedumel pertamax kan bensin orang kaya sini maju semua nyari pertalite dipertamini aja susah kok sekarang,kemarin yang bilang yaelah baru naik saja ngedumel pertamax kan bensin orang kayak sini maju semua mencari pertalite dipertamini saja susah kok sekarang,kemarin bilang yaelah baru naik ngedumel pertamax kan bensin orang kayak sini maju semua cari pertalite dipertamini susah sekarang
2076244421075681543,Sun Jul 12 09:56:59 +0000 2026,Neddd,neddmosby,anjjj ditutup lagiii...pertamax bakal naik jadii berapa ini oiii,anjjj ditutup lagiii pertamax bakal naik jadii berapa ini oiii,anjjj ditutup lagi pertamax bakal naik jadi berapa ini oiii,anjjj tutup pertamax bakal naik jadi berapa oiii
2076237987961315731,Sun Jul 12 09:31:25 +0000 2026,Dhef,dhebeau28,"@LambeResing Bangga bangett dong. Teruntuk seorang yanh berbakat seperti dia ini harus banget disupport bukan hanya dukungan melainkan sponsorship juga. 
Ada logo pertamina nih! jadi pertamax sm dexlite naik kalau buat anak bangsa yaa why not?😃 wkwk tapi mungkin lebih gede korupsinya maybe",bangga bangett dong teruntuk seorang yanh berbakat seperti dia ini harus banget disupport bukan hanya dukungan melainkan sponsorship juga ada logo pertamina nih jadi pertamax sm dexlite naik kalau buat anak bangsa yaa why not wkwk tapi mungkin lebih gede korupsinya maybe,bangga banget dong teruntuk seorang yanh berbakat seperti dia ini harus banget disupport bukan hanya dukungan melainkan sponsorship juga ada logo pertamina nih jadi pertamax sama dexlite naik kalau buat anak bangsa ya why not wkwk tapi mungkin lebih gede korupsinya maybe,bangga banget dong untuk orang yanh bakat banget disupport bukan dukung sponsorship logo pertamina nih jadi pertamax sama dexlite naik kalau buat anak bangsa why not wkwk mungkin lebih gede korupsi maybe
2076236627811450999,Sun Jul 12 09:26:01 +0000 2026,Polres Tebing Tinggi,Humas_restinggi,"Operator Call Center 110 Polres Tebing Tinggi menerima laporan dari masyarakat terkait adanya dugaan penjualan BBM jenis Pertalite dan Pertamax dengan harga yang tidak sesuai di kawasan depan Kantor Dispora dan depan Livlig Cave, Jalan Veteran, Kota Tebing Tinggi. https://t.co/eVw5Hns0H6",operator call center polres tebing tinggi menerima laporan dari masyarakat terkait adanya dugaan penjualan bbm jenis pertalite dan pertamax dengan harga yang tidak sesuai di kawasan depan kantor dispora dan depan livlig cave jalan veteran kota tebing tinggi,operator call center polres tebing tinggi menerima laporan dari masyarakat terkait adanya dugaan penjualan bbm jenis pertalite dan pertamax dengan harga yang tidak sesuai di kawasan depan kantor dispora dan depan livlig cave jalan veteran kota tebing tinggi,operator call center polres tebing tinggi terima lapor masyarakat kait ada duga jual bbm jenis pertalite pertamax harga sesuai kawasan depan kantor spora depan livlig cave jalan veteran kota tebing tinggi
2076232063389413502,Sun Jul 12 09:07:53 +0000 2026,nafkah,tanparevisi,"@txtdrimedia Anggaplah stok pertalite tidak dikurangi.
Harga pertamax yg semakin mahal menggeser orang beralih ke pertalite sehingga antrian pasti semakin panjang.
Pun mengakibatkan stok pertalite segera habis.",anggaplah stok pertalite tidak dikurangi harga pertamax yg semakin mahal menggeser orang beralih ke pertalite sehingga antrian pasti semakin panjang pun mengakibatkan stok pertalite segera habis,anggaplah stok pertalite tidak dikurangi harga pertamax yang semakin mahal menggeser orang beralih ke pertalite sehingga antrian pasti semakin panjang pun mengakibatkan stok pertalite segera habis,anggap stok pertalite rang harga pertamax makin mahal geser orang alih pertalite antri makin panjang akibat stok pertalite segera habis
2076222018530546077,Sun Jul 12 08:27:58 +0000 2026,bell,savirabellaaa,"@txtdrimedia curiga harga pertamax mau turun , jadi biar pada beli pertamax mumpung harga pertamax masih mahal",curiga harga pertamax mau turun jadi biar pada beli pertamax mumpung harga pertamax masih mahal,curiga harga pertamax mau turun jadi biar pada beli pertamax mumpung harga pertamax masih mahal,curiga harga pertamax mau turun jadi biar beli pertamax mumpung harga pertamax mahal
2076213096759337140,Sun Jul 12 07:52:31 +0000 2026,dingo69,d7996082,@TxtdariHI pertalite hilang artinya harga bbm dinaikkan 60% krn harus beli pertamax yg harganya 16 rb..,pertalite hilang artinya harga bbm dinaikkan krn harus beli pertamax yg harganya rb,pertalite hilang artinya harga bbm dinaikkan karena harus beli pertamax yang harganya ribu,pertalite hilang arti harga bbm naik beli pertamax harga ribu
2076210740864942179,Sun Jul 12 07:43:09 +0000 2026,Media Sabtu Minggu,mesatu_,@kangderu Kagak turun-turun yee kang harga pertamax. Gue sudah di tahap capek antre pertalite.,kagak turun turun yee kang harga pertamax gue sudah di tahap capek antre pertalite,kagak turun turun ya kang harga pertamax gue sudah di tahap capek antre pertalite,kagak turun turun kang harga pertamax gue tahap capek antre pertalite
2076202648106405890,Sun Jul 12 07:10:59 +0000 2026,☙. 𝓜iya²⁶ #RABRAW 📌,pesuassions,@nightfwury nanti kt naik yg ada dipfp kamu itu yh biar ngga isi pertamax,nanti kt naik yg ada dipfp kamu itu yh biar ngga isi pertamax,nanti kita naik yang ada dipfp kamu itu ya biar enggak isi pertamax,naik dipfp kamu biar enggak isi pertamax
2076181858614952404,Sun Jul 12 05:48:23 +0000 2026,Diary Mungil WNI Gila🍋🐰,bunadeddy,"@TxtdariHI Harga pertamax naiknya gede banget, konsumen jadi pindah ke pertile, pertalite langka, kepaksa pindah ke pertamax 😭 Bajingan emang yang bikin kebijakannya 😭",harga pertamax naiknya gede banget konsumen jadi pindah ke pertile pertalite langka kepaksa pindah ke pertamax bajingan emang yang bikin kebijakannya,harga pertamax naiknya gede banget konsumen jadi pindah ke pertile pertalite langka kepaksa pindah ke pertamax bajingan memang yang bikin kebijakannya,harga pertamax naik gede banget konsumen jadi pindah pertile pertalite langka paksa pindah pertamax bajing memang bikin bijak
2076168741638004797,Sun Jul 12 04:56:16 +0000 2026,ωω𝗂𝗂d's 🎠 ( ohming era ‎ˆ𐃷ˆ ‎),smolltee,"GA PEDULI NANTI DIA BALAS APAAA, lu sih kmrin kmrin ngesw bela wowok waktu pertamax naik 😹😹 https://t.co/FlQIWI0zNq",ga peduli nanti dia balas apaaa lu sih kmrin kmrin ngesw bela wowok waktu pertamax naik,enggak peduli nanti dia balas apa lu sih kemarin kemarin ngesw bela wowok waktu pertamax naik,enggak peduli balas apa lu kemarin kemarin ngesw bela wowok waktu pertamax naik
2076144836181422290,Sun Jul 12 03:21:16 +0000 2026,Sudut Pandang,_pandangsudut,@akunhewan Sementara harga Pertamax belum juga turun,sementara harga pertamax belum juga turun,sementara harga pertamax belum juga turun,harga pertamax turun
2076114357302514148,Sun Jul 12 01:20:09 +0000 2026,Dian ayu,itsmedianyeah,"@haloopulici pocong bilek pas liat harga pertamax ""untung aja gue udah mati""",pocong bilek pas liat harga pertamax untung aja gue udah mati,pocong bilek pas lihat harga pertamax untung saja gue sudah mati,pocong bilek pas lihat harga pertamax untung gue mati
2076103882279907334,Sun Jul 12 00:38:32 +0000 2026,Kael,heavenrubyxin,"@tanyarlfes Emang kadang sedih Nder, mana banyak yang gak percaya Pertamax naik itu mempengaruhi ekonomi. Banyak bgt opini yang bilang itu gak mempengaruhi jadi sedih denger ceritamu Nder, coba aja Nder ngajuin lagi gimanapun kerjakan buat bisa makan ya coba aja ngajuin pindah lagi. Kalau",emang kadang sedih nder mana banyak yang gak percaya pertamax naik itu mempengaruhi ekonomi banyak bgt opini yang bilang itu gak mempengaruhi jadi sedih denger ceritamu nder coba aja nder ngajuin lagi gimanapun kerjakan buat bisa makan ya coba aja ngajuin pindah lagi kalau,memang kadang sedih nder mana banyak yang enggak percaya pertamax naik itu mempengaruhi ekonomi banyak banget opini yang bilang itu enggak mempengaruhi jadi sedih dengar ceritamu nder coba saja nder mengajukan lagi gimanapun kerjakan buat bisa makan ya coba saja mengajukan pindah lagi kalau,memang kadang sedih nder mana banyak enggak percaya pertamax naik pengaruh ekonomi banyak banget opini bilang enggak pengaruh jadi sedih dengar cerita nder coba nder aju gimanapun kerja buat makan coba aju pindah kalau
2076094074235637940,Sat Jul 11 23:59:33 +0000 2026,shii,_augustwos,"@TxtdariHI jahat banget emang. harga pertamax dinaikin, pertalite pelan2 diilangin",jahat banget emang harga pertamax dinaikin pertalite pelan diilangin,jahat banget memang harga pertamax dinaikin pertalite pelan diilangin,jahat banget memang harga pertamax dinaikin pertalite pelan diilangin
2076086222536184262,Sat Jul 11 23:28:21 +0000 2026,Ikhwan Azis,Ikhwanazis89,"@wiraaaaa27 Bahlil is definitely way better than Doddy and Nadiem regardless what netizen say about him.
Dia masih mau dengerin pihak lain dan care to his subordinates.

Netizen wajib cecar dia soal harga pertamax, pertamax turbo dan dex yang kagak turun meski world oil price udah turun.",bahlil is definitely way better than doddy and nadiem regardless what netizen say about him dia masih mau dengerin pihak lain dan care to his subordinates netizen wajib cecar dia soal harga pertamax pertamax turbo dan dex yang kagak turun meski world oil price udah turun,bahlil is definitely way better tahan doddy and nadiem regardless what netizen sayang about him dia masih mau mendengarkan pihak lain dan care tapi his subordinates netizen wajib cecar dia soal harga pertamax pertamax turbo dan dex yang kagak turun meski world oil price sudah turun,bahlil is definitely way better tahan doddy and nadiem regardless what netizen sayang about him mau dengar pihak care his subordinates netizen wajib cecar soal harga pertamax pertamax turbo dex kagak turun meski world oil price turun
2076010750452322608,Sat Jul 11 18:28:27 +0000 2026,Ru- bieee 🐝,pxufies,"@qrivasiii Klo jalak kaki bisa dpt bakso + es teh, klo naik motor ya cuman dpt Pertamax 0,997 liter",klo jalak kaki bisa dpt bakso es teh klo naik motor ya cuman dpt pertamax liter,kalo jalak kaki bisa dapat bakso es teh kalo naik motor ya cuman dapat pertamax liter,jalak kaki bakso es teh naik motor cuman pertamax liter
2076008301230526527,Sat Jul 11 18:18:44 +0000 2026,bang dreper,drivercaricuan,"Asli semenjak pertamax naik orang""  yg biasa pertamax jadi lari ke pertalite, Alhasil antrian jadi lebih panjang dan jadi cepet habis di pom bensin,

Apakah akan terjadi kelangkaan pertalite?
Kalo udah begini kira"" solusi yg baik gmn ya dari pemerintah?naikin harga pertalite agar",asli semenjak pertamax naik orang yg biasa pertamax jadi lari ke pertalite alhasil antrian jadi lebih panjang dan jadi cepet habis di pom bensin apakah akan terjadi kelangkaan pertalite kalo udah begini kira solusi yg baik gmn ya dari pemerintah naikin harga pertalite agar,asli semenjak pertamax naik orang yang biasa pertamax jadi lari ke pertalite alhasil antrian jadi lebih panjang dan jadi cepat habis di pom bensin apakah akan terjadi kelangkaan pertalite kalo sudah begini kira solusi yang baik bagaimana ya dari pemerintah naikin harga pertalite agar,asli semenjak pertamax naik orang biasa pertamax jadi lari pertalite alhasil antri jadi lebih panjang jadi cepat habis pom bensin jadi langka pertalite begini kira solusi baik bagaimana perintah naikin harga pertalite
2075990040891830287,Sat Jul 11 17:06:10 +0000 2026,SambatPadjadjaran,SMBTpadjadjaran,"@purpleblood_fpl saya hanya rakyat biasa , gak bisa naikin harga pertamax 😏😏😏",saya hanya rakyat biasa gak bisa naikin harga pertamax,saya hanya rakyat biasa enggak bisa naikin harga pertamax,rakyat biasa enggak naikin harga pertamax
2075988052841992386,Sat Jul 11 16:58:16 +0000 2026,Purple Blood FPL,purpleblood_fpl,@SMBTpadjadjaran Naikin harga pertamax juga enak Min 👀,naikin harga pertamax juga enak min,naikin harga pertamax juga enak min,naikin harga pertamax enak min
2075985076257730962,Sat Jul 11 16:46:26 +0000 2026,⁶⁷જ⁀➴,sevenplusj,"pertamax naik karna selama ini di oplos
listrik mati mulu karna korupsi batu bara

emang dah yang paling kena dampaknya rakyat doang",pertamax naik karna selama ini di oplos listrik mati mulu karna korupsi batu bara emang dah yang paling kena dampaknya rakyat doang,pertamax naik karena selama ini di oplos listrik mati mulu karena korupsi batu bara memang deh yang paling kena dampaknya rakyat doang,pertamax naik lama oplos listrik mati mulu korupsi batu bara memang paling kena dampak rakyat doang
2075973911708418065,Sat Jul 11 16:02:04 +0000 2026,pid 𓅓,bienvefido,"mana yg katanya bbm naik cm buat nyusahin org kaya?

ini pertalite udh abis di 2 pom terdekat rumah. org-org yg biasa beli pertalite jd terpaksa beli pertamax yg mahal itu",mana yg katanya bbm naik cm buat nyusahin org kaya ini pertalite udh abis di pom terdekat rumah org org yg biasa beli pertalite jd terpaksa beli pertamax yg mahal itu,mana yang katanya bbm naik cuma buat menyusahkan orang kayak ini pertalite sudah habis di pom terdekat rumah orang orang yang biasa beli pertalite jadi terpaksa beli pertamax yang mahal itu,mana kata bbm naik cuma buat susah orang kayak pertalite habis pom dekat rumah orang orang biasa beli pertalite jadi paksa beli pertamax mahal
2075971632238313510,Sat Jul 11 15:53:01 +0000 2026,hamimaung,hamimaung9934,@bersuwara_ @Henaso250 nanti dollar ikut naik lagi tunggu aja 🤣 habis ini pemerintah mau naikin apalagi ya? kemaren udah pertamax mungkin tdl atau air pam buat menambah anggaran mbg 🤣,nanti dollar ikut naik lagi tunggu aja habis ini pemerintah mau naikin apalagi ya kemaren udah pertamax mungkin tdl atau air pam buat menambah anggaran mbg,nanti dollar ikut naik lagi tunggu saja habis ini pemerintah mau naikin apalagi ya kemarin sudah pertamax mungkin tdl atau air pam buat menambah anggaran mbak,dollar ikut naik tunggu habis perintah mau naikin kemarin pertamax mungkin tdl air pam buat tambah anggar mbak
2075971435697476068,Sat Jul 11 15:52:14 +0000 2026,echiz,moriartyhouse,"gue pake pertamax, dan udah ditahap tiap isi bensin tuh menghela napas capek. beneran

capeknya tuh karena gue tauu bakal cuma keisi berapa tangkinya semenjak harganya naik
makanya mau reimburse ke kantor bingung. takut dibilang aji mumpung",gue pake pertamax dan udah ditahap tiap isi bensin tuh menghela napas capek beneran capeknya tuh karena gue tauu bakal cuma keisi berapa tangkinya semenjak harganya naik makanya mau reimburse ke kantor bingung takut dibilang aji mumpung,gue pakai pertamax dan sudah ditahap tiap isi bensin tuh menghela napas capek benaran capeknya tuh karena gue tau bakal cuma keisi berapa tangkinya semenjak harganya naik makanya mau reimburse ke kantor bingung takut dibilang aji mumpung,gue pakai pertamax tahap tiap isi bensin tuh hela napas capek benar capek tuh gue tau bakal cuma isi berapa tangki semenjak harga naik makanya mau reimburse kantor bingung takut bilang aji mumpung
2075966720532197479,Sat Jul 11 15:33:30 +0000 2026,Mas Bud 12 🍉 will be free,mas_bud12,"@TxtdariHI Ya gimana gak sulit, pikir aja. Motor yg harusnya pake Pertamax (minimal Ron sekian) karena harganya naik. Jadilah mereka beli pertalite yang harganya tetap.",ya gimana gak sulit pikir aja motor yg harusnya pake pertamax minimal ron sekian karena harganya naik jadilah mereka beli pertalite yang harganya tetap,ya bagaimana enggak sulit pikir saja motor yang harusnya pakai pertamax minimal ron sekian karena harganya naik jadilah mereka beli pertalite yang harganya tetap,bagaimana enggak sulit pikir motor harus pakai pertamax minimal ron sekian harga naik jadi beli pertalite harga tetap
2075965686036459597,Sat Jul 11 15:29:23 +0000 2026,hyung🍉,pacarkimjisoo,"@eotteokkaji Iyah, paling 10an di kota ini, pertalit cuma ada di 2 pom bensin seingetku kalau ga salah dan itupun antri nya kek monyet, mana dibatesin lagi wkwkwk orang sini dah biasapake pertamax, eh naik, kentutttt",iyah paling an di kota ini pertalit cuma ada di pom bensin seingetku kalau ga salah dan itupun antri nya kek monyet mana dibatesin lagi wkwkwk orang sini dah biasapake pertamax eh naik kentutttt,iya paling an di kota ini pertalit cuma ada di pom bensin seingetku kalau enggak salah dan itupun antri nya kayak monyet mana dibatesin lagi wkwkwk orang sini deh biasapake pertamax eh naik kentutttt,iya paling an kota pertalit cuma pom bensin seingetku kalau enggak salah itu antri nya kayak monyet mana dibatesin wkwkwk orang sini biasapake pertamax eh naik kentutttt
2075965385262907667,Sat Jul 11 15:28:12 +0000 2026,A R I S U ありす,arissuhada87,"@TxtdariHI ""Ngapain pusing Pertamax naik 30%, kan tinggal ganti ke Pertalite""

🗿🗿🗿",ngapain pusing pertamax naik kan tinggal ganti ke pertalite,mengapai pusing pertamax naik kan tinggal ganti ke pertalite,kapai pusing pertamax naik kan tinggal ganti pertalite
2075961146654519495,Sat Jul 11 15:11:21 +0000 2026,🐢💨,Kkuuroo___,@cepetlulusss pertalite langka pertamax melambung. naik anjin aja naik anjing 😭😭😭,pertalite langka pertamax melambung naik anjin aja naik anjing,pertalite langka pertamax melambung naik anjin saja naik anjing,pertalite langka pertamax lambung naik anjin naik anjing
2075952355439501756,Sat Jul 11 14:36:25 +0000 2026,anti bansos bansos club,mrEko_84,"@TxtdariHI Wkwkwkw mana yang kmaren blg “ kan harganya ga naik, iya tp barangnya hilang” makan noh pertamax",wkwkwkw mana yang kmaren blg kan harganya ga naik iya tp barangnya hilang makan noh pertamax,wkwkwkw mana yang kemarin bilang kan harganya enggak naik iya tapi barangnya hilang makan noh pertamax,wkwkwkw mana kemarin bilang kan harga enggak naik iya barang hilang makan noh pertamax
2075951519254655135,Sat Jul 11 14:33:06 +0000 2026,Divanio Zanzar Fahrezi,DivanioZanzarF,"udah jelas bgt efek dari pertamax naik orang orang pasti bakal pindah ke pertalite, lebih banyak demand daripada supply nya. tapi presiden kita masi ngomong kalo pertamax cuma buat orang orang kaya🫠",udah jelas bgt efek dari pertamax naik orang orang pasti bakal pindah ke pertalite lebih banyak demand daripada supply nya tapi presiden kita masi ngomong kalo pertamax cuma buat orang orang kaya,sudah jelas banget efek dari pertamax naik orang orang pasti bakal pindah ke pertalite lebih banyak demand daripada supply nya tapi presiden kita masih mengomong kalo pertamax cuma buat orang orang kayak,jelas banget efek pertamax naik orang orang bakal pindah pertalite lebih banyak demand supply nya presiden omong pertamax cuma buat orang orang kayak
2075949463806545990,Sat Jul 11 14:24:56 +0000 2026,unimaginable,hyudilautbiru,@TxtdariHI Efek disparitas harga yg terlalu tinggi dengan pertamax semua beralih minum pertalite,efek disparitas harga yg terlalu tinggi dengan pertamax semua beralih minum pertalite,efek disparitas harga yang terlalu tinggi dengan pertamax semua beralih minum pertalite,efek disparitas harga terlalu tinggi pertamax semua alih minum pertalite
2075942311704633510,Sat Jul 11 13:56:30 +0000 2026,Marno Blewah,MarnoMbois,@TxtdariHI ya yang punya pom pilih keluarin dulu pertamax yang kadung dibeli pas harga naik dulu 🗿,ya yang punya pom pilih keluarin dulu pertamax yang kadung dibeli pas harga naik dulu,ya yang punya pom pilih keluarkan dulu pertamax yang kadung dibeli pas harga naik dulu,punya pom pilih keluar dulu pertamax kadung beli pas harga naik dulu
2075941161769050138,Sat Jul 11 13:51:56 +0000 2026,rifki,maulanarifki,@TxtdariHI Sekarang soalnya orang ramai2 pake pertalite. Harga jauh banget sm pertamax. Yg motor2 biasa pertamax skrg pertalite dulu survival mode.,sekarang soalnya orang ramai pake pertalite harga jauh banget sm pertamax yg motor biasa pertamax skrg pertalite dulu survival mode,sekarang soalnya orang ramai pakai pertalite harga jauh banget sama pertamax yang motor biasa pertamax sekarang pertalite dulu survival mode,sekarang soal orang ramai pakai pertalite harga jauh banget sama pertamax motor biasa pertamax sekarang pertalite dulu survival mode
2075938815706095872,Sat Jul 11 13:42:37 +0000 2026,Eng,ttidaksukapedas,"@plisitin Iloveyou=3000
Pertamax=16250",iloveyou pertamax,iloveyou pertamax,iloveyou pertamax
2075934184372338781,Sat Jul 11 13:24:13 +0000 2026,G•,gladlyhs,Harga pertamax naik bikin hemat males kemana mana skrg -_-,harga pertamax naik bikin hemat males kemana mana skrg,harga pertamax naik bikin hemat malas kemana mana sekarang,harga pertamax naik bikin hemat malas mana sekarang
2075931643697909891,Sat Jul 11 13:14:07 +0000 2026,Bantalleher,Bantalleherr,"@TxtdariHI Dari kemarinkan udh dibilang, pada ngeyel dibilang kan ada Pertalite walau pertamax naik, emang wagra indo goblok aja ngeyw",dari kemarinkan udh dibilang pada ngeyel dibilang kan ada pertalite walau pertamax naik emang wagra indo goblok aja ngeyw,dari kemarinkan sudah dibilang pada ngeyel dibilang kan ada pertalite walau pertamax naik memang wagra indonesia goblok saja ngeyw,kemarin bilang ngeyel bilang kan pertalite pertamax naik memang wagra indonesia goblok ngeyw
2075931211231539553,Sat Jul 11 13:12:24 +0000 2026,Bintanggg 🥭,btrkh04,“harga pertamax naik gak ngaruh ke pengguna pertalite” they said,harga pertamax naik gak ngaruh ke pengguna pertalite they said,harga pertamax naik enggak ngaruh ke pengguna pertalite they said,harga pertamax naik enggak ngaruh guna pertalite they said
2075928823779279004,Sat Jul 11 13:02:55 +0000 2026,Fud,TahananAzkabn,"@TxtdariHI Lalu pertamax bakal diserbu, pemerintah merasa aman aman aja tuh dikasih 16rb juga diserbu masyarakat. Akhirnya harga pertamax ga diturunin, kebaca bosss",lalu pertamax bakal diserbu pemerintah merasa aman aman aja tuh dikasih rb juga diserbu masyarakat akhirnya harga pertamax ga diturunin kebaca bosss,lalu pertamax bakal diserbu pemerintah merasa aman aman saja tuh dikasih ribu juga diserbu masyarakat akhirnya harga pertamax enggak diturunin kebaca bosss,lalu pertamax bakal serbu perintah rasa aman aman tuh kasih ribu serbu masyarakat akhir harga pertamax enggak diturunin baca bosss
2075927370972999837,Sat Jul 11 12:57:08 +0000 2026,delll,edellweis_,@TxtdariHI udahlah harga pertamax naik para penimbun ini juga pada menggila lagi,udahlah harga pertamax naik para penimbun ini juga pada menggila lagi,sudahlah harga pertamax naik para penimbun ini juga pada menggila lagi,sudah harga pertamax naik timbun gila
2075926148970852571,Sat Jul 11 12:52:17 +0000 2026,Sven Kjellberg🔻,SvenKjellberg2,"ada 2 scenario yg gue prediksi kemarin pas pertamax naik
-pertalite langka
atau
-bakal banyak yg ganti ke EV

so far di kantor lebih banyak yg nomor 2 sih.",ada scenario yg gue prediksi kemarin pas pertamax naik pertalite langka atau bakal banyak yg ganti ke ev so far di kantor lebih banyak yg nomor sih,ada scenario yang gue prediksi kemarin pas pertamax naik pertalite langka atau bakal banyak yang ganti ke ev sok far di kantor lebih banyak yang nomor sih,scenario gue prediksi kemarin pas pertamax naik pertalite langka bakal banyak ganti ev sok far kantor lebih banyak nomor
2075923894117286313,Sat Jul 11 12:43:19 +0000 2026,LEO,Loaamm,"@J0eHir0 Bener banget, nambah panjang antrian semenjak pertamax naik 16rb 😭",bener banget nambah panjang antrian semenjak pertamax naik rb,benar banget menambah panjang antrian semenjak pertamax naik ribu,benar banget tambah panjang antri semenjak pertamax naik ribu
2075923712273158456,Sat Jul 11 12:42:36 +0000 2026,radioaktif,rad1oakt1f,"Inget ya, jangan demo soal kenaikan harga Pertamax, karena ya ngapain bela orang kaya",inget ya jangan demo soal kenaikan harga pertamax karena ya ngapain bela orang kaya,ingat ya jangan demo soal kenaikan harga pertamax karena ya mengapai bela orang kayak,ingat jangan demo soal naik harga pertamax kapai bela orang kayak
2075920457233219856,Sat Jul 11 12:29:40 +0000 2026,d,gatauahdark,"@TxtdariHI kalau kata buzzer wowok wiwik ""Pertalite tuh masih di subsidi, pertamax kan emang harusnya ga di subsidi. gausah protes"" padahal yg jadi problem tuh orang yg biasa beli pertamax bakal pindah ke pertalite. demandnya pertalite naik tapi supplynya ga sebanding akhirnya jadi langka.",kalau kata buzzer wowok wiwik pertalite tuh masih di subsidi pertamax kan emang harusnya ga di subsidi gausah protes padahal yg jadi problem tuh orang yg biasa beli pertamax bakal pindah ke pertalite demandnya pertalite naik tapi supplynya ga sebanding akhirnya jadi langka,kalau kata buzzer wowok wiwik pertalite tuh masih di subsidi pertamax kan memang harusnya enggak di subsidi enggak usah protes padahal yang jadi problem tuh orang yang biasa beli pertamax bakal pindah ke pertalite demandnya pertalite naik tapi supplynya enggak sebanding akhirnya jadi langka,kalau kata buzzer wowok wiwik pertalite tuh subsidi pertamax kan memang harus enggak subsidi enggak usah protes padahal jadi problem tuh orang biasa beli pertamax bakal pindah pertalite demandnya pertalite naik supplynya enggak banding akhir jadi langka
2075906656660328620,Sat Jul 11 11:34:50 +0000 2026,arf,harmaxyn,@TxtdariHI Yang dari awal sudah diprediksi sejak harga pertamax 16k,yang dari awal sudah diprediksi sejak harga pertamax k,yang dari awal sudah diprediksi sejak harga pertamax ke,awal prediksi sejak harga pertamax
2075899045344854409,Sat Jul 11 11:04:35 +0000 2026,Minggu Gabut,minggugabut,@TxtdariHI Dan terpantau belum ada tanda2 pengumuman pertamax turun harga,dan terpantau belum ada tanda pengumuman pertamax turun harga,dan terpantau belum ada tanda pengumuman pertamax turun harga,pantau tanda umum pertamax turun harga
2075876960996352500,Sat Jul 11 09:36:50 +0000 2026,arleo,partof_leo,"Hal yang bikin misuh misuh hari ini, di beberapa spbu pertalite sering kehabisan imbas dari pertamax naik pada antri di pertalite, sekarang pertamax juga antri antri juga ini 🥲, jangan jangan tar juga sering abis anj emang https://t.co/DjzKIiWEih",hal yang bikin misuh misuh hari ini di beberapa spbu pertalite sering kehabisan imbas dari pertamax naik pada antri di pertalite sekarang pertamax juga antri antri juga ini jangan jangan tar juga sering abis anj emang,hal yang bikin misuh misuh hari ini di beberapa spbu pertalite sering kehabisan imbas dari pertamax naik pada antri di pertalite sekarang pertamax juga antri antri juga ini jangan jangan entar juga sering habis anjing memang,bikin misuh misuh hari beberapa spbu pertalite sering habis imbas pertamax naik antri pertalite sekarang pertamax antri antri jangan jangan entar sering habis anjing memang
2075873135015100744,Sat Jul 11 09:21:37 +0000 2026,ban_g3mbos,miqnies,@dialogsenja__ Soal harga pertamax,soal harga pertamax,soal harga pertamax,soal harga pertamax
2075869152179556830,Sat Jul 11 09:05:48 +0000 2026,brenomars,brenomarss_,"pertamax naik dolar naik ipk turun.
tai taian 1 dosen killer megang 4 matkul rata c ajgg",pertamax naik dolar naik ipk turun tai taian dosen killer megang matkul rata c ajgg,pertamax naik dolar naik ipk turun tahi taian dosen killer memegang matkul rata sih ajgg,pertamax naik dolar naik ipk turun tahi taian dosen killer pegang matkul rata ajgg
2075861373918286275,Sat Jul 11 08:34:53 +0000 2026,hajatanbareng,pmudaskitarsini,"pertamax naik, pertalite jarang, indikator bensin menyala",pertamax naik pertalite jarang indikator bensin menyala,pertamax naik pertalite jarang indikator bensin menyala,pertamax naik pertalite jarang indikator bensin nyala
2075791120563589360,Sat Jul 11 03:55:44 +0000 2026,Drei🍦,Drei_Ch,"Pantes pada marah waktu pertamax naik, ini gw ngisi 100k cuma dapet 6 liter bjir🥀🥀🥀🥀",pantes pada marah waktu pertamax naik ini gw ngisi k cuma dapet liter bjir,pantas pada marah waktu pertamax naik ini gue ngisi ke cuma dapat liter bjir,pantas marah waktu pertamax naik gue ngisi cuma liter bjir
2075751408666869960,Sat Jul 11 01:17:56 +0000 2026,Partono Ahmet Djemat,Partono_ADjem,@andi_achilles Jadi lupa kan sama dollar n pertamax yg naik 😂,jadi lupa kan sama dollar n pertamax yg naik,jadi lupa kan sama dollar n pertamax yang naik,jadi lupa kan sama dollar n pertamax naik
2075586452663189928,Fri Jul 10 14:22:27 +0000 2026,bellaaaa,eumsandy,skrg jd jarang bgt kerja naik mobil semenjak pertamax naik😕😕 https://t.co/T95ERsTYF6,skrg jd jarang bgt kerja naik mobil semenjak pertamax naik,sekarang jadi jarang banget kerja naik mobil semenjak pertamax naik,sekarang jadi jarang banget kerja naik mobil semenjak pertamax naik
2075572172526072004,Fri Jul 10 13:25:42 +0000 2026,Cangka,cangpanjaaang,"Mahasiswa ga ada yg berminat demo besar2an nih? 
Demo ke Prabowo, protes berani2nya ngusik koruptor! 
Wkwk
Sekalian harga BBM Pertamax buat orang kaya sampe sekarang belum turun juga!",mahasiswa ga ada yg berminat demo besaran nih demo ke prabowo protes beraninya ngusik koruptor wkwk sekalian harga bbm pertamax buat orang kaya sampe sekarang belum turun juga,mahasiswa enggak ada yang berminat demo besaran nih demo ke prabowo protes beraninya ngusik koruptor wkwk sekalian harga bbm pertamax buat orang kayak sampai sekarang belum turun juga,mahasiswa enggak minat demo besar nih demo prabowo protes berani ngusik koruptor wkwk sekali harga bbm pertamax buat orang kayak sekarang turun
2075536381380812949,Fri Jul 10 11:03:29 +0000 2026,Teman Tinker,pixy_dust00,Buat yg bilang pertamax naik cuma buat org2 mampu liat nih!!! Udah 2 hari pertalite kosong. Mau ga mau isi pertamax lah 🫵🏻 https://t.co/zBxfrkImGT,buat yg bilang pertamax naik cuma buat org mampu liat nih udah hari pertalite kosong mau ga mau isi pertamax lah,buat yang bilang pertamax naik cuma buat orang mampu lihat nih sudah hari pertalite kosong mau enggak mau isi pertamax lah,buat bilang pertamax naik cuma buat orang mampu lihat nih hari pertalite kosong mau enggak mau isi pertamax lah
2075428052268622242,Fri Jul 10 03:53:01 +0000 2026,ARJUNA ZIONIST INDONESIA 🇲🇨,OneLove4Human,"Harga minyak dunia sudah tergelincir jauh ke 76 USD, kenapa harga Pertamax belum turun seperti semula ?

@bahlillahadalia
https://t.co/rvbeujTL85",harga minyak dunia sudah tergelincir jauh ke usd kenapa harga pertamax belum turun seperti semula,harga minyak dunia sudah tergelincir jauh ke usd kenapa harga pertamax belum turun seperti semula,harga minyak dunia gelincir jauh usd harga pertamax turun mula
2075387793216541013,Fri Jul 10 01:13:03 +0000 2026,HEXAGRAM,kotatahuu,"selamat hari jumat semuanya tetep semangat ya meskipun harga pertamax bikin kantong tambah jebol .semoga in this economy kita bisa bertahan 
have a great day ya https://t.co/rgUisWK359",selamat hari jumat semuanya tetep semangat ya meskipun harga pertamax bikin kantong tambah jebol semoga in this economy kita bisa bertahan have a great day ya,selamat hari jumat semuanya tetap semangat ya meskipun harga pertamax bikin kantong tambah jebol semoga ini this economy kita bisa bertahan have a great day ya,selamat hari jumat semua tetap semangat meski harga pertamax bikin kantong tambah jebol moga this economy tahan have a great day
2075362014390899093,Thu Jul 09 23:30:37 +0000 2026,MyNameIsZahwa,SeriusAmatX,TURUNIN HARGA PERTAMAX ANJING🫵🤬,turunin harga pertamax anjing,turunin harga pertamax anjing,turunin harga pertamax anjing
2075204196685828543,Thu Jul 09 13:03:30 +0000 2026,ziia⁷ 🍀,trivialiner,"@txtdrimedia Siapa sih yg ngasih pikiran ke ini orang satu kalo yg pake pertamax = orang kaya? Sumpah ya dzolim banget, hopeless banget dengan harga bensin sekarang, gw yg dari keluarga biasa aja kesulitan pak gara2 harganya naik, kampret asli lah",siapa sih yg ngasih pikiran ke ini orang satu kalo yg pake pertamax orang kaya sumpah ya dzolim banget hopeless banget dengan harga bensin sekarang gw yg dari keluarga biasa aja kesulitan pak gara harganya naik kampret asli lah,siapa sih yang mengasih pikiran ke ini orang satu kalo yang pakai pertamax orang kayak sumpah ya dzolim banget hopeless banget dengan harga bensin sekarang gue yang dari keluarga biasa saja kesulitan pak gara harganya naik kampret asli lah,siapa asih pikir orang satu pakai pertamax orang kayak sumpah dzolim banget hopeless banget harga bensin sekarang gue keluarga biasa sulit pak gara harga naik kampret asli lah
2075162224776429766,Thu Jul 09 10:16:43 +0000 2026,najvn,littleebite,"baru sadar dan krasa efeknya kalau pertamax naik, sebelum naik ngisi bensin selalu nambah 2 strip, sekarang ngisi nominal yg sama cuma naik 1 strip ajg 😭 https://t.co/RhAD4sVy2i",baru sadar dan krasa efeknya kalau pertamax naik sebelum naik ngisi bensin selalu nambah strip sekarang ngisi nominal yg sama cuma naik strip ajg,baru sadar dan krasa efeknya kalau pertamax naik sebelum naik ngisi bensin selalu menambah strip sekarang ngisi nominal yang sama cuma naik strip ajg,baru sadar krasa efek kalau pertamax naik naik ngisi bensin selalu tambah strip sekarang ngisi nominal sama cuma naik strip ajg
2075129694534647914,Thu Jul 09 08:07:27 +0000 2026,jalahoaks,jalahoaks,"Benarkah Menteri Bahlil menyebut bahwa harga Pertamax akan turun menjadi Rp10.500? Buka tautan untuk lihat faktanya: https://t.co/WxLLYIzGny

#Jalahoaks
#JakartaKotaGlobal
#BBM",benarkah menteri bahlil menyebut bahwa harga pertamax akan turun menjadi rp buka tautan untuk lihat faktanya,benarkah menteri bahlil menyebut bahwa harga pertamax akan turun menjadi rp buka tautan untuk lihat faktanya,benar menteri bahlil sebut harga pertamax turun jadi rp buka taut lihat fakta
2075106886379241534,Thu Jul 09 06:36:49 +0000 2026,Romi Saputra,putrapostdaily,"Berdasarkan data terkini 9 Juli 2026, harga BBM Pertamina di seluruh Indonesia masih mengikuti penyesuaian yang berlaku sejak 1 Juli 2026, di mana Pertamax Turbo, Dexlite, dan Pertamina Dex turun, sementara Pertamax dan Pertamax Green tetap stabil. 

https://t.co/OFxAk7KEU2",berdasarkan data terkini juli harga bbm pertamina di seluruh indonesia masih mengikuti penyesuaian yang berlaku sejak juli di mana pertamax turbo dexlite dan pertamina dex turun sementara pertamax dan pertamax green tetap stabil,berdasarkan data terkini juli harga bbm pertamina di seluruh indonesia masih mengikuti penyesuaian yang berlaku sejak juli di mana pertamax turbo dexlite dan pertamina dex turun sementara pertamax dan pertamax green tetap stabil,dasar data kini juli harga bbm pertamina seluruh indonesia ikut sesuai laku sejak juli mana pertamax turbo dexlite pertamina dex turun pertamax pertamax green tetap stabil
2075016630460145984,Thu Jul 09 00:38:11 +0000 2026,Leo Lintang,leolintang,"Harga minyak dunia sudah turun segini, kok pertamax masih tinggi aja ya https://t.co/DO880dqkfu",harga minyak dunia sudah turun segini kok pertamax masih tinggi aja ya,harga minyak dunia sudah turun segini kok pertamax masih tinggi saja ya,harga minyak dunia turun gin pertamax tinggi
2074969286699782200,Wed Jul 08 21:30:03 +0000 2026,💭 baseconvo,baseconvo,💙 bbm semahal itu ya skrg. ngisi pertamax 200rb kaya geli geli doang di mobil. karjimut ini bertarung dengan harga harga indonesia yaAllah 😭,bbm semahal itu ya skrg ngisi pertamax rb kaya geli geli doang di mobil karjimut ini bertarung dengan harga harga indonesia yaallah,bbm semahal itu ya sekarang ngisi pertamax ribu kayak geli geli doang di mobil karjimut ini bertarung dengan harga harga indonesia yaallah,bbm mahal sekarang ngisi pertamax ribu kayak geli geli doang mobil karjimut tarung harga harga indonesia yaallah
2074902597698478096,Wed Jul 08 17:05:03 +0000 2026,ajung✧,junggene_,"naik motor pertamax mahal, naik sepeda kena pajak juga
emang benernya naik anjing aja naik anjing",naik motor pertamax mahal naik sepeda kena pajak juga emang benernya naik anjing aja naik anjing,naik motor pertamax mahal naik sepeda kena pajak juga memang benernya naik anjing saja naik anjing,naik motor pertamax mahal naik sepeda kena pajak memang benernya naik anjing naik anjing
2074872986159718607,Wed Jul 08 15:07:23 +0000 2026,raphael,phunkcreas,"turunin harga pertamax, mio tempur-ku bunyi kalo pake pertalite 😭💔",turunin harga pertamax mio tempur ku bunyi kalo pake pertalite,turunin harga pertamax mio tempur ku bunyi kalo pakai pertalite,turunin harga pertamax mio tempur ku bunyi pakai pertalite
2074847077058871578,Wed Jul 08 13:24:26 +0000 2026,Jawa Pos,jawapos,"Di Jatim, Migrasi Konsumsi ke Pertalite Capai 10 Persen usai Harga Pertamax Naik
https://t.co/HcEKzMpz8m",di jatim migrasi konsumsi ke pertalite capai persen usai harga pertamax naik,di jatim migrasi konsumsi ke pertalite capai persen usai harga pertamax naik,jatim migrasi konsumsi pertalite capai persen usai harga pertamax naik
2074823476721181103,Wed Jul 08 11:50:39 +0000 2026,LIPUTAN6,liputan6dotcom,"Imbas Harga Naik, Pengguna Pertamax Mulai Serbu BBM Subsidi

https://t.co/wkVEZebL2t https://t.co/rlRoDKzNmb",imbas harga naik pengguna pertamax mulai serbu bbm subsidi,imbas harga naik pengguna pertamax mulai serbu bbm subsidi,imbas harga naik guna pertamax mulai serbu bbm subsidi
2074821501615026659,Wed Jul 08 11:42:48 +0000 2026,LIPUTAN6,liputan6dotcom,"Imbas Harga Naik, Pengguna Pertamax Mulai Serbu BBM Subsidi

https://t.co/xzHDioQpR9",imbas harga naik pengguna pertamax mulai serbu bbm subsidi,imbas harga naik pengguna pertamax mulai serbu bbm subsidi,imbas harga naik guna pertamax mulai serbu bbm subsidi
2074717207435813225,Wed Jul 08 04:48:23 +0000 2026,Arle🕷️,arlecchindoo,"Soalnya isu perselingkuhan artis udah gak doyan skrg, masyarakatnya agak panik ngurus dapur rumah semuanya mahal, makanya MBG juga didukung lumayan ngurangin porsi makan keluarga kan, apalagi kalo kurang mampu tapi anaknya banyak.

Tapi kalo isu LGBT kan fresh, apalagi buat",soalnya isu perselingkuhan artis udah gak doyan skrg masyarakatnya agak panik ngurus dapur rumah semuanya mahal makanya mbg juga didukung lumayan ngurangin porsi makan keluarga kan apalagi kalo kurang mampu tapi anaknya banyak tapi kalo isu lgbt kan fresh apalagi buat,soalnya isu perselingkuhan artis sudah enggak doyan sekarang masyarakatnya agak panik mengurus dapur rumah semuanya mahal makanya mbak juga didukung lumayan ngurangin porsi makan keluarga kan apalagi kalo kurang mampu tapi anaknya banyak tapi kalo isu lgbt kan fresh apalagi buat,soal isu selingkuh artis enggak doyan sekarang masyarakat panik urus dapur rumah semua mahal makanya mbak dukung lumayan ngurangin porsi makan keluarga kan kurang mampu anak banyak isu lgbt kan fresh buat
2074716907974893737,Wed Jul 08 04:47:11 +0000 2026,𝔂𝓮𝓼𝓼 ꕤ & that,moncherichn,tuh kan bener 😌 harganya udh kaya pertamax alias naik mulu 😌😌 https://t.co/N24YMKTNBy,tuh kan bener harganya udh kaya pertamax alias naik mulu,tuh kan benar harganya sudah kayak pertamax alias naik mulu,tuh kan benar harga kayak pertamax alias naik mulu
2074658150830268597,Wed Jul 08 00:53:43 +0000 2026,Tukang Mobil Mobilan,MasMasBiassaa,"Honda CRV gen 3 atau yang sering kita sebut CRV Bulus, masih jadi satu satunya desain dari banyaknya varian CRV yang sangat timeless, walopun saya akuin desain CRV makin kesini tuh cenderung membosankan &amp; dari dulu gaada fitur yang bisa bikin kita ngerasa WOW gituloh.

Mobil yang https://t.co/xbgxKXEv9f",honda crv gen atau yang sering kita sebut crv bulus masih jadi satu satunya desain dari banyaknya varian crv yang sangat timeless walopun saya akuin desain crv makin kesini tuh cenderung membosankan amp dari dulu gaada fitur yang bisa bikin kita ngerasa wow gituloh mobil yang,honda crv gen atau yang sering kita sebut crv bulus masih jadi satu satunya desain dari banyaknya varian crv yang sangat timeless walopun saya akuin desain crv makin kesini tuh cenderung membosankan amp dari dulu enggak ada fitur yang bisa bikin kita merasa wow gituloh mobil yang,honda crv gen sering sebut crv bulus jadi satu satu desain banyak varian crv sangat timeless walopun akuin desain crv makin kesini tuh cenderung bosan dulu enggak ada fitur bikin rasa wow gituloh mobil
2074652055671886196,Wed Jul 08 00:29:29 +0000 2026,lamba.ms8,lamba8_space,semua harga komoditas mulai merangkak naik lagi terutama harga minyak bumi yang sebelumnya dari 68$ dan yang pastinya Pertamax ga bakalan turun di waktu terdekat https://t.co/z8coMuZzHo,semua harga komoditas mulai merangkak naik lagi terutama harga minyak bumi yang sebelumnya dari dan yang pastinya pertamax ga bakalan turun di waktu terdekat,semua harga komoditas mulai merangkak naik lagi terutama harga minyak bumi yang sebelumnya dari dan yang pastinya pertamax enggak bakalan turun di waktu terdekat,semua harga komoditas mulai rangkak naik utama harga minyak bumi belum pasti pertamax enggak bakal turun waktu dekat
2074517498775609420,Tue Jul 07 15:34:49 +0000 2026,Sarjana Eksu,SarjanaEksu,Alasan kenapa harga pertamax susah turun,alasan kenapa harga pertamax susah turun,alasan kenapa harga pertamax susah turun,alas harga pertamax susah turun
2074511578201026920,Tue Jul 07 15:11:17 +0000 2026,Billy,Billy_Naravit,"Yang ditutupin:

1. Keluarga Prabowo ditipu sama agen CIA bodong (Gaurav Srivatava)

2. Rupiah tetap melemah menuju 18rb walaupun Suku Bunga BI udh naik kurang dari 1 bulan

3. Mengalihkan emosi warga atas naiknya BBM Pertamax ke 16rb

4. Permintaan kenaikan Gaji Dosen Guru di MK",yang ditutupin keluarga prabowo ditipu sama agen cia bodong gaurav srivatava rupiah tetap melemah menuju rb walaupun suku bunga bi udh naik kurang dari bulan mengalihkan emosi warga atas naiknya bbm pertamax ke rb permintaan kenaikan gaji dosen guru di mk,yang ditutupi keluarga prabowo ditipu sama agen cia bodong gaurav srivatava rupiah tetap melemah menuju ribu walaupun suku bunga bi sudah naik kurang dari bulan mengalihkan emosi warga atas naiknya bbm pertamax ke ribu permintaan kenaikan gaji dosen guru di maka,tutup keluarga prabowo tipu sama agen cia bodong gaurav srivatava rupiah tetap lemah tuju ribu walaupun suku bunga bi naik kurang bulan alih emosi warga atas naik bbm pertamax ribu minta naik gaji dosen guru
2074468035600228711,Tue Jul 07 12:18:16 +0000 2026,Sumatera Adil & Federal,indepenSumatera,"Prabowo adalah juru selamat kata qodari

Prabowo telah mengubah nasib anak Indonesia dari jaman jokowi gelap menjadi terang era Prabowo. Kenapa dibilang juru selamat oleh si pantek qodari ini

PROGRAM YANG SUDAH BERHASIL

1. MBG :Penerima sudah 60 jt lebih
2. Sepak bola berhasil https://t.co/w0RdQUFxQq",prabowo adalah juru selamat kata qodari prabowo telah mengubah nasib anak indonesia dari jaman jokowi gelap menjadi terang era prabowo kenapa dibilang juru selamat oleh si pantek qodari ini program yang sudah berhasil mbg penerima sudah jt lebih sepak bola berhasil,prabowo adalah juru selamat kata qodari prabowo telah mengubah nasib anak indonesia dari jaman jokowi gelap menjadi terang era prabowo kenapa dibilang juru selamat oleh sih pantek qodari ini program yang sudah berhasil mbak penerima sudah juta lebih sepak bola berhasil,prabowo juru selamat kata qodari prabowo ubah nasib anak indonesia jaman jokowi gelap jadi terang era prabowo bilang juru selamat pantek qodari program hasil mbak terima juta lebih sepak bola hasil
2074412276493492482,Tue Jul 07 08:36:42 +0000 2026,abey,atbluebeyyi,"lah mohan mah mau nge date sama raisa (mohan yg udah jadi orang sanggup dan have) walaupun LDR 3 jam juga gas aja walaupun harga bensin pertamax naik juga dijabanin, orang have lHoOoo YaaaAaa🤗",lah mohan mah mau nge date sama raisa mohan yg udah jadi orang sanggup dan have walaupun ldr jam juga gas aja walaupun harga bensin pertamax naik juga dijabanin orang have lhoooo yaaaaaa,lah mohan mah mau nge date sama raisa mohan yang sudah jadi orang sanggup dan have walaupun ldr jam juga gas saja walaupun harga bensin pertamax naik juga dijabanin orang have lhoooo ya,lah mohan mah mau nge date sama raisa mohan jadi orang sanggup have walaupun ldr jam gas walaupun harga bensin pertamax naik dijabanin orang have lhoooo
2074391183925911608,Tue Jul 07 07:12:53 +0000 2026,Romi Saputra,putrapostdaily,"Pada 7 Juli 2026, harga BBM di Indonesia masih mengikuti skema penyesuaian yang berlaku sejak 1 Juli 2026, di mana Pertamina menurunkan harga tiga produk BBM non-subsidi: Pertamax Turbo, Pertamina Dex, dan Dexlite. Sementara untuk BBM subsidi, harga Pertalite dan Solar subsidi",pada juli harga bbm di indonesia masih mengikuti skema penyesuaian yang berlaku sejak juli di mana pertamina menurunkan harga tiga produk bbm non subsidi pertamax turbo pertamina dex dan dexlite sementara untuk bbm subsidi harga pertalite dan solar subsidi,pada juli harga bbm di indonesia masih mengikuti skema penyesuaian yang berlaku sejak juli di mana pertamina menurunkan harga tiga produk bbm non subsidi pertamax turbo pertamina dex dan dexlite sementara untuk bbm subsidi harga pertalite dan solar subsidi,juli harga bbm indonesia ikut skema sesuai laku sejak juli mana pertamina turun harga tiga produk bbm non subsidi pertamax turbo pertamina dex dexlite bbm subsidi harga pertalite solar subsidi
2074320741429064043,Tue Jul 07 02:32:58 +0000 2026,Mohammad essa,essaluth,"@FansRossoneri Nah ya beda kan. Skrg aja harga pertamax naik belum biaya service mobil. Sesimpel parkir stasiun aja naik, ayam 1 ekor 1kg udh gadapet lg di 37rb hrs 40rb. Listrik jg naik krn tahun lalu saya sebulan 550 skrg hrs 700 dgn pemakaian yg sama. 15jt? Cukup dan bs nabung.",nah ya beda kan skrg aja harga pertamax naik belum biaya service mobil sesimpel parkir stasiun aja naik ayam ekor kg udh gadapet lg di rb hrs rb listrik jg naik krn tahun lalu saya sebulan skrg hrs dgn pemakaian yg sama jt cukup dan bs nabung,nah ya beda kan sekarang saja harga pertamax naik belum biaya service mobil sesimpel parkir stasiun saja naik ayam ekor kg sudah gadapet lagi di ribu harus ribu listrik juga naik karena tahun lalu saya sebulan sekarang harus dengan pemakaian yang sama juta cukup dan bisa nabung,nah beda kan sekarang harga pertamax naik biaya service mobil simpel parkir stasiun naik ayam ekor kg gadapet ribu ribu listrik naik tahun lalu bulan sekarang pakai sama juta cukup nabung
2074163907888140732,Mon Jul 06 16:09:46 +0000 2026,radar jakarta,jakarta7268,@DPR_RI Minyak bumi sudah turun pemerintah harus segera berpikir untuk penentuan harga baru untuk BBM Pertamax harganya harus disetting ulang dari rp16.250 turun kembali ke 11.800 oke https://t.co/4bac5LNU35,minyak bumi sudah turun pemerintah harus segera berpikir untuk penentuan harga baru untuk bbm pertamax harganya harus disetting ulang dari rp turun kembali ke oke,minyak bumi sudah turun pemerintah harus segera berpikir untuk penentuan harga baru untuk bbm pertamax harganya harus disetting ulang dari rp turun kembali ke oke,minyak bumi turun perintah segera pikir tentu harga baru bbm pertamax harga disetting ulang rp turun oke
2074133144052359459,Mon Jul 06 14:07:31 +0000 2026,Kenyang Lu Dikibulin,BangunBong,"Akankah harga BBM Pertamax akan turun, feeling gw sih nggak, udah boncos cuuy 🤣🤣🤣 ngaku harga ikut global, saat harga global turun dia ogah turun https://t.co/mc8CdDv6HF",akankah harga bbm pertamax akan turun feeling gw sih nggak udah boncos cuuy ngaku harga ikut global saat harga global turun dia ogah turun,akankah harga bbm pertamax akan turun feeling gue sih enggak sudah boncos cuuy mengaku harga ikut global saat harga global turun dia ogah turun,akan harga bbm pertamax turun feeling gue enggak boncos cuuy aku harga ikut global harga global turun ogah turun
2074048206002880593,Mon Jul 06 08:30:00 +0000 2026,IDX CHANNEL,idx_channel,"Prospek PT MAP Aktif Adiperkasa Tbk (MAPA) dinilai masih cukup tangguh di tengah tekanan ekonomi.

Meski demikian, keduanya memangkas proyeksi laba dan target harga saham seiring perlambatan ekspansi gerai serta meningkatnya risiko makroekonomi.

Dalam riset yang diterbitkan pada https://t.co/RwLhZHH6HG",prospek pt map aktif adiperkasa tbk mapa dinilai masih cukup tangguh di tengah tekanan ekonomi meski demikian keduanya memangkas proyeksi laba dan target harga saham seiring perlambatan ekspansi gerai serta meningkatnya risiko makroekonomi dalam riset yang diterbitkan pada,prospek pt map aktif adiperkasa tbk mapa dinilai masih cukup tangguh di tengah tekanan ekonomi meski demikian keduanya memangkas proyeksi laba dan target harga saham seiring perlambatan ekspansi gerai serta meningkatnya risiko makroekonomi dalam riset yang diterbitkan pada,prospek pt map aktif adiperkasa tbk mapa nilai cukup tangguh tengah tekan ekonomi meski dua mangkas proyeksi laba target harga saham iring lambat ekspansi gerai tingkat risiko makroekonomi riset terbit
2074040446117191749,Mon Jul 06 07:59:10 +0000 2026,Romi Saputra,putrapostdaily,"Pertamina resmi menurunkan harga beberapa jenis BBM nonsubsidi, terutama Pertamax Turbo, Dexlite, dan Pertamina Dex. Sementara jenis subsidi dan kelas menengah seperti Pertalite, Solar, dan Pertamax tetap stabil tanpa perubahan harga.

https://t.co/O8n6KSrMvv",pertamina resmi menurunkan harga beberapa jenis bbm nonsubsidi terutama pertamax turbo dexlite dan pertamina dex sementara jenis subsidi dan kelas menengah seperti pertalite solar dan pertamax tetap stabil tanpa perubahan harga,pertamina resmi menurunkan harga beberapa jenis bbm nonsubsidi terutama pertamax turbo dexlite dan pertamina dex sementara jenis subsidi dan kelas menengah seperti pertalite solar dan pertamax tetap stabil tanpa perubahan harga,pertamina resmi turun harga beberapa jenis bbm nonsubsidi utama pertamax turbo dexlite pertamina dex jenis subsidi kelas tengah pertalite solar pertamax tetap stabil ubah harga
2074032724323848581,Mon Jul 06 07:28:29 +0000 2026,Mohamat Mutajir,mutajir_mohamat,"@liogtttscrp Sejak tahun 2019,gw gak pernah isi pertalite, kandungan sulfur dan etanolnya tinggi banget, merusak mesin dan polusi udara. Karena shell, BP dan vivo dilarang impor BBM, terpaksa gw pake BBM sampah, pertamax. Harga dan kualitas gak matching. Mahal.",sejak tahun gw gak pernah isi pertalite kandungan sulfur dan etanolnya tinggi banget merusak mesin dan polusi udara karena shell bp dan vivo dilarang impor bbm terpaksa gw pake bbm sampah pertamax harga dan kualitas gak matching mahal,sejak tahun gue enggak pernah isi pertalite kandungan sulfur dan etanolnya tinggi banget merusak mesin dan polusi udara karena shell bp dan vivo dilarang impor bbm terpaksa gue pakai bbm sampah pertamax harga dan kualitas enggak matching mahal,sejak tahun gue enggak pernah isi pertalite kandung sulfur etanol tinggi banget rusak mesin polusi udara shell bp vivo larang impor bbm paksa gue pakai bbm sampah pertamax harga kualitas enggak matching mahal
2074006990666494411,Mon Jul 06 05:46:14 +0000 2026,Bisnis.com,Bisniscom,"Pertamina, BP-AKR, Vivo, hingga Shell melakukan penyesuaian harga bahan bakar minyak (BBM) pada Juli 2026. Mayoritas harga BBM di para peritel ini tercatat mengalami penurunan. Secara terperinci, Pertamina menurunkan harga Pertamax Series seperti… https://t.co/bIrvK9wwmR https://t.co/4GCPH7ovPL",pertamina bp akr vivo hingga shell melakukan penyesuaian harga bahan bakar minyak bbm pada juli mayoritas harga bbm di para peritel ini tercatat mengalami penurunan secara terperinci pertamina menurunkan harga pertamax series seperti,pertamina bp akr vivo hingga shell melakukan penyesuaian harga bahan bakar minyak bbm pada juli mayoritas harga bbm di para peritel ini tercatat mengalami penurunan secara terperinci pertamina menurunkan harga pertamax series seperti,pertamina bp akr vivo hingga shell laku sesuai harga bahan bakar minyak bbm juli mayoritas harga bbm ritel catat alami turun perinci pertamina turun harga pertamax series
2073997726589817122,Mon Jul 06 05:09:25 +0000 2026,Dian Hardiansyah,dianhardiansyah,Semoga bulan depan harga Pertamax turun.. 🤲🏻,semoga bulan depan harga pertamax turun,semoga bulan depan harga pertamax turun,moga bulan depan harga pertamax turun
2073934958490706048,Mon Jul 06 01:00:00 +0000 2026,Ilmu Tambang,ilmutambang_id,"Meski harga minyak dunia kembali melemah, harga Pertamax belum mengalami penyesuaian. Pertamina menyebut penetapan harga BBM nonsubsidi juga mempertimbangkan nilai tukar rupiah, regulasi pemerintah, dan daya beli masyarakat⛽📉

Kalau menurut kamu kawan, faktor mana yang paling https://t.co/0dwPq8nPaD",meski harga minyak dunia kembali melemah harga pertamax belum mengalami penyesuaian pertamina menyebut penetapan harga bbm nonsubsidi juga mempertimbangkan nilai tukar rupiah regulasi pemerintah dan daya beli masyarakat kalau menurut kamu kawan faktor mana yang paling,meski harga minyak dunia kembali melemah harga pertamax belum mengalami penyesuaian pertamina menyebut penetapan harga bbm nonsubsidi juga mempertimbangkan nilai tukar rupiah regulasi pemerintah dan daya beli masyarakat kalau menurut kamu kawan faktor mana yang paling,meski harga minyak dunia lemah harga pertamax alami sesuai pertamina sebut tetap harga bbm nonsubsidi timbang nilai tukar rupiah regulasi perintah daya beli masyarakat kalau kamu kawan faktor mana paling
2073924941670707397,Mon Jul 06 00:20:12 +0000 2026,strategi.id,strategi_id,"https://t.co/jXyVAF5IuT - PT Pertamina Patra Niaga menurunkan sejumlah harga bahan bakar minyak (BBM) nonsubsidi per 1 Juli 2026.

baca selengkapnya di https://t.co/krwZRPTjw9

#bbm #harga #pertamina #pertamax #pertalite https://t.co/F0gIWGOCmP",pt pertamina patra niaga menurunkan sejumlah harga bahan bakar minyak bbm nonsubsidi per juli baca selengkapnya di,pt pertamina patra niaga menurunkan sejumlah harga bahan bakar minyak bbm nonsubsidi per juli baca selengkapnya di,pt pertamina patra niaga turun jumlah harga bahan bakar minyak bbm nonsubsidi per juli baca lengkap
2073750652338229597,Sun Jul 05 12:47:38 +0000 2026,4ACE,4ACE10,"@nozelism Gw cukup yakin org2 yg sebelumnya ngeluh+ngememe MBG, ngejokes WowoTeddy, ngeluh pertamax naik, dll akan langsung ""Wah akhirnya ada presiden waras di Indonesia""",gw cukup yakin org yg sebelumnya ngeluh ngememe mbg ngejokes wowoteddy ngeluh pertamax naik dll akan langsung wah akhirnya ada presiden waras di indonesia,gue cukup yakin orang yang sebelumnya ngeluh ngememe mbak ngejokes wowoteddy ngeluh pertamax naik dll akan langsung wah akhirnya ada presiden waras di indonesia,gue cukup yakin orang belum ngeluh ngememe mbak ngejokes wowoteddy ngeluh pertamax naik langsung wah akhir presiden waras indonesia
2073696635918655574,Sun Jul 05 09:13:00 +0000 2026,Liz 🍦,karaktierr,when ya pertamax turun harga 🤷🏻‍♀️ https://t.co/Qp7uYarUMT,when ya pertamax turun harga,when ya pertamax turun harga,when pertamax turun harga
2073621395519709587,Sun Jul 05 04:14:01 +0000 2026,Bloomberg Technoz,BloombergTZ,"Harga BBM RON 92 di sejumlah SPBU Indonesia masih bertahan di kisaran Rp16.000 per liter per 1 Juli 2026, dengan Pertamina menjual Pertamax Rp16.250/liter serta BP-AKR dan Vivo Energy Indonesia menjual BP 92 dan Revvo 92 masing-masing Rp16.670/liter.",harga bbm ron di sejumlah spbu indonesia masih bertahan di kisaran rp per liter per juli dengan pertamina menjual pertamax rp liter serta bp akr dan vivo energy indonesia menjual bp dan revvo masing masing rp liter,harga bbm ron di sejumlah spbu indonesia masih bertahan di kisaran rp per liter per juli dengan pertamina menjual pertamax rp liter serta bp akr dan vivo energy indonesia menjual bp dan revvo masing masing rp liter,harga bbm ron jumlah spbu indonesia tahan kisar rp per liter per juli pertamina jual pertamax rp liter bp akr vivo energy indonesia jual bp revvo masing masing rp liter
2073620042449928549,Sun Jul 05 04:08:38 +0000 2026,kaya akan,rempahhrempah,"Najis pom bensin pertamina udahlah monopoli bensin (iya kalian emang tu ngusir Shell Vivo dll), harga pertamax ga ngotak pdhl katanya negeri kaya minyak bumi, peluang bisa bayar pake QRIS 1/10000000000, ngantri pulak pdhl minggu pagi.
Auto putar balik. Waktu gw terlalu berharga. https://t.co/09r340k0DY",najis pom bensin pertamina udahlah monopoli bensin iya kalian emang tu ngusir shell vivo dll harga pertamax ga ngotak pdhl katanya negeri kaya minyak bumi peluang bisa bayar pake qris ngantri pulak pdhl minggu pagi auto putar balik waktu gw terlalu berharga,najis pom bensin pertamina sudahlah monopoli bensin iya kalian memang itu ngusir shell vivo dll harga pertamax enggak ngotak padahal katanya negeri kayak minyak bumi peluang bisa bayar pakai qris mengantri pula padahal minggu pagi auto putar balik waktu gue terlalu berharga,najis pom bensin pertamina sudah monopoli bensin iya kalian memang ngusir shell vivo harga pertamax enggak ngotak padahal kata negeri kayak minyak bumi peluang bayar pakai qris antri padahal minggu pagi auto putar balik waktu gue terlalu harga
2073352969123455445,Sat Jul 04 10:27:23 +0000 2026,marvin,tertamvan_,@dimarsasongko98 Sumpah gw juga ngeh pas pemberitahuan Pertamax naik tuh antrian spbu di semua sudut Bekasi antre nya minta ampun sampe ke jalan raya dan itu pada antre Pertalite,sumpah gw juga ngeh pas pemberitahuan pertamax naik tuh antrian spbu di semua sudut bekasi antre nya minta ampun sampe ke jalan raya dan itu pada antre pertalite,sumpah gue juga engah pas pemberitahuan pertamax naik tuh antrian spbu di semua sudut bekasi antre nya meminta ampun sampai ke jalan raya dan itu pada antre pertalite,sumpah gue engah pas pemberitahuan pertamax naik tuh antri spbu semua sudut bekas antre nya minta ampun jalan raya antre pertalite
2073241637061587140,Sat Jul 04 03:04:59 +0000 2026,ara_ka🕸️ bocilAralie,dikAralie,"14/ harga Pertamax ini lagi aja 😔

(kangen) https://t.co/GANLQakgBn",harga pertamax ini lagi aja kangen,harga pertamax ini lagi saja kangen,harga pertamax kangen
2073066736367096101,Fri Jul 03 15:30:00 +0000 2026,Radio Elshinta,RadioElshinta,"Kebijakan harga Pertamax dinilai masih sangat rasional

https://t.co/RdpHWWNTXr",kebijakan harga pertamax dinilai masih sangat rasional,kebijakan harga pertamax dinilai masih sangat rasional,bijak harga pertamax nilai sangat rasional
2073010915738591388,Fri Jul 03 11:48:11 +0000 2026,Humas Polda Jabar,humaspoldajbr,"[HOAKS] Harga Pertamax Turun Jadi Rp 12.800 Per Liter Mulai 1 Juli 2026

PT Pertamina Patra Niaga kembali melakukan penyesuaian harga bahan bakar minyak (BBM) nonsubsidi mulai 1 Juli 2026. Tiga jenis BBM nonsubsidi yang turun adalah Pertamax Turbo, Dexlite, dan Pertamina Dex. Di https://t.co/EAGs0CL6Lj",hoaks harga pertamax turun jadi rp per liter mulai juli pt pertamina patra niaga kembali melakukan penyesuaian harga bahan bakar minyak bbm nonsubsidi mulai juli tiga jenis bbm nonsubsidi yang turun adalah pertamax turbo dexlite dan pertamina dex di,hoaks harga pertamax turun jadi rp per liter mulai juli pt pertamina patra niaga kembali melakukan penyesuaian harga bahan bakar minyak bbm nonsubsidi mulai juli tiga jenis bbm nonsubsidi yang turun adalah pertamax turbo dexlite dan pertamina dex di,hoaks harga pertamax turun jadi rp per liter mulai juli pt pertamina patra niaga laku sesuai harga bahan bakar minyak bbm nonsubsidi mulai juli tiga jenis bbm nonsubsidi turun pertamax turbo dexlite pertamina dex
2073006880562294830,Fri Jul 03 11:32:09 +0000 2026,Tribunnews.com,tribunnews,"Sejumlah pakar menjelaskan alasan mengapa pemerintah tak kunjung menurunkan harga Bahan Bakar Minyak (BBM) nonsubsidi jenis Pertamax (RON 92) meski harga minyak dunia mengalami pelemahan.

Harga pertamax tidak berubah dari level Rp16.250/liter saat PT Pertamina (Persero) https://t.co/cwnNye9W6t",sejumlah pakar menjelaskan alasan mengapa pemerintah tak kunjung menurunkan harga bahan bakar minyak bbm nonsubsidi jenis pertamax ron meski harga minyak dunia mengalami pelemahan harga pertamax tidak berubah dari level rp liter saat pt pertamina persero,sejumlah pakar menjelaskan alasan mengapa pemerintah tak kunjung menurunkan harga bahan bakar minyak bbm nonsubsidi jenis pertamax ron meski harga minyak dunia mengalami pelemahan harga pertamax tidak berubah dari level rp liter saat pt pertamina persero,jumlah pakar jelas alas perintah tak kunjung turun harga bahan bakar minyak bbm nonsubsidi jenis pertamax ron meski harga minyak dunia alami lemah harga pertamax ubah level rp liter pt pertamina persero
2072960893969956936,Fri Jul 03 08:29:25 +0000 2026,mami tachan,KyotaTasuku,"aww tencu sudah mencintai si devvan dan aniani ntuh lop 🥺🫰🏻tbh aku beneran seneng tiap ada yg bilang suka sama cerita mereka padahal cp toksik, jadi kek apa ya ‘oh ternyata trope begini ada aja target pasarnya’ 🤣

sure aku juga sekarang kalau ada isu2 pemrintahan langsung ingat https://t.co/8dowFwBsTP",aww tencu sudah mencintai si devvan dan aniani ntuh lop tbh aku beneran seneng tiap ada yg bilang suka sama cerita mereka padahal cp toksik jadi kek apa ya oh ternyata trope begini ada aja target pasarnya sure aku juga sekarang kalau ada isu pemrintahan langsung ingat,aww tencu sudah mencintai sih devvan dan aniani ntuh lop tbh aku benaran senang tiap ada yang bilang suka sama cerita mereka padahal cp toksik jadi kayak apa ya oh ternyata trope begini ada saja target pasarnya sure aku juga sekarang kalau ada isu pemrintahan langsung ingat,aww tencu cinta devvan aniani ntuh lop tbh aku benar senang tiap bilang suka sama cerita padahal cp toksik jadi kayak apa nyata trope begini target pasar sure aku sekarang kalau isu pemrintahan langsung ingat
2072957216651612374,Fri Jul 03 08:14:48 +0000 2026,Indozone Media,indozonemedia,"Sejumlah ekonom menjelaskan alasan di balik harga Pertamax belum turun saat harga minyak dunia melandai.

https://t.co/eCzzzHcK3y",sejumlah ekonom menjelaskan alasan di balik harga pertamax belum turun saat harga minyak dunia melandai,sejumlah ekonom menjelaskan alasan di balik harga pertamax belum turun saat harga minyak dunia melandai,jumlah ekonom jelas alas balik harga pertamax turun harga minyak dunia landai
2072932423101505936,Fri Jul 03 06:36:17 +0000 2026,Lambe.media,Lambemedia,Tempat kalian klo ngantri pom kyk rame gini gk? Efek pertamax naik gila2 an. Dan gilanya lgi udh rame gini. Pertamina merugi? Waahhh kok bisa ya pertamina rugi? 😭😭 https://t.co/zyuMUhgCjn,tempat kalian klo ngantri pom kyk rame gini gk efek pertamax naik gila an dan gilanya lgi udh rame gini pertamina merugi waahhh kok bisa ya pertamina rugi,tempat kalian kalo mengantri pom kayak rame begini enggak efek pertamax naik gila an dan gilanya lagi sudah rame begini pertamina merugi waahhh kok bisa ya pertamina rugi,tempat kalian antri pom kayak rame begini enggak efek pertamax naik gila an gila rame begini pertamina rugi waahhh pertamina rugi
2072872605816930306,Fri Jul 03 02:38:35 +0000 2026,KOMPAS TV,KompasTV,"FULL! Harga Minyak Dunia Turun, Pakar Bahas Dampak Negosiasi AS-Iran bagi Pertamax Indonesia https://t.co/OwA1zjqqbn",full harga minyak dunia turun pakar bahas dampak negosiasi as iran bagi pertamax indonesia,full harga minyak dunia turun pakar bahas dampak negosiasi as iran bagi pertamax indonesia,full harga minyak dunia turun pakar bahas dampak negosiasi as iran pertamax indonesia
2072869074389131499,Fri Jul 03 02:24:34 +0000 2026,MboizSamKyuu~,AkunMboizSam,"oh… gini toh mainnya bahlil, ga turunkan harga pertamax biar masyarakat chaos antri pertalite
semoga aja cepat setruk kau para pemerintah…
hari ini hari jumat cocok mendoakan orang2 dzolim #jumatberkah #jumatan 🤲 https://t.co/zEiL4El0eZ",oh gini toh mainnya bahlil ga turunkan harga pertamax biar masyarakat chaos antri pertalite semoga aja cepat setruk kau para pemerintah hari ini hari jumat cocok mendoakan orang dzolim,oh begini toh mainnya bahlil enggak turunkan harga pertamax biar masyarakat chaos antri pertalite semoga saja cepat setruk kau para pemerintah hari ini hari jumat cocok mendoakan orang dzolim,begini main bahlil enggak turun harga pertamax biar masyarakat chaos antri pertalite moga cepat setruk kau perintah hari hari jumat cocok doa orang dzolim
2072717030336475332,Thu Jul 02 16:20:23 +0000 2026,GAMEOVERPOST,Tangankanancuan,"Katanya Uangnya Ada, Nolak IMF.
Tapi Uang Rakyat dikuras abis MBG, Kopdes , Pajak naik , JHT dipajakin, Pertamax naik dan tarif listrik PLN juga naik.🚨🚨🚨
Kelakuan penguasa dalam memeras kantong rakyat kecil kian hari kian tidak masuk akal dan kehilangan empati sosialnya. 

Di https://t.co/rS6TO7zIv1",katanya uangnya ada nolak imf tapi uang rakyat dikuras abis mbg kopdes pajak naik jht dipajakin pertamax naik dan tarif listrik pln juga naik kelakuan penguasa dalam memeras kantong rakyat kecil kian hari kian tidak masuk akal dan kehilangan empati sosialnya di,katanya uangnya ada nolak imf tapi uang rakyat dikuras habis mbak kopdes pajak naik jht dipajakin pertamax naik dan tarif listrik pln juga naik kelakuan penguasa dalam memeras kantong rakyat kecil kian hari kian tidak masuk akal dan kehilangan empati sosialnya di,kata uang nolak imf uang rakyat kuras habis mbak kopdes pajak naik jht dipajakin pertamax naik tarif listrik pln naik laku kuasa peras kantong rakyat kecil kian hari kian masuk akal hilang empati sosial
2072692777876639882,Thu Jul 02 14:44:01 +0000 2026,Don~Cassava,Don_Cassava,"Jika per vessel kena fee $2jt
Harga crude 67
Harga Mogas 94

Range harga pertamax
13550-14650

""New Normal ala Oil""

Naek bukan karena demand 
Tapi karena ""pungli"" Selat https://t.co/L1IEary8Pr",jika per vessel kena fee jt harga crude harga mogas range harga pertamax new normal ala oil naek bukan karena demand tapi karena pungli selat,jika per vessel kena fee juta harga crude harga mogas range harga pertamax new normal ala oil naik bukan karena demand tapi karena pungli selat,per vessel kena fee juta harga crude harga mogas range harga pertamax new normal ala oil naik bukan demand pungli selat
2072657993481744643,Thu Jul 02 12:25:48 +0000 2026,Mohamad Guntur Romli,GunRomli,"Kupas Tuntas Soal Pemadaman Listrik dan Harga Pertamax

https://t.co/DLfqI67ORT",kupas tuntas soal pemadaman listrik dan harga pertamax,kupas tuntas soal pemadaman listrik dan harga pertamax,kupas tuntas soal madam listrik harga pertamax
2072654194251837829,Thu Jul 02 12:10:42 +0000 2026,perupadata,perupadata,Sayang sekali Pertamax 92 bukan termasuk yang turun harga di awal bulan Juli ini. https://t.co/WFqW263gcQ,sayang sekali pertamax bukan termasuk yang turun harga di awal bulan juli ini,sayang sekali pertamax bukan termasuk yang turun harga di awal bulan juli ini,sayang sekali pertamax bukan masuk turun harga awal bulan juli
2072614633920491602,Thu Jul 02 09:33:30 +0000 2026,Romi Saputra,putrapostdaily,"Harga BBM hari ini 2 Juli 2026 di seluruh Indonesia menunjukkan adanya penurunan pada beberapa jenis BBM nonsubsidi, terutama Pertamax Turbo, Dexlite, dan Pertamina Dex, sementara Pertamax dan Pertamax Green 95 tetap stabil.

https://t.co/dgCQwivgat",harga bbm hari ini juli di seluruh indonesia menunjukkan adanya penurunan pada beberapa jenis bbm nonsubsidi terutama pertamax turbo dexlite dan pertamina dex sementara pertamax dan pertamax green tetap stabil,harga bbm hari ini juli di seluruh indonesia menunjukkan adanya penurunan pada beberapa jenis bbm nonsubsidi terutama pertamax turbo dexlite dan pertamina dex sementara pertamax dan pertamax green tetap stabil,harga bbm hari juli seluruh indonesia tunjuk ada turun beberapa jenis bbm nonsubsidi utama pertamax turbo dexlite pertamina dex pertamax pertamax green tetap stabil
2072611217215295896,Thu Jul 02 09:19:56 +0000 2026,Jawa Pos,jawapos,"Harga Minyak Mentah Dunia Turun, Purbaya Optimistis Harga Pertamax segera Menyusul
https://t.co/0ng19339te",harga minyak mentah dunia turun purbaya optimistis harga pertamax segera menyusul,harga minyak mentah dunia turun purbaya optimistis harga pertamax segera menyusul,harga minyak mentah dunia turun purbaya optimistis harga pertamax segera susul
2072593044533309726,Thu Jul 02 08:07:43 +0000 2026,Radio Elshinta,RadioElshinta,"PT Pertamina Patra Niaga, resmi menurunkan harga sejumlah BBM non subsidi per Rabu, 1 Juli 2026. Produk yang harganya turun adalah Pertamax Turbo RON 98, serta diesel non subsidi Dexlite dan Pertamina DEX.

Berdasarkan data situs resmi Pertamina Patra Niaga, di SPBU wilayah https://t.co/Fqf4hcJIEp",pt pertamina patra niaga resmi menurunkan harga sejumlah bbm non subsidi per rabu juli produk yang harganya turun adalah pertamax turbo ron serta diesel non subsidi dexlite dan pertamina dex berdasarkan data situs resmi pertamina patra niaga di spbu wilayah,pt pertamina patra niaga resmi menurunkan harga sejumlah bbm non subsidi per rabu juli produk yang harganya turun adalah pertamax turbo ron serta diesel non subsidi dexlite dan pertamina dex berdasarkan data situs resmi pertamina patra niaga di spbu wilayah,pt pertamina patra niaga resmi turun harga jumlah bbm non subsidi per rabu juli produk harga turun pertamax turbo ron diesel non subsidi dexlite pertamina dex dasar data situs resmi pertamina patra niaga spbu wilayah
2072585816866697358,Thu Jul 02 07:39:00 +0000 2026,CNBC Indonesia,cnbcindonesia,"Menkeu Purbaya Optimistis Harga Pertamax Bakal Turun
https://t.co/U4z1xEZJhw",menkeu purbaya optimistis harga pertamax bakal turun,menkeu purbaya optimistis harga pertamax bakal turun,menkeu purbaya optimistis harga pertamax bakal turun
2072570798095979007,Thu Jul 02 06:39:19 +0000 2026,KONTAN NEWS,KontanNews,"💬 Setuju kalau harga Pertamax juga ikut turun?

Baca selengkapnya di:
https://t.co/MZ8QHI4Bd5",setuju kalau harga pertamax juga ikut turun baca selengkapnya di,setuju kalau harga pertamax juga ikut turun baca selengkapnya di,tuju kalau harga pertamax ikut turun baca lengkap
2072570794564329623,Thu Jul 02 06:39:18 +0000 2026,KONTAN NEWS,KontanNews,"⛽ Beberapa BBM non-subsidi turun mulai 1 Juli 2026. Tapi, kenapa Pertamax belum?

Pertamina menyebut penyesuaian harga dilakukan berdasarkan evaluasi berkala, mulai dari harga minyak dunia hingga daya beli masyarakat. https://t.co/6lSimPTeDo",beberapa bbm non subsidi turun mulai juli tapi kenapa pertamax belum pertamina menyebut penyesuaian harga dilakukan berdasarkan evaluasi berkala mulai dari harga minyak dunia hingga daya beli masyarakat,beberapa bbm non subsidi turun mulai juli tapi kenapa pertamax belum pertamina menyebut penyesuaian harga dilakukan berdasarkan evaluasi berkala mulai dari harga minyak dunia hingga daya beli masyarakat,beberapa bbm non subsidi turun mulai juli pertamax pertamina sebut sesuai harga laku dasar evaluasi kala mulai harga minyak dunia hingga daya beli masyarakat
2072537262655762650,Thu Jul 02 04:26:03 +0000 2026,KONTAN NEWS,KontanNews,"⛽ Beberapa BBM non-subsidi turun mulai 1 Juli 2026. Tapi, kenapa Pertamax belum?

Pertamina menyebut penyesuaian harga dilakukan berdasarkan evaluasi berkala, mulai dari harga minyak dunia hingga daya beli masyarakat.",beberapa bbm non subsidi turun mulai juli tapi kenapa pertamax belum pertamina menyebut penyesuaian harga dilakukan berdasarkan evaluasi berkala mulai dari harga minyak dunia hingga daya beli masyarakat,beberapa bbm non subsidi turun mulai juli tapi kenapa pertamax belum pertamina menyebut penyesuaian harga dilakukan berdasarkan evaluasi berkala mulai dari harga minyak dunia hingga daya beli masyarakat,beberapa bbm non subsidi turun mulai juli pertamax pertamina sebut sesuai harga laku dasar evaluasi kala mulai harga minyak dunia hingga daya beli masyarakat
2072489638745244034,Thu Jul 02 01:16:49 +0000 2026,Harian Kompas,hariankompas,"Pemerintah menurunkan harga beberapa jenis BBM nonsubsidi kecuali jenis Pertamax. Apakah kebijakan itu membantu perekonomian kelas menengah? #KompasBrief #Kompas61

https://t.co/AO3RicXmug",pemerintah menurunkan harga beberapa jenis bbm nonsubsidi kecuali jenis pertamax apakah kebijakan itu membantu perekonomian kelas menengah,pemerintah menurunkan harga beberapa jenis bbm nonsubsidi kecuali jenis pertamax apakah kebijakan itu membantu perekonomian kelas menengah,perintah turun harga beberapa jenis bbm nonsubsidi jenis pertamax bijak bantu ekonomi kelas tengah
2072486527385399384,Thu Jul 02 01:04:27 +0000 2026,Harian Kompas,hariankompas,"Pemerintah menurunkan harga beberapa jenis BBM nonsubsidi kecuali jenis Pertamax. Apakah kebijakan itu membantu perekonomian kelas menengah? #Ekonomi #Kompas61

https://t.co/HkItJ9xZ4q",pemerintah menurunkan harga beberapa jenis bbm nonsubsidi kecuali jenis pertamax apakah kebijakan itu membantu perekonomian kelas menengah,pemerintah menurunkan harga beberapa jenis bbm nonsubsidi kecuali jenis pertamax apakah kebijakan itu membantu perekonomian kelas menengah,perintah turun harga beberapa jenis bbm nonsubsidi jenis pertamax bijak bantu ekonomi kelas tengah
2072483697681727882,Thu Jul 02 00:53:13 +0000 2026,The Kerupuk,TheKerupuk,"Recap Timeline Juni 2026, berkolaborasi dengan @bnfi_id:

MINGGU 1 (1-7 JUNI)
1 Juni: Presiden tidak terima dikritik Dino Patti Djalal
2-3 Juni: OTT KPK di kantor Imigrasi (Jakarta, Jabar, Bali); 18 orang diamankan, Silmy Karim menyerahkan diri malam harinya
3 Juni: Kasus dugaan",recap timeline juni berkolaborasi dengan minggu juni juni presiden tidak terima dikritik dino patti djalal juni ott kpk di kantor imigrasi jakarta jabar bali orang diamankan silmy karim menyerahkan diri malam harinya juni kasus dugaan,recap timeline juni berkolaborasi dengan minggu juni juni presiden tidak terima dikritik dino patti djalal juni ott kpk di kantor imigrasi jakarta jabar bali orang diamankan silmy karim menyerahkan diri malam harinya juni kasus dugaan,recap timeline juni kolaborasi minggu juni juni presiden terima kritik dino patti djalal juni ott kpk kantor imigrasi jakarta jabar bal orang aman silmy karim serah diri malam hari juni kasus duga
2072468183823602056,Wed Jul 01 23:51:34 +0000 2026,ARJUNA ZIONIST INDONESIA 🇲🇨,OneLove4Human,"Harga minyak dunia sudah 72 USD, harusnya harga Pertamax sudah turun kembali ke harga 12.000

Kenapa belum turun juga ?
https://t.co/ZqJ5wgzKwx",harga minyak dunia sudah usd harusnya harga pertamax sudah turun kembali ke harga kenapa belum turun juga,harga minyak dunia sudah usd harusnya harga pertamax sudah turun kembali ke harga kenapa belum turun juga,harga minyak dunia usd harus harga pertamax turun harga turun
2072383388460400745,Wed Jul 01 18:14:37 +0000 2026,Kompas.com,kompascom,"Harga Pertamax Turbo Turun, Tapi Selisih dengan Pertamax Masih Jadi Keluhan https://t.co/q2juEtVDjX https://t.co/GDaOuokBjf",harga pertamax turbo turun tapi selisih dengan pertamax masih jadi keluhan,harga pertamax turbo turun tapi selisih dengan pertamax masih jadi keluhan,harga pertamax turbo turun selisih pertamax jadi keluh
2072351288483062037,Wed Jul 01 16:07:04 +0000 2026,Wakanda,negeri_konoha_,"Pertamax Turbo turun jadi Rp19.300/liter di Konoha.
Tapi yang sudah pada keburu naik bulan lalu masih belum balik ke harga semula.
Beginilah cara bikin rakyat Konoha senang 😏 https://t.co/zgDUmqRetw",pertamax turbo turun jadi rp liter di konoha tapi yang sudah pada keburu naik bulan lalu masih belum balik ke harga semula beginilah cara bikin rakyat konoha senang,pertamax turbo turun jadi rp liter di konoha tapi yang sudah pada keburu naik bulan lalu masih belum balik ke harga semula beginilah cara bikin rakyat konoha senang,pertamax turbo turun jadi rp liter konoha keburu naik bulan lalu balik harga mula begini cara bikin rakyat konoha senang
2072340554818732330,Wed Jul 01 15:24:25 +0000 2026,KOMPAS TV,KompasTV,Purbaya Yakin Harga Pertamax Akan Turun Seiring Jatuhnya Harga Minyak Dunia https://t.co/bAPOTXTaWQ,purbaya yakin harga pertamax akan turun seiring jatuhnya harga minyak dunia,purbaya yakin harga pertamax akan turun seiring jatuhnya harga minyak dunia,purbaya yakin harga pertamax turun iring jatuh harga minyak dunia
2072337517417025823,Wed Jul 01 15:12:20 +0000 2026,Kompas.com,kompascom,"Harga BBM Pertamina Dex turun per 1 Juli 2026. Cek daftar harga terbaru Pertamina Dex, Pertamax Turbo, dan BBM lainnya di seluruh Indonesia. https://t.co/zLvOBis7Vh",harga bbm pertamina dex turun per juli cek daftar harga terbaru pertamina dex pertamax turbo dan bbm lainnya di seluruh indonesia,harga bbm pertamina dex turun per juli cek daftar harga terbaru pertamina dex pertamax turbo dan bbm lainnya di seluruh indonesia,harga bbm pertamina dex turun per juli cek daftar harga baru pertamina dex pertamax turbo bbm lain seluruh indonesia
2072303504463679786,Wed Jul 01 12:57:11 +0000 2026,Ardianto Satriawan,ardisatriawan,"Elu dipajakin dari A sampai Z.

A) Gaji tiap bulan dipotong pajak,
B) THR juga kena pajak,
C) Dapet bonus kena pajak juga,
D) Beli barang mahal kena pajak barang mewah,
E) Rumah kena pajak bumi dan bangunan,
F) Motor harus bayar pajak tiap tahun,
G) Mobil juga bayar pajak tiap",elu dipajakin dari a sampai z a gaji tiap bulan dipotong pajak b thr juga kena pajak c dapet bonus kena pajak juga d beli barang mahal kena pajak barang mewah e rumah kena pajak bumi dan bangunan f motor harus bayar pajak tiap tahun g mobil juga bayar pajak tiap,lu dipajakin dari a sampai saja a gaji tiap bulan dipotong pajak b thr juga kena pajak sih dapat bonus kena pajak juga di beli barang mahal kena pajak barang mewah e rumah kena pajak bumi dan bangunan f motor harus bayar pajak tiap tahun enggak mobil juga bayar pajak tiap,lu dipajakin a a gaji tiap bulan potong pajak b thr kena pajak bonus kena pajak beli barang mahal kena pajak barang mewah e rumah kena pajak bumi bangun f motor bayar pajak tiap tahun enggak mobil bayar pajak tiap
2072302630861525366,Wed Jul 01 12:53:43 +0000 2026,Grumpster,GrumpyOldMayn,@ongen_corleone Ckickbait ! Yg diprotes harga pertamax ! Bkn pertamax turbo....buzzer turbo...turuk kebo !,ckickbait yg diprotes harga pertamax bkn pertamax turbo buzzer turbo turuk kebo,ckickbait yang diprotes harga pertamax bukan pertamax turbo buzzer turbo turuk kebo,ckickbait protes harga pertamax bukan pertamax turbo buzzer turbo turuk kebo
2072295652290367644,Wed Jul 01 12:25:59 +0000 2026,wo,fjrwo,"Kalian hang pake pertamax ngerasain boros ga setelah naik?

Aku ngerasain kaya tambah boros. Biasa ngisi 30k buat 5 harian, sekarang cuma bisa tahan 2-3 harian aja🥲

Ini foto pas hari Minggu kemarin ngisi, sebelahnya udah kedip kedip https://t.co/rPfyJo8tDn",kalian hang pake pertamax ngerasain boros ga setelah naik aku ngerasain kaya tambah boros biasa ngisi k buat harian sekarang cuma bisa tahan harian aja ini foto pas hari minggu kemarin ngisi sebelahnya udah kedip kedip,kalian hang pakai pertamax merasai boros enggak setelah naik aku merasai kayak tambah boros biasa ngisi ke buat harian sekarang cuma bisa tahan harian saja ini foto pas hari minggu kemarin ngisi sebelahnya sudah kedip kedip,kalian hang pakai pertamax rasai boros enggak naik aku rasai kayak tambah boros biasa ngisi buat hari sekarang cuma tahan hari foto pas hari minggu kemarin ngisi belah kedip kedip
2072223534768877819,Wed Jul 01 07:39:25 +0000 2026,Kanda Bahlil,kandabahlil,"Kabar baik buat pengguna BBM nonsubsidi!

Per 1 Juli 2026, Pertamax Turbo, Pertamina Dex, dan Dexlite resmi turun harga. Penyesuaian ini mengikuti dinamika harga minyak dunia dan mekanisme yang berlaku.

#KandaBahlil #Golkar #HMI #HIPMI #PrabowoGibran https://t.co/gUanVPMfJV",kabar baik buat pengguna bbm nonsubsidi per juli pertamax turbo pertamina dex dan dexlite resmi turun harga penyesuaian ini mengikuti dinamika harga minyak dunia dan mekanisme yang berlaku,kabar baik buat pengguna bbm nonsubsidi per juli pertamax turbo pertamina dex dan dexlite resmi turun harga penyesuaian ini mengikuti dinamika harga minyak dunia dan mekanisme yang berlaku,kabar baik buat guna bbm nonsubsidi per juli pertamax turbo pertamina dex dexlite resmi turun harga sesuai ikut dinamika harga minyak dunia mekanisme laku
2072220821570076755,Wed Jul 01 07:28:38 +0000 2026,jogjaupdate.com,JogjaUpdate,"pertanyaan sensus:

+ punya motor?
- (nunjuk yg lagi di garasi)
+ harganya berapa?
- kalo harga sekarang gak tau. cek aja di facebook pasaran vario 20** berapa.
+ (mikir)
+ beli bbm sebulan berapa?
- gak tentu tergantung kegiatan
+ kira2 aja
- pertamax 50ribu gak sampe seminggu",pertanyaan sensus punya motor nunjuk yg lagi di garasi harganya berapa kalo harga sekarang gak tau cek aja di facebook pasaran vario berapa mikir beli bbm sebulan berapa gak tentu tergantung kegiatan kira aja pertamax ribu gak sampe seminggu,pertanyaan sensus punya motor nunjuk yang lagi di garasi harganya berapa kalo harga sekarang enggak tau cek saja di facebook pasaran vario berapa mikir beli bbm sebulan berapa enggak tentu tergantung kegiatan kira saja pertamax ribu enggak sampai seminggu,tanya sensus punya motor nunjuk garasi harga berapa harga sekarang enggak tau cek facebook pasar vario berapa mikir beli bbm bulan berapa enggak gantung giat kira pertamax ribu enggak minggu
2072219517716164838,Wed Jul 01 07:23:27 +0000 2026,Berly Martawardaya,bmartawardaya,"Harga BBM baru:

Pertamax Turbo (RON 98): Rp19.300 per liter (turun dari Rp20.750)

Dexlite: Rp19.700 per liter (turun dari Rp23.000)

Pertamina DEX: Rp21.150 per liter (turun dari Rp24.800) 

Pertamax? Masih belum muncul hilal penurunan harganya...",harga bbm baru pertamax turbo ron rp per liter turun dari rp dexlite rp per liter turun dari rp pertamina dex rp per liter turun dari rp pertamax masih belum muncul hilal penurunan harganya,harga bbm baru pertamax turbo ron rp per liter turun dari rp dexlite rp per liter turun dari rp pertamina dex rp per liter turun dari rp pertamax masih belum muncul hilal penurunan harganya,harga bbm baru pertamax turbo ron rp per liter turun rp dexlite rp per liter turun rp pertamina dex rp per liter turun rp pertamax muncul hilal turun harga
2072212739959968154,Wed Jul 01 06:56:31 +0000 2026,Kompas.com,kompascom,"Baca selengkapnya: https://t.co/Y5sAIj2j7f

Harga sejumlah BBM Pertamina non-subsidi kembali turun mulai Rabu (1/7/2026). Penurunan terjadi pada Pertamax Turbo, Pertamina Dex, dan Dexlite, sementara jenis lainnya masih bertahan. 

Lalu, bagaimana posisinya dibandingkan Shell dan https://t.co/VipDl1aSJX",baca selengkapnya harga sejumlah bbm pertamina non subsidi kembali turun mulai rabu penurunan terjadi pada pertamax turbo pertamina dex dan dexlite sementara jenis lainnya masih bertahan lalu bagaimana posisinya dibandingkan shell dan,baca selengkapnya harga sejumlah bbm pertamina non subsidi kembali turun mulai rabu penurunan terjadi pada pertamax turbo pertamina dex dan dexlite sementara jenis lainnya masih bertahan lalu bagaimana posisinya dibandingkan shell dan,baca lengkap harga jumlah bbm pertamina non subsidi turun mulai rabu turun jadi pertamax turbo pertamina dex dexlite jenis lain tahan lalu bagaimana posisi banding shell
2072212368218812715,Wed Jul 01 06:55:03 +0000 2026,Lambe.media,Lambemedia,"Harga BBM nonsubsidi turun mulai hari ini: Pertamax Turbo, Dexlite, dan lainnya lebih murah. Potongan komisi GoRide/GrabBike juga turun jadi 8%. https://t.co/nV15x6JpHv",harga bbm nonsubsidi turun mulai hari ini pertamax turbo dexlite dan lainnya lebih murah potongan komisi goride grabbike juga turun jadi,harga bbm nonsubsidi turun mulai hari ini pertamax turbo dexlite dan lainnya lebih murah potongan komisi goride grabbike juga turun jadi,harga bbm nonsubsidi turun mulai hari pertamax turbo dexlite lain lebih murah potong komisi goride grabbike turun jadi
2072204514334298464,Wed Jul 01 06:23:50 +0000 2026,Kang Ojol,tukang_ojool,"Pertamax naik, Oli motor naik, semua kebutuhan naik 

Argo naik ❌
Argo Turun ✅ https://t.co/syW4QXVI1M",pertamax naik oli motor naik semua kebutuhan naik argo naik argo turun,pertamax naik oli motor naik semua kebutuhan naik argo naik argo turun,pertamax naik oli motor naik semua butuh naik argo naik argo turun
2072201678825431256,Wed Jul 01 06:12:34 +0000 2026,Imam Satrio Wibowo,Satrio13_,"@LambeResing Dari kemarin bela2in gak ngisi bensin nunggu tanggal 1 Juli berharap Pertamax turun harga eh tau enggak. Yawes terpaksa minum pertalite lagi 500rebu full tank.
Minum Pertamax ya ntar2 aja toh barcode juga baru sekali pakai bulan lalu.",dari kemarin belain gak ngisi bensin nunggu tanggal juli berharap pertamax turun harga eh tau enggak yawes terpaksa minum pertalite lagi rebu full tank minum pertamax ya ntar aja toh barcode juga baru sekali pakai bulan lalu,dari kemarin membela enggak ngisi bensin menunggu tanggal juli berharap pertamax turun harga eh tau enggak yawes terpaksa minum pertalite lagi rebu full tank minum pertamax ya entar saja toh barcode juga baru sekali pakai bulan lalu,kemarin bela enggak ngisi bensin tunggu tanggal juli harap pertamax turun harga eh tau enggak yawes paksa minum pertalite rebu full tank minum pertamax entar barcode baru sekali pakai bulan lalu
2072199705053020289,Wed Jul 01 06:04:43 +0000 2026,tvOnenews,tvOneNews,"Mulai hari ini, 1 Juli 2026, PT Pertamina resmi menurunkan harga sejumlah BBM non subsidi. Penyesuaian ini berlaku untuk Pertamax Turbo, Dexlite dan Pertamina Dex

Simak selengkapnya di https://t.co/MswS9SMOV8
#HardNews_Ekonomi #NewsOne #CariBeritaditvOne #BBM #Pertamina #NO02 https://t.co/MuV7QHd2qb",mulai hari ini juli pt pertamina resmi menurunkan harga sejumlah bbm non subsidi penyesuaian ini berlaku untuk pertamax turbo dexlite dan pertamina dex simak selengkapnya di,mulai hari ini juli pt pertamina resmi menurunkan harga sejumlah bbm non subsidi penyesuaian ini berlaku untuk pertamax turbo dexlite dan pertamina dex simak selengkapnya di,mulai hari juli pt pertamina resmi turun harga jumlah bbm non subsidi sesuai laku pertamax turbo dexlite pertamina dex simak lengkap
2072198048533414206,Wed Jul 01 05:58:09 +0000 2026,VivaCoid,VIVAcoid,"Shell dan BP kompak menurunkan harga BBM jenis solar mulai 1 Juli 2026. Harga Shell V-Power Diesel turun dari Rp24.490 menjadi Rp21.340 per liter, sementara BP Ultimate Diesel turun dari Rp25.060 menjadi Rp21.340 per liter.

Penyesuaian harga hanya berlaku untuk BBM jenis solar. https://t.co/fnqajGGvlQ",shell dan bp kompak menurunkan harga bbm jenis solar mulai juli harga shell v power diesel turun dari rp menjadi rp per liter sementara bp ultimate diesel turun dari rp menjadi rp per liter penyesuaian harga hanya berlaku untuk bbm jenis solar,shell dan bp kompak menurunkan harga bbm jenis solar mulai juli harga shell v power diesel turun dari rp menjadi rp per liter sementara bp ultimate diesel turun dari rp menjadi rp per liter penyesuaian harga hanya berlaku untuk bbm jenis solar,shell bp kompak turun harga bbm jenis solar mulai juli harga shell v power diesel turun rp jadi rp per liter bp ultimate diesel turun rp jadi rp per liter sesuai harga laku bbm jenis solar
2072193158289768841,Wed Jul 01 05:38:43 +0000 2026,𝐆𝐏 🍉,GelarPrakosa,"Kalau turunnya ga signifikan, ubah satuannya jadi mili. Pertamax Turbo turun harga jadi Rp 9,650 per 500 mili.",kalau turunnya ga signifikan ubah satuannya jadi mili pertamax turbo turun harga jadi rp per mili,kalau turunnya enggak signifikan ubah satuannya jadi mili pertamax turbo turun harga jadi rp per mili,kalau turun enggak signifikan ubah satu jadi mil pertamax turbo turun harga jadi rp per mil
2072191723477106849,Wed Jul 01 05:33:00 +0000 2026,tempo.co,tempodotco,JUST IN: Hari Ini Harga Pertamax Turbo Turun jadi Rp 19.300 per Liter,just in hari ini harga pertamax turbo turun jadi rp per liter,just ini hari ini harga pertamax turbo turun jadi rp per liter,just hari harga pertamax turbo turun jadi rp per liter
2072185465281925265,Wed Jul 01 05:08:08 +0000 2026,Serambi Indonesia,serambinews,"PT Pertamina resmi menurunkan harga BBM non-subsidi seperti Pertamax Turbo dan Dexlite per 1 Juli 2026.
Menteri ESDM Bahlil Lahadalia meminta masyarakat bersabar karena harga Pertamax baru saja dinaikkan pada Juni 2026.
https://t.co/aZKMzvYxvl",pt pertamina resmi menurunkan harga bbm non subsidi seperti pertamax turbo dan dexlite per juli menteri esdm bahlil lahadalia meminta masyarakat bersabar karena harga pertamax baru saja dinaikkan pada juni,pt pertamina resmi menurunkan harga bbm non subsidi seperti pertamax turbo dan dexlite per juli menteri esdm bahlil lahadalia meminta masyarakat bersabar karena harga pertamax baru saja dinaikkan pada juni,pt pertamina resmi turun harga bbm non subsidi pertamax turbo dexlite per juli menteri esdm bahlil lahadalia minta masyarakat sabar harga pertamax baru naik juni
2072183316036604155,Wed Jul 01 04:59:36 +0000 2026,Serambi Indonesia,serambinews,"PT Pertamina Patra Niaga kembali melakukan penyesuaian harga bahan bakar minyak (BBM) non-subsidi yang berlaku mulai 1 Juli 2026. Dalam penyesuaian kali ini, tiga jenis BBM mengalami penurunan harga, yakni Pertamax Turbo, Dexlite, dan Pertamina Dex.
 
https://t.co/4lMWuZgAMo",pt pertamina patra niaga kembali melakukan penyesuaian harga bahan bakar minyak bbm non subsidi yang berlaku mulai juli dalam penyesuaian kali ini tiga jenis bbm mengalami penurunan harga yakni pertamax turbo dexlite dan pertamina dex,pt pertamina patra niaga kembali melakukan penyesuaian harga bahan bakar minyak bbm non subsidi yang berlaku mulai juli dalam penyesuaian kali ini tiga jenis bbm mengalami penurunan harga yakni pertamax turbo dexlite dan pertamina dex,pt pertamina patra niaga laku sesuai harga bahan bakar minyak bbm non subsidi laku mulai juli sesuai kali tiga jenis bbm alami turun harga pertamax turbo dexlite pertamina dex
2072178941549523028,Wed Jul 01 04:42:13 +0000 2026,Krishnananananana,Krishnatio,@Jateng_Twit Yang ngikutin harga minyak dunia ternyata pertamax turbo,yang ngikutin harga minyak dunia ternyata pertamax turbo,yang mengikuti harga minyak dunia ternyata pertamax turbo,ikut harga minyak dunia nyata pertamax turbo
2072178803498184733,Wed Jul 01 04:41:40 +0000 2026,inilahcom,inilahdotcom,"PT Pertamina (Persero) mengumumkan harga bahan bakar minyak (BBM) nonsubsidi jenis solar, seperti Pertamina Dex dan Dexlite, serta Pertamax Turbo turun mulai Rabu, 1 Juli 2026.

Berdasarkan laman resmi Pertamina yang dikutip di Jakarta, Rabu, untuk wilayah Jabodetabek tercatat https://t.co/PxV5kwgn11",pt pertamina persero mengumumkan harga bahan bakar minyak bbm nonsubsidi jenis solar seperti pertamina dex dan dexlite serta pertamax turbo turun mulai rabu juli berdasarkan laman resmi pertamina yang dikutip di jakarta rabu untuk wilayah jabodetabek tercatat,pt pertamina persero mengumumkan harga bahan bakar minyak bbm nonsubsidi jenis solar seperti pertamina dex dan dexlite serta pertamax turbo turun mulai rabu juli berdasarkan laman resmi pertamina yang dikutip di jakarta rabu untuk wilayah jabodetabek tercatat,pt pertamina persero umum harga bahan bakar minyak bbm nonsubsidi jenis solar pertamina dex dexlite pertamax turbo turun mulai rabu juli dasar laman resmi pertamina kutip jakarta rabu wilayah jabodetabek catat
2072178557229433257,Wed Jul 01 04:40:41 +0000 2026,Info Jateng,Jateng_Twit,"BREAKING🚨

Penyesuaian harga BBM Pertamina per 1 Juli 2026:

Pertalite: Rp 10.000 -&gt; Rp 10.000
Pertamax: Rp 16.250 -&gt; Rp 16.250
Pertamax Green: Rp 17.000-&gt; Rp 17.000
Pertamax Turbo: Rp 20.750 -&gt; Rp 19.30
Bio Solar : 6.800 -&gt; Rp 6.800
Dexlite: Rp 23.000-&gt;Rp 19.700
Pertamina Dex: https://t.co/g3tArea14R",breaking penyesuaian harga bbm pertamina per juli pertalite rp gt rp pertamax rp gt rp pertamax green rp gt rp pertamax turbo rp gt rp bio solar gt rp dexlite rp gt rp pertamina dex,breaking penyesuaian harga bbm pertamina per juli pertalite rp begitu rp pertamax rp begitu rp pertamax green rp begitu rp pertamax turbo rp begitu rp bio solar begitu rp dexlite rp begitu rp pertamina dex,breaking sesuai harga bbm pertamina per juli pertalite rp rp pertamax rp rp pertamax green rp rp pertamax turbo rp rp bio solar rp dexlite rp rp pertamina dex
2072176882167263480,Wed Jul 01 04:34:02 +0000 2026,Amortalization,Amortalizartsz,"@rang_simabua Wah pertamax kok harganya ga balik kyk waktu sebelum perang? Kan harga dah turun &lt;70$🤘🏻

Pertamax subsidi nih?? Wkwk jadi vivo, bp ron92 &amp; 95 juga subsidi ya🤘🏻🤘🏻

Menyala dompet WNI🔥🔥",wah pertamax kok harganya ga balik kyk waktu sebelum perang kan harga dah turun lt pertamax subsidi nih wkwk jadi vivo bp ron amp juga subsidi ya menyala dompet wni,wah pertamax kok harganya enggak balik kayak waktu sebelum perang kan harga deh turun lantai pertamax subsidi nih wkwk jadi vivo bp ron amp juga subsidi ya menyala dompet wni,wah pertamax harga enggak balik kayak waktu perang kan harga turun lantai pertamax subsidi nih wkwk jadi vivo bp ron subsidi nyala dompet wni
2072175458394001492,Wed Jul 01 04:28:23 +0000 2026,Narasi Newsroom,NarasiNewsroom,"PT Pertamina menurunkan harga tiga jenis BBM mereka mulai Rabu (1/7/2026). Berdasarkan informasi harga terbaru di laman MyPertamina, penurunan harga terjadi pada Pertamax Turbo, Dexlite, dan Pertamina Dex. Selain itu, harga avtur juga turun pada waktu yang sama.

Bagaimana https://t.co/GUd8ozb425",pt pertamina menurunkan harga tiga jenis bbm mereka mulai rabu berdasarkan informasi harga terbaru di laman mypertamina penurunan harga terjadi pada pertamax turbo dexlite dan pertamina dex selain itu harga avtur juga turun pada waktu yang sama bagaimana,pt pertamina menurunkan harga tiga jenis bbm mereka mulai rabu berdasarkan informasi harga terbaru di laman mypertamina penurunan harga terjadi pada pertamax turbo dexlite dan pertamina dex selain itu harga avtur juga turun pada waktu yang sama bagaimana,pt pertamina turun harga tiga jenis bbm mulai rabu dasar informasi harga baru laman mypertamina turun harga jadi pertamax turbo dexlite pertamina dex harga avtur turun waktu sama bagaimana
2072172300754108704,Wed Jul 01 04:15:50 +0000 2026,Romi Saputra,putrapostdaily,"PT Pertamina (Persero) menyesuaikan harga BBM nonsubsidi mulai Rabu, 1 Juli 2026. Dalam pembaruan ini, sejumlah produk mengalami penurunan harga, terutama Pertamax Turbo dan BBM jenis solar nonsubsidi

https://t.co/CMQyGpWx2P",pt pertamina persero menyesuaikan harga bbm nonsubsidi mulai rabu juli dalam pembaruan ini sejumlah produk mengalami penurunan harga terutama pertamax turbo dan bbm jenis solar nonsubsidi,pt pertamina persero menyesuaikan harga bbm nonsubsidi mulai rabu juli dalam pembaruan ini sejumlah produk mengalami penurunan harga terutama pertamax turbo dan bbm jenis solar nonsubsidi,pt pertamina persero sesuai harga bbm nonsubsidi mulai rabu juli baru jumlah produk alami turun harga utama pertamax turbo bbm jenis solar nonsubsidi
2072172091546488860,Wed Jul 01 04:15:00 +0000 2026,Akuratco,akuratco,"PT Pertamina (Persero) mengumumkan harga bahan bakar minyak (BBM) nonsubsidi jenis solar, seperti Pertamina Dex dan Dexlite, dan Pertamax Turbo turun mulai 1 Juli 2026. IndustriJurnalisme &amp; Berita

Berdasarkan laman resmi Pertamina, yang dikutip di Jakarta, Rabu, di wilayah https://t.co/zBsyGjAdvd",pt pertamina persero mengumumkan harga bahan bakar minyak bbm nonsubsidi jenis solar seperti pertamina dex dan dexlite dan pertamax turbo turun mulai juli industrijurnalisme amp berita berdasarkan laman resmi pertamina yang dikutip di jakarta rabu di wilayah,pt pertamina persero mengumumkan harga bahan bakar minyak bbm nonsubsidi jenis solar seperti pertamina dex dan dexlite dan pertamax turbo turun mulai juli industrijurnalisme amp berita berdasarkan laman resmi pertamina yang dikutip di jakarta rabu di wilayah,pt pertamina persero umum harga bahan bakar minyak bbm nonsubsidi jenis solar pertamina dex dexlite pertamax turbo turun mulai juli industrijurnalisme berita dasar laman resmi pertamina kutip jakarta rabu wilayah
2072166340593422651,Wed Jul 01 03:52:09 +0000 2026,MyNameIsZahwa,SeriusAmatX,Abis sarapan pagii tapi liat harga pertamax belum diturunin 😤 https://t.co/mH2ptWrsB1,abis sarapan pagii tapi liat harga pertamax belum diturunin,habis sarapan pagii tapi lihat harga pertamax belum diturunin,habis sarap pagi lihat harga pertamax diturunin
2072165082642157999,Wed Jul 01 03:47:09 +0000 2026,Serambi Indonesia,serambinews,"Ada sejumlah produk BBM nonsubsidi yang mengalami penyesuaian harga pada awal bulan Juli 2026 ini.

Berdasarkan keputusan terbaru PT Pertamina Patra Niaga, produk BBM yang mengalami penyesuaian tersebut yaitu Pertamax Turbo, Pertamina Dex dan Dexlite.

https://t.co/owbPPBXcru",ada sejumlah produk bbm nonsubsidi yang mengalami penyesuaian harga pada awal bulan juli ini berdasarkan keputusan terbaru pt pertamina patra niaga produk bbm yang mengalami penyesuaian tersebut yaitu pertamax turbo pertamina dex dan dexlite,ada sejumlah produk bbm nonsubsidi yang mengalami penyesuaian harga pada awal bulan juli ini berdasarkan keputusan terbaru pt pertamina patra niaga produk bbm yang mengalami penyesuaian tersebut yaitu pertamax turbo pertamina dex dan dexlite,jumlah produk bbm nonsubsidi alami sesuai harga awal bulan juli dasar putus baru pt pertamina patra niaga produk bbm alami sesuai sebut pertamax turbo pertamina dex dexlite
2072162024797168015,Wed Jul 01 03:35:00 +0000 2026,KOMPAS TV,KompasTV,"Empat BBM Nonsubsidi Turun Mulai Juli, Harga Pertamax Jadi Berapa?

https://t.co/FmUA4zgLzN",empat bbm nonsubsidi turun mulai juli harga pertamax jadi berapa,empat bbm nonsubsidi turun mulai juli harga pertamax jadi berapa,empat bbm nonsubsidi turun mulai juli harga pertamax jadi berapa
2072157925985173734,Wed Jul 01 03:18:43 +0000 2026,Bench Side,benchsideid,"Harga Pertamax Turbo, Pertamina Dex, dan Dexlite turun!

- Pertamax Turbo: Rp20.650 -&gt; Rp19.300 per liter
- Pertamina Dex: Rp24.800 -&gt; Rp21.150 per liter
- Dexlite: Rp23.000 -&gt; Rp19.700 per liter

Meskipun begitu, harga harga BBM penugasan dan subsidi belum ada tanda-tanda akan https://t.co/lFgAOrvxDw",harga pertamax turbo pertamina dex dan dexlite turun pertamax turbo rp gt rp per liter pertamina dex rp gt rp per liter dexlite rp gt rp per liter meskipun begitu harga harga bbm penugasan dan subsidi belum ada tanda tanda akan,harga pertamax turbo pertamina dex dan dexlite turun pertamax turbo rp begitu rp per liter pertamina dex rp begitu rp per liter dexlite rp begitu rp per liter meskipun begitu harga harga bbm penugasan dan subsidi belum ada tanda tanda akan,harga pertamax turbo pertamina dex dexlite turun pertamax turbo rp rp per liter pertamina dex rp rp per liter dexlite rp rp per liter meski harga harga bbm tugas subsidi tanda tanda
2072157085023002802,Wed Jul 01 03:15:22 +0000 2026,Kompas.com,kompascom,"Baca di sini: https://t.co/nVwXbH6nVT 

PT Pertamina Patra Niaga menurunkan harga sejumlah bahan bakar minyak (BBM) nonsubsidi mulai Rabu (1/7/2026) pukul 00.00 WIB. Penyesuaian harga berlaku untuk Pertamax Turbo, Pertamina Dex, Dexlite, serta avtur penerbangan domestik.

~KR https://t.co/ph6ieQN7P7",baca di sini pt pertamina patra niaga menurunkan harga sejumlah bahan bakar minyak bbm nonsubsidi mulai rabu pukul wib penyesuaian harga berlaku untuk pertamax turbo pertamina dex dexlite serta avtur penerbangan domestik kr,baca di sini pt pertamina patra niaga menurunkan harga sejumlah bahan bakar minyak bbm nonsubsidi mulai rabu pukul wib penyesuaian harga berlaku untuk pertamax turbo pertamina dex dexlite serta avtur penerbangan domestik kira,baca sini pt pertamina patra niaga turun harga jumlah bahan bakar minyak bbm nonsubsidi mulai rabu pukul wib sesuai harga laku pertamax turbo pertamina dex dexlite avtur terbang domestik kira
2072156992282472701,Wed Jul 01 03:15:00 +0000 2026,tirtoid,TirtoID,"Turun Mulai Hari Ini, Berapa Harga Pertamax Turbo dan Dexlite?
https://t.co/GumW6Ioedy",turun mulai hari ini berapa harga pertamax turbo dan dexlite,turun mulai hari ini berapa harga pertamax turbo dan dexlite,turun mulai hari berapa harga pertamax turbo dexlite
2072154232221020203,Wed Jul 01 03:04:02 +0000 2026,Nailong 🐣,nailong_office,udah turun belom harga pertamax ? https://t.co/RMrXOPUPMr,udah turun belom harga pertamax,sudah turun belum harga pertamax,turun harga pertamax
2072154012758237461,Wed Jul 01 03:03:10 +0000 2026,IDN Times,IDNTimes,"Harga BBM Nonsubsidi dari Pertamax-Avtur Turun Mulai Hari Ini, Cek Detailnya
https://t.co/NIQAhWZnr2",harga bbm nonsubsidi dari pertamax avtur turun mulai hari ini cek detailnya,harga bbm nonsubsidi dari pertamax avtur turun mulai hari ini cek detailnya,harga bbm nonsubsidi pertamax avtur turun mulai hari cek detail
2072153222203285717,Wed Jul 01 03:00:01 +0000 2026,SINDOnews,SINDOnews,"PT Pertamina Patra Niaga resmi menyesuaikan harga BBM nonsubsidi mulai 1 Juli 2026. Sejumlah produk seperti Pertamax Turbo, Dexlite, dan Pertamina Dex mengalami penurunan harga, sementara Pertamax (RON 92) tetap dipertahankan di Rp16.250 per liter. 

Penyesuaian dilakukan https://t.co/XrLFHPOuI6",pt pertamina patra niaga resmi menyesuaikan harga bbm nonsubsidi mulai juli sejumlah produk seperti pertamax turbo dexlite dan pertamina dex mengalami penurunan harga sementara pertamax ron tetap dipertahankan di rp per liter penyesuaian dilakukan,pt pertamina patra niaga resmi menyesuaikan harga bbm nonsubsidi mulai juli sejumlah produk seperti pertamax turbo dexlite dan pertamina dex mengalami penurunan harga sementara pertamax ron tetap dipertahankan di rp per liter penyesuaian dilakukan,pt pertamina patra niaga resmi sesuai harga bbm nonsubsidi mulai juli jumlah produk pertamax turbo dexlite pertamina dex alami turun harga pertamax ron tetap tahan rp per liter sesuai laku
2072151459530240295,Wed Jul 01 02:53:01 +0000 2026,IDX CHANNEL,idx_channel,"PT Pertamina Patra Niaga resmi menurunkan harga sejumlah BBM nonsubsidi yang berlaku mulai 1 Juli 2026. Penyesuaian harga dilakukan terhadap Pertamax Turbo, Pertamina Dex, Dexlite, dan Avtur setelah evaluasi yang mengacu pada dinamika harga minyak dunia, aspek fiskal, serta daya https://t.co/xrlBCAVTKR",pt pertamina patra niaga resmi menurunkan harga sejumlah bbm nonsubsidi yang berlaku mulai juli penyesuaian harga dilakukan terhadap pertamax turbo pertamina dex dexlite dan avtur setelah evaluasi yang mengacu pada dinamika harga minyak dunia aspek fiskal serta daya,pt pertamina patra niaga resmi menurunkan harga sejumlah bbm nonsubsidi yang berlaku mulai juli penyesuaian harga dilakukan terhadap pertamax turbo pertamina dex dexlite dan avtur setelah evaluasi yang mengacu pada dinamika harga minyak dunia aspek fiskal serta daya,pt pertamina patra niaga resmi turun harga jumlah bbm nonsubsidi laku mulai juli sesuai harga laku pertamax turbo pertamina dex dexlite avtur evaluasi acu dinamika harga minyak dunia aspek fiskal daya
2072150803994001764,Wed Jul 01 02:50:25 +0000 2026,t°Jabar,tijabar,"Mulai Hari Ini... Turun Harga Pertamax Turbo hingga Avtur 

Pertamina Patra Niaga, anak usaha PT Pertamina (Persero), menyesuaikan harga Bahan Bakar Minyak (BBM) Nonsubsidi berlaku efektif mulai Rabu (1/7/2026). Penyesuaian harga BBM Nonsubsidi tersebut berlaku unntuk Pertamax https://t.co/dWw6y7GfPs",mulai hari ini turun harga pertamax turbo hingga avtur pertamina patra niaga anak usaha pt pertamina persero menyesuaikan harga bahan bakar minyak bbm nonsubsidi berlaku efektif mulai rabu penyesuaian harga bbm nonsubsidi tersebut berlaku unntuk pertamax,mulai hari ini turun harga pertamax turbo hingga avtur pertamina patra niaga anak usaha pt pertamina persero menyesuaikan harga bahan bakar minyak bbm nonsubsidi berlaku efektif mulai rabu penyesuaian harga bbm nonsubsidi tersebut berlaku unntuk pertamax,mulai hari turun harga pertamax turbo hingga avtur pertamina patra niaga anak usaha pt pertamina persero sesuai harga bahan bakar minyak bbm nonsubsidi laku efektif mulai rabu sesuai harga bbm nonsubsidi sebut laku unntuk pertamax
2072149730768162868,Wed Jul 01 02:46:09 +0000 2026,SorotanWarga,Sorotanwarga,"Harga BBM Non-Subsidi Turun Mulai 1 Juli 2026, beberapa jenis BBM non-subsidi seperti Pertamax Turbo, Dexlite, dan Pertamina Dex resmi mengalami penurunan harga. Sementara Pertamax dan BBM bersubsidi tidak berubah. https://t.co/KmRNw9xGBb",harga bbm non subsidi turun mulai juli beberapa jenis bbm non subsidi seperti pertamax turbo dexlite dan pertamina dex resmi mengalami penurunan harga sementara pertamax dan bbm bersubsidi tidak berubah,harga bbm non subsidi turun mulai juli beberapa jenis bbm non subsidi seperti pertamax turbo dexlite dan pertamina dex resmi mengalami penurunan harga sementara pertamax dan bbm bersubsidi tidak berubah,harga bbm non subsidi turun mulai juli beberapa jenis bbm non subsidi pertamax turbo dexlite pertamina dex resmi alami turun harga pertamax bbm subsidi ubah
2072142946334658988,Wed Jul 01 02:19:11 +0000 2026,KONTAN NEWS,KontanNews,"Mulai 1 Juli 2026, Pertamina resmi menurunkan harga beberapa BBM nonsubsidi.

📍DKI Jakarta:

- Pertamax Turbo ➜ Rp19.300/liter
- Dexlite ➜ Rp19.700/liter
- Pertamina Dex ➜ Rp21.150/liter https://t.co/9nFcV7Y14D",mulai juli pertamina resmi menurunkan harga beberapa bbm nonsubsidi dki jakarta pertamax turbo rp liter dexlite rp liter pertamina dex rp liter,mulai juli pertamina resmi menurunkan harga beberapa bbm nonsubsidi dki jakarta pertamax turbo rp liter dexlite rp liter pertamina dex rp liter,mulai juli pertamina resmi turun harga beberapa bbm nonsubsidi dki jakarta pertamax turbo rp liter dexlite rp liter pertamina dex rp liter
2072141960476033391,Wed Jul 01 02:15:16 +0000 2026,Bisnis.com,Bisniscom,"PT Pertamina Patra Niaga menurunkan harga bahan bakar minyak (BBM) non subsidi mulai Rabu (1/7/2026). Mengacu pada daftar harga terbaru, penyesuaian harga hanya berlaku untuk tiga jenis BBM nonsubsidi, yaitu Pertamax Turbo, Dexlite, dan Pertamina Dex.… https://t.co/Q1bGJZZ4Ed https://t.co/W2GZPedTKG",pt pertamina patra niaga menurunkan harga bahan bakar minyak bbm non subsidi mulai rabu mengacu pada daftar harga terbaru penyesuaian harga hanya berlaku untuk tiga jenis bbm nonsubsidi yaitu pertamax turbo dexlite dan pertamina dex,pt pertamina patra niaga menurunkan harga bahan bakar minyak bbm non subsidi mulai rabu mengacu pada daftar harga terbaru penyesuaian harga hanya berlaku untuk tiga jenis bbm nonsubsidi yaitu pertamax turbo dexlite dan pertamina dex,pt pertamina patra niaga turun harga bahan bakar minyak bbm non subsidi mulai rabu acu daftar harga baru sesuai harga laku tiga jenis bbm nonsubsidi pertamax turbo dexlite pertamina dex
2072139461903966417,Wed Jul 01 02:05:20 +0000 2026,kumparan,kumparan,"Pertamina Patra Niaga melakukan penyesuaian harga terhadap Bahan Bakar Minyak (BBM) nonsubsidi yang berlaku efektif mulai 1 Juli 2026 pukul 00.00 WIB.

Berdasarkan laman MyPertamina, Rabu (1/7), harga Pertamax di wilayah DKI Jakarta masih dibanderol Rp 16.250 per liter atau sama https://t.co/Se2U6kIp5h",pertamina patra niaga melakukan penyesuaian harga terhadap bahan bakar minyak bbm nonsubsidi yang berlaku efektif mulai juli pukul wib berdasarkan laman mypertamina rabu harga pertamax di wilayah dki jakarta masih dibanderol rp per liter atau sama,pertamina patra niaga melakukan penyesuaian harga terhadap bahan bakar minyak bbm nonsubsidi yang berlaku efektif mulai juli pukul wib berdasarkan laman mypertamina rabu harga pertamax di wilayah dki jakarta masih dibanderol rp per liter atau sama,pertamina patra niaga laku sesuai harga bahan bakar minyak bbm nonsubsidi laku efektif mulai juli pukul wib dasar laman mypertamina rabu harga pertamax wilayah dki jakarta banderol rp per liter sama
2072136479288234256,Wed Jul 01 01:53:29 +0000 2026,lalo salamanca,agelmeip,"fyi per hari ini 1 juli ada kenaikan harga goride hemat dan grab bike hemat, biasanya 7rb skrg jadi 7rb, gw gatau ini efek yg potongan aplikator 8% udah diterapin atau emang efek domino dari pertamax naik yg jelas keduanya sama2 kebijakan sampah pemerintah https://t.co/5LmRFRIQI3",fyi per hari ini juli ada kenaikan harga goride hemat dan grab bike hemat biasanya rb skrg jadi rb gw gatau ini efek yg potongan aplikator udah diterapin atau emang efek domino dari pertamax naik yg jelas keduanya sama kebijakan sampah pemerintah,fyi per hari ini juli ada kenaikan harga goride hemat dan grab bike hemat biasanya ribu sekarang jadi ribu gue enggak tau ini efek yang potongan aplikator sudah diterapin atau memang efek domino dari pertamax naik yang jelas keduanya sama kebijakan sampah pemerintah,fyi per hari juli naik harga goride hemat grab bike hemat biasa ribu sekarang jadi ribu gue enggak tau efek potong aplikator diterapin memang efek domino pertamax naik jelas dua sama bijak sampah perintah
2072135614129217834,Wed Jul 01 01:50:03 +0000 2026,IDX CHANNEL,idx_channel,"PT Pertamina Patra Niaga resmi menurunkan harga sejumlah BBM nonsubsidi yang berlaku mulai 1 Juli 2026. Penyesuaian harga dilakukan terhadap Pertamax Turbo, Pertamina Dex, Dexlite, dan Avtur setelah evaluasi yang mengacu pada dinamika harga minyak dunia, aspek fiskal, serta daya https://t.co/6Gj7zmfCMP",pt pertamina patra niaga resmi menurunkan harga sejumlah bbm nonsubsidi yang berlaku mulai juli penyesuaian harga dilakukan terhadap pertamax turbo pertamina dex dexlite dan avtur setelah evaluasi yang mengacu pada dinamika harga minyak dunia aspek fiskal serta daya,pt pertamina patra niaga resmi menurunkan harga sejumlah bbm nonsubsidi yang berlaku mulai juli penyesuaian harga dilakukan terhadap pertamax turbo pertamina dex dexlite dan avtur setelah evaluasi yang mengacu pada dinamika harga minyak dunia aspek fiskal serta daya,pt pertamina patra niaga resmi turun harga jumlah bbm nonsubsidi laku mulai juli sesuai harga laku pertamax turbo pertamina dex dexlite avtur evaluasi acu dinamika harga minyak dunia aspek fiskal daya
2072132378219446407,Wed Jul 01 01:37:11 +0000 2026,fajar prasetyo,_fajarprasetyo,"Pertamax ga turun karena kata menteri ESDM sempet ditahan waktu harga minyak dunia naik, pertanyaannya kalo bukan BBM subsidi ngapain dulu pake ditahan2?",pertamax ga turun karena kata menteri esdm sempet ditahan waktu harga minyak dunia naik pertanyaannya kalo bukan bbm subsidi ngapain dulu pake ditahan,pertamax enggak turun karena kata menteri esdm sempat ditahan waktu harga minyak dunia naik pertanyaannya kalo bukan bbm subsidi mengapai dulu pakai ditahan,pertamax enggak turun kata menteri esdm sempat tahan waktu harga minyak dunia naik tanya bukan bbm subsidi kapai dulu pakai tahan
2072127100094726537,Wed Jul 01 01:16:13 +0000 2026,Good News From Indonesia,GNFI,"Di sisi lain, harga Pertamax, Pertamax Green, Pertalite, dan Biosolar tetap tidak berubah. Penyesuaian ini dilakukan berdasarkan Kepmen ESDM No. 245.K/MG.01/MEM.M/2022 yang mengatur formula harga jual eceran BBM umum di SPBU.",di sisi lain harga pertamax pertamax green pertalite dan biosolar tetap tidak berubah penyesuaian ini dilakukan berdasarkan kepmen esdm no k mg mem m yang mengatur formula harga jual eceran bbm umum di spbu,di sisi lain harga pertamax pertamax green pertalite dan biosolar tetap tidak berubah penyesuaian ini dilakukan berdasarkan kepmen esdm no ke moga mem sama yang mengatur formula harga jual eceran bbm umum di spbu,sisi harga pertamax pertamax green pertalite biosolar tetap ubah sesuai laku dasar kepmen esdm no moga mem sama atur formula harga jual ecer bbm umum spbu
2072127070755528958,Wed Jul 01 01:16:06 +0000 2026,Good News From Indonesia,GNFI,"Harga BBM nonsubsidi Pertamina resmi turun mulai 1 Juli 2026. Penyesuaian terbesar terjadi pada Dexlite, Pertamina Dex, dan Pertamax Turbo, seiring penurunan harga minyak dunia serta mengacu pada formula harga yang ditetapkan pemerintah.",harga bbm nonsubsidi pertamina resmi turun mulai juli penyesuaian terbesar terjadi pada dexlite pertamina dex dan pertamax turbo seiring penurunan harga minyak dunia serta mengacu pada formula harga yang ditetapkan pemerintah,harga bbm nonsubsidi pertamina resmi turun mulai juli penyesuaian terbesar terjadi pada dexlite pertamina dex dan pertamax turbo seiring penurunan harga minyak dunia serta mengacu pada formula harga yang ditetapkan pemerintah,harga bbm nonsubsidi pertamina resmi turun mulai juli sesuai besar jadi dexlite pertamina dex pertamax turbo iring turun harga minyak dunia acu formula harga tetap perintah
2072119601295740947,Wed Jul 01 00:46:25 +0000 2026,Radio Suara Surabaya,e100ss,"Harga Pertamax Turbo, Dexlite dan Pertamina Dex Turun Mulai 1 Juli 2026 https://t.co/zjjZhoF7be",harga pertamax turbo dexlite dan pertamina dex turun mulai juli,harga pertamax turbo dexlite dan pertamina dex turun mulai juli,harga pertamax turbo dexlite pertamina dex turun mulai juli
2072116938499850374,Wed Jul 01 00:35:50 +0000 2026,Cecilia Suwanda,CeciliaSuwanda1,"@bangherwin Berasa banget sih, Pertamax 92 naik 4rb/Ltr, tiap hari keluar rumah😥.",berasa banget sih pertamax naik rb ltr tiap hari keluar rumah,berasa banget sih pertamax naik ribu ltr tiap hari keluar rumah,asa banget pertamax naik ribu ltr tiap hari keluar rumah
2072115707035398248,Wed Jul 01 00:30:57 +0000 2026,Kompas.com,kompascom,"Harga Pertamax Turbo, Pertamina Dex, Dexlite, dan Avtur Turun

Baca di https://t.co/2FkAw0h22D https://t.co/v0E5x637Fm",harga pertamax turbo pertamina dex dexlite dan avtur turun baca di,harga pertamax turbo pertamina dex dexlite dan avtur turun baca di,harga pertamax turbo pertamina dex dexlite avtur turun baca
2072112997418611031,Wed Jul 01 00:20:11 +0000 2026,CNBC Indonesia,cnbcindonesia,"Harga BBM Pertamax Turbo &amp; Diesel Resmi Turun, Berlaku 1 Juli 2026
https://t.co/acmmM00cJM",harga bbm pertamax turbo amp diesel resmi turun berlaku juli,harga bbm pertamax turbo amp diesel resmi turun berlaku juli,harga bbm pertamax turbo diesel resmi turun laku juli
2072112506383020240,Wed Jul 01 00:18:14 +0000 2026,FikrMakhluf,Fikrimakhluf,@dimarsasongko98 Mana makin hari minyak dunia makin terjun bebas dr pas Maret April kemaren. Marginnya gede loh itu pak. Makanya pada nanya nuruninnya kapan. Kalo emang ngikutnya harga itu. Sekalian pak itungannya dikeluarin loh biar ga pada curigesyon kemane2. Sebenernya kenapa cuma Pertamax.,mana makin hari minyak dunia makin terjun bebas dr pas maret april kemaren marginnya gede loh itu pak makanya pada nanya nuruninnya kapan kalo emang ngikutnya harga itu sekalian pak itungannya dikeluarin loh biar ga pada curigesyon kemane sebenernya kenapa cuma pertamax,mana makin hari minyak dunia makin terjun bebas dari pas maret april kemarin marginnya gede loh itu pak makanya pada bertanya nuruninnya kapan kalo memang ngikutnya harga itu sekalian pak itungannya dikeluarin loh biar enggak pada curigesyon kemane sebenarnya kenapa cuma pertamax,mana makin hari minyak dunia makin terjun bebas pas maret april kemarin margin gede pak makanya tanya nuruninnya kapan memang ngikutnya harga sekali pak itungannya dikeluarin biar enggak curigesyon kemane benar cuma pertamax
2072111622957724118,Wed Jul 01 00:14:43 +0000 2026,herwin,bangherwin,"Anjir, mulai hari ini Pertamina nurunin harga Pertamax Turbo Rp1.450/liter (dari Rp20.750 jadi Rp19.300).
Tapi Pertamax yang biasa dipake masyarakat menengah? Tetep Rp16.250. Gak bergerak.
Pilih kasih keringanan ke yang isi Turbo, yang isi Pertamax malah dibiarkan.
Kelas menengah https://t.co/Yp6ZBHItPp",anjir mulai hari ini pertamina nurunin harga pertamax turbo rp liter dari rp jadi rp tapi pertamax yang biasa dipake masyarakat menengah tetep rp gak bergerak pilih kasih keringanan ke yang isi turbo yang isi pertamax malah dibiarkan kelas menengah,anjir mulai hari ini pertamina nurunin harga pertamax turbo rp liter dari rp jadi rp tapi pertamax yang biasa dipakai masyarakat menengah tetap rp enggak bergerak pilih kasih keringanan ke yang isi turbo yang isi pertamax malah dibiarkan kelas menengah,anjir mulai hari pertamina nurunin harga pertamax turbo rp liter rp jadi rp pertamax biasa pakai masyarakat tengah tetap rp enggak gerak pilih kasih ringan isi turbo isi pertamax malah biar kelas tengah
2072109946062434776,Wed Jul 01 00:08:03 +0000 2026,Lambe Resing,LambeResing,"UPDATE: Per 1 Juli 2026, harga BBM non-subsidi terpantau turun.

Pertamax Turbo mengalami penurunan ke Rp19.300 per liter, dan hampir semua lini diesel non-subsidi turun sekitar Rp 3 ribuan per liternya.

Sementara itu bensin RON 92, 95, dan BBM subsidi tidak mengalami penurunan. https://t.co/AvcvQmBlSQ",update per juli harga bbm non subsidi terpantau turun pertamax turbo mengalami penurunan ke rp per liter dan hampir semua lini diesel non subsidi turun sekitar rp ribuan per liternya sementara itu bensin ron dan bbm subsidi tidak mengalami penurunan,update per juli harga bbm non subsidi terpantau turun pertamax turbo mengalami penurunan ke rp per liter dan hampir semua lini diesel non subsidi turun sekitar rp ribuan per liternya sementara itu bensin ron dan bbm subsidi tidak mengalami penurunan,update per juli harga bbm non subsidi pantau turun pertamax turbo alami turun rp per liter hampir semua lini diesel non subsidi turun rp ribu per liter bensin ron bbm subsidi alami turun
2072107574598709490,Tue Jun 30 23:58:38 +0000 2026,Berly Martawardaya,bmartawardaya,"@insidefolkative Harga Dexlite, Pertamax Turbo dan Pertamina Dex turun.

Kapan harga Pertamax turun? Perlu diumumkan....",harga dexlite pertamax turbo dan pertamina dex turun kapan harga pertamax turun perlu diumumkan,harga dexlite pertamax turbo dan pertamina dex turun kapan harga pertamax turun perlu diumumkan,harga dexlite pertamax turbo pertamina dex turun kapan harga pertamax turun perlu umum
2072107493174673660,Tue Jun 30 23:58:18 +0000 2026,About Tangerang,abouttng,"⛽ Update harga BBM Pertamina per 1 Juli 2026❗️

Mulai 1 Juli 2026, PT Pertamina Patra Niaga kembali melakukan penyesuaian harga untuk sejumlah produk BBM nonsubsidi. 

Kabar baiknya, beberapa jenis BBM mengalami penurunan harga, namun sayangnya Pertamax 92 masih diangka yang https://t.co/ALQ7MaFJak",update harga bbm pertamina per juli mulai juli pt pertamina patra niaga kembali melakukan penyesuaian harga untuk sejumlah produk bbm nonsubsidi kabar baiknya beberapa jenis bbm mengalami penurunan harga namun sayangnya pertamax masih diangka yang,update harga bbm pertamina per juli mulai juli pt pertamina patra niaga kembali melakukan penyesuaian harga untuk sejumlah produk bbm nonsubsidi kabar baiknya beberapa jenis bbm mengalami penurunan harga namun sayangnya pertamax masih diangka yang,update harga bbm pertamina per juli mulai juli pt pertamina patra niaga laku sesuai harga jumlah produk bbm nonsubsidi kabar baik beberapa jenis bbm alami turun harga sayang pertamax angka
2072107098532667717,Tue Jun 30 23:56:44 +0000 2026,Hidup sebagai +62,Hidupsebagai62,"BREAKING NEWS : 
HARGA BBM PERTAMINA PER 1 JULI

- Pertalite tetap
- Pertamax tetap
- Pertamax Turbo turun 1450
- Dexlite turun 3300
- Pertamina Dex turun 3650 https://t.co/ttGV6oHkFk",breaking news harga bbm pertamina per juli pertalite tetap pertamax tetap pertamax turbo turun dexlite turun pertamina dex turun,breaking news harga bbm pertamina per juli pertalite tetap pertamax tetap pertamax turbo turun dexlite turun pertamina dex turun,breaking news harga bbm pertamina per juli pertalite tetap pertamax tetap pertamax turbo turun dexlite turun pertamina dex turun
2072106639277334719,Tue Jun 30 23:54:55 +0000 2026,lucinda morningstar,kesurupanbotol,"@insidefolkative Harga minyak dunia turun, pertamax gak turun, kemarin info selirnya prabowo harga pertamax mengikuti harga minyak dunia, wkwkwk",harga minyak dunia turun pertamax gak turun kemarin info selirnya prabowo harga pertamax mengikuti harga minyak dunia wkwkwk,harga minyak dunia turun pertamax enggak turun kemarin info selirnya prabowo harga pertamax mengikuti harga minyak dunia wkwkwk,harga minyak dunia turun pertamax enggak turun kemarin info selir prabowo harga pertamax ikut harga minyak dunia wkwkwk
2072106595262279791,Tue Jun 30 23:54:44 +0000 2026,Radio Elshinta,RadioElshinta,"Pertamina Patra Niaga Turunkan Harga BBM Nonsubsidi dan Avtur Mulai 1 Juli 2026

Jakarta - PT Pertamina Patra Niaga resmi melakukan penyesuaian harga Bahan Bakar Minyak (BBM) nonsubsidi yang berlaku efektif mulai 1 Juli 2026 pukul 00.00 WIB. Penyesuaian tersebut merupakan hasil https://t.co/Rhkda99zCX",pertamina patra niaga turunkan harga bbm nonsubsidi dan avtur mulai juli jakarta pt pertamina patra niaga resmi melakukan penyesuaian harga bahan bakar minyak bbm nonsubsidi yang berlaku efektif mulai juli pukul wib penyesuaian tersebut merupakan hasil,pertamina patra niaga turunkan harga bbm nonsubsidi dan avtur mulai juli jakarta pt pertamina patra niaga resmi melakukan penyesuaian harga bahan bakar minyak bbm nonsubsidi yang berlaku efektif mulai juli pukul wib penyesuaian tersebut merupakan hasil,pertamina patra niaga turun harga bbm nonsubsidi avtur mulai juli jakarta pt pertamina patra niaga resmi laku sesuai harga bahan bakar minyak bbm nonsubsidi laku efektif mulai juli pukul wib sesuai sebut rupa hasil
2072106059096068284,Tue Jun 30 23:52:37 +0000 2026,folkative,insidefolkative,"Penyesuaian harga BBM Pertamina per 1 Juli 2026:

Pertamax Turbo: Rp20.750 -&gt; Rp19.300
Pertamax Green: Rp17.000-&gt; Rp17.000
Pertamax: Rp16.250 -&gt; Rp16.250
Pertalite: Rp10.000 -&gt; Rp10.000
Pertamina Dex: Rp24.800 -&gt; Rp21.150
Dexlite: Rp23.000-&gt;Rp19.700 https://t.co/sHJQ4raCq2",penyesuaian harga bbm pertamina per juli pertamax turbo rp gt rp pertamax green rp gt rp pertamax rp gt rp pertalite rp gt rp pertamina dex rp gt rp dexlite rp gt rp,penyesuaian harga bbm pertamina per juli pertamax turbo rp begitu rp pertamax green rp begitu rp pertamax rp begitu rp pertalite rp begitu rp pertamina dex rp begitu rp dexlite rp begitu rp,sesuai harga bbm pertamina per juli pertamax turbo rp rp pertamax green rp rp pertamax rp rp pertalite rp rp pertamina dex rp rp dexlite rp rp
2072105022180229332,Tue Jun 30 23:48:29 +0000 2026,Banjarmasin Post,banjarmasinpost,"Resmi Berubah! Daftar Harga BBM Terbaru 1 Juli 2026, Ada yang Turun Rp3.650, Cek Pertamax Hingga Dexlite di Kalsel
 
https://t.co/ExiQT1DX0f lewat @tribunnews",resmi berubah daftar harga bbm terbaru juli ada yang turun rp cek pertamax hingga dexlite di kalsel lewat,resmi berubah daftar harga bbm terbaru juli ada yang turun rp cek pertamax hingga dexlite di kalsel lewat,resmi ubah daftar harga bbm baru juli turun rp cek pertamax hingga dexlite kalsel lewat
2072098667423744451,Tue Jun 30 23:23:14 +0000 2026,Bisnis.com,Bisniscom,"PT Pertamina Patra Niaga menurunkan harga bahan bakar minyak (BBM) non subsidi mulai Rabu (1/7/2026) ini. Penurunan harga meliputi Pertamax Turbo, Pertamina Dex, dan Dexlite. Artinya, harga Pertamax Turbo turun 7% dari Rp20.750 menjadi Rp19.300 per… https://t.co/PDe07dqwpr https://t.co/PevofAFHVg",pt pertamina patra niaga menurunkan harga bahan bakar minyak bbm non subsidi mulai rabu ini penurunan harga meliputi pertamax turbo pertamina dex dan dexlite artinya harga pertamax turbo turun dari rp menjadi rp per,pt pertamina patra niaga menurunkan harga bahan bakar minyak bbm non subsidi mulai rabu ini penurunan harga meliputi pertamax turbo pertamina dex dan dexlite artinya harga pertamax turbo turun dari rp menjadi rp per,pt pertamina patra niaga turun harga bahan bakar minyak bbm non subsidi mulai rabu turun harga liput pertamax turbo pertamina dex dexlite arti harga pertamax turbo turun rp jadi rp per
2072096416487362802,Tue Jun 30 23:14:18 +0000 2026,VivaCoid,VIVAcoid,"PT Pertamina (Persero) kembali melakukan penyesuaian harga bahan bakar minyak (BBM) nonsubsidi yang mulai berlaku 1 Juli 2026. 
Dalam penyesuaian kali ini, harga Pertamax dipastikan tidak mengalami perubahan, sementara Pertamax Turbo, Dexlite, dan Pertamina Dex resmi mengalami https://t.co/CVHIr4nQ7A",pt pertamina persero kembali melakukan penyesuaian harga bahan bakar minyak bbm nonsubsidi yang mulai berlaku juli dalam penyesuaian kali ini harga pertamax dipastikan tidak mengalami perubahan sementara pertamax turbo dexlite dan pertamina dex resmi mengalami,pt pertamina persero kembali melakukan penyesuaian harga bahan bakar minyak bbm nonsubsidi yang mulai berlaku juli dalam penyesuaian kali ini harga pertamax dipastikan tidak mengalami perubahan sementara pertamax turbo dexlite dan pertamina dex resmi mengalami,pt pertamina persero laku sesuai harga bahan bakar minyak bbm nonsubsidi mulai laku juli sesuai kali harga pertamax pasti alami ubah pertamax turbo dexlite pertamina dex resmi alami
2072091474372759608,Tue Jun 30 22:54:39 +0000 2026,VivaCoid,VIVAcoid,"Harga BBM Berlaku 1 Juli: Pertamax Tetap, Pertamax Turbo hingga Dexlite Resmi Turun

 https://t.co/Pk7A3fxJPS",harga bbm berlaku juli pertamax tetap pertamax turbo hingga dexlite resmi turun,harga bbm berlaku juli pertamax tetap pertamax turbo hingga dexlite resmi turun,harga bbm laku juli pertamax tetap pertamax turbo hingga dexlite resmi turun
2072091201613025770,Tue Jun 30 22:53:34 +0000 2026,Kompas.com,kompascom,"Baca di sini: https://t.co/nVwXbH6nVT

PT Pertamina Patra Niaga menurunkan harga BBM nonsubsidi, meliputi Pertamax Turbo, Pertamina Dex, Dexlite, dan avtur domestik mulai 1 Juli 2026 setelah evaluasi berkala mengikuti dinamika harga minyak dunia dan mekanisme yang berlaku.

~IQ https://t.co/r78IMSpV4I",baca di sini pt pertamina patra niaga menurunkan harga bbm nonsubsidi meliputi pertamax turbo pertamina dex dexlite dan avtur domestik mulai juli setelah evaluasi berkala mengikuti dinamika harga minyak dunia dan mekanisme yang berlaku iq,baca di sini pt pertamina patra niaga menurunkan harga bbm nonsubsidi meliputi pertamax turbo pertamina dex dexlite dan avtur domestik mulai juli setelah evaluasi berkala mengikuti dinamika harga minyak dunia dan mekanisme yang berlaku iq,baca sini pt pertamina patra niaga turun harga bbm nonsubsidi liput pertamax turbo pertamina dex dexlite avtur domestik mulai juli evaluasi kala ikut dinamika harga minyak dunia mekanisme laku iq
2072088333396967576,Tue Jun 30 22:42:10 +0000 2026,KONTAN NEWS,KontanNews,"Sementara itu, harga: 
• Pertalite tetap Rp 10.000/liter 
• Pertamax tetap Rp 16.250/liter 
• Pertamax Green 95 tetap Rp 17.000/liter.",sementara itu harga pertalite tetap rp liter pertamax tetap rp liter pertamax green tetap rp liter,sementara itu harga pertalite tetap rp liter pertamax tetap rp liter pertamax green tetap rp liter,harga pertalite tetap rp liter pertamax tetap rp liter pertamax green tetap rp liter
2072088224479256905,Tue Jun 30 22:41:44 +0000 2026,KONTAN NEWS,KontanNews,"📉 Daftar harga terbaru: 
✅ Pertamax Turbo: Rp 19.300/liter (turun Rp 1.450) 
✅ Dexlite: Rp 19.700/liter (turun Rp 3.300) 
✅ Pertamina Dex: Rp 21.150/liter (turun Rp 3.650)",daftar harga terbaru pertamax turbo rp liter turun rp dexlite rp liter turun rp pertamina dex rp liter turun rp,daftar harga terbaru pertamax turbo rp liter turun rp dexlite rp liter turun rp pertamina dex rp liter turun rp,daftar harga baru pertamax turbo rp liter turun rp dexlite rp liter turun rp pertamina dex rp liter turun rp
2072088106715779346,Tue Jun 30 22:41:16 +0000 2026,KONTAN NEWS,KontanNews,"⛽ Kabar baik buat pengguna BBM non-subsidi!

Mulai 1 Juli 2026, PT Pertamina Patra Niaga resmi menurunkan harga beberapa jenis BBM, termasuk Pertamax Turbo, Dexlite, dan Pertamina Dex. https://t.co/dpwtICXnVp",kabar baik buat pengguna bbm non subsidi mulai juli pt pertamina patra niaga resmi menurunkan harga beberapa jenis bbm termasuk pertamax turbo dexlite dan pertamina dex,kabar baik buat pengguna bbm non subsidi mulai juli pt pertamina patra niaga resmi menurunkan harga beberapa jenis bbm termasuk pertamax turbo dexlite dan pertamina dex,kabar baik buat guna bbm non subsidi mulai juli pt pertamina patra niaga resmi turun harga beberapa jenis bbm masuk pertamax turbo dexlite pertamina dex
2072033266195108237,Tue Jun 30 19:03:21 +0000 2026,Jawa Pos,jawapos,"Pertamina Turunkan Harga BBM Nonsubsidi per 1 Juli 2026, Pertamax Turbo jadi Rp 19.300 per Liter
https://t.co/bHJLf8lgjE",pertamina turunkan harga bbm nonsubsidi per juli pertamax turbo jadi rp per liter,pertamina turunkan harga bbm nonsubsidi per juli pertamax turbo jadi rp per liter,pertamina turun harga bbm nonsubsidi per juli pertamax turbo jadi rp per liter
2071925479188361672,Tue Jun 30 11:55:03 +0000 2026,liv.,xhualia,Lebih percaya sea punya kamar di klinik docpop daripada pertamax turun harga https://t.co/jEIKA6sAww,lebih percaya sea punya kamar di klinik docpop daripada pertamax turun harga,lebih percaya sea punya kamar di klinik docpop daripada pertamax turun harga,lebih percaya sea punya kamar klinik docpop pertamax turun harga
2071919178055835742,Tue Jun 30 11:30:01 +0000 2026,DEMOCRAZY News,democrazymedia,"Bahlil Naik Pitam! Kesal Dicecar Pertanyaan Kapan Harga Pertamax Turun
https://t.co/vyAuQq0L69",bahlil naik pitam kesal dicecar pertanyaan kapan harga pertamax turun,bahlil naik pitam kesal dicecar pertanyaan kapan harga pertamax turun,bahlil naik pitam kesal cecar tanya kapan harga pertamax turun
2071889538402885887,Tue Jun 30 09:32:14 +0000 2026,tata`♪ 👨‍🎨👮,tataavtp,"Pertamax naik itu mengguncang keuangan gue sebagai anak pp yg setidaknya habis 1 liter/hari. Gue pakai pertalite tapi karena Pertamax naik banyak yg pindah. Pagi blm ready, siang habis, malamnya antri panjang bgt.

Gue harus spend waktu 30 menit hanya untuk dapet bensin?!?!😭😭😭",pertamax naik itu mengguncang keuangan gue sebagai anak pp yg setidaknya habis liter hari gue pakai pertalite tapi karena pertamax naik banyak yg pindah pagi blm ready siang habis malamnya antri panjang bgt gue harus spend waktu menit hanya untuk dapet bensin,pertamax naik itu mengguncang keuangan gue sebagai anak pp yang setidaknya habis liter hari gue pakai pertalite tapi karena pertamax naik banyak yang pindah pagi belum ready siang habis malamnya antri panjang banget gue harus spend waktu menit hanya untuk dapat bensin,pertamax naik guncang uang gue anak pp habis liter hari gue pakai pertalite pertamax naik banyak pindah pagi ready siang habis malam antri panjang banget gue spend waktu menit bensin
2071867650259771710,Tue Jun 30 08:05:15 +0000 2026,Bloomberg Technoz,BloombergTZ,"Kepala Ekonom Bank Permata Josua Pardede memperkirakan harga keekonomian Pertamax saat ini mencapai Rp16.444 per liter, sedikit di atas harga jual Rp16.250 per liter sehingga ruang penurunan harga masih terbatas.

Simak selengkapnya: https://t.co/qwgRpwgxtc https://t.co/pQWjdq74Li",kepala ekonom bank permata josua pardede memperkirakan harga keekonomian pertamax saat ini mencapai rp per liter sedikit di atas harga jual rp per liter sehingga ruang penurunan harga masih terbatas simak selengkapnya,kepala ekonom bank permata josua pardede memperkirakan harga keekonomian pertamax saat ini mencapai rp per liter sedikit di atas harga jual rp per liter sehingga ruang penurunan harga masih terbatas simak selengkapnya,kepala ekonom bank permata josua pardede kira harga ekonomi pertamax capai rp per liter sedikit atas harga jual rp per liter ruang turun harga batas simak lengkap
2071865552025641146,Tue Jun 30 07:56:55 +0000 2026,Desmond Wira,desmondwira,"BPS akan merilis data inflasi Juni pada esok hari, Rabu 1 Juli 2026

Diperkirakan angka inflasi naik. Forecast sebesar 3,2% (Bloomberg)

Jika benar, berarti lebih besar dari Mei 3,08%

Kenaikan inflasi kemungkinan didorong kenaikan harga barang-barang yang terganggu akibat https://t.co/tocOHrKanf",bps akan merilis data inflasi juni pada esok hari rabu juli diperkirakan angka inflasi naik forecast sebesar bloomberg jika benar berarti lebih besar dari mei kenaikan inflasi kemungkinan didorong kenaikan harga barang barang yang terganggu akibat,bps akan merilis data inflasi juni pada esok hari rabu juli diperkirakan angka inflasi naik forecast sebesar bloomberg jika benar berarti lebih besar dari mei kenaikan inflasi kemungkinan didorong kenaikan harga barang barang yang terganggu akibat,bps rilis data inflasi juni esok hari rabu juli kira angka inflasi naik forecast besar bloomberg benar arti lebih besar mei naik inflasi mungkin dorong naik harga barang barang ganggu akibat
2071857798712017070,Tue Jun 30 07:26:07 +0000 2026,🎣,dysafiaa,"semenjak pertamax naik, gue gak pernah lihat spbu sepi tanpa antrian",semenjak pertamax naik gue gak pernah lihat spbu sepi tanpa antrian,semenjak pertamax naik gue enggak pernah lihat spbu sepi tanpa antrian,semenjak pertamax naik gue enggak pernah lihat spbu sepi antri
2071854590472188258,Tue Jun 30 07:13:22 +0000 2026,Bentang Pustaka,bentangpustaka,"MinTang agak tersulut tiap ngomongin harga naik, apalagi Pertamax. Terus ada yang nyeletuk, ""Tinggal beli Pertalite, kan? Gitu aja kok repot."" Nggak lihat apa antrean Pertalite sekarang sepanjang apa? Ini bukan cuma perkara pindah jenis bensin atau malas antre, hu-hu-hu https://t.co/ilJdf9liYs",mintang agak tersulut tiap ngomongin harga naik apalagi pertamax terus ada yang nyeletuk tinggal beli pertalite kan gitu aja kok repot nggak lihat apa antrean pertalite sekarang sepanjang apa ini bukan cuma perkara pindah jenis bensin atau malas antre hu hu hu,mintang agak tersulut tiap mengomongkan harga naik apalagi pertamax terus ada yang nyeletuk tinggal beli pertalite kan begitu saja kok repot enggak lihat apa antrean pertalite sekarang sepanjang apa ini bukan cuma perkara pindah jenis bensin atau malas antre hu hu hu,mintang sulut tiap omong harga naik pertamax terus nyeletuk tinggal beli pertalite kan repot enggak lihat apa antre pertalite sekarang panjang apa bukan cuma perkara pindah jenis bensin malas antre hu hu hu
2071839719953244497,Tue Jun 30 06:14:16 +0000 2026,Blue Candle,bluecandleway,"Untuk pengguna Pertamax, setelah harganya naik mana yang kamu lakukan? 😏",untuk pengguna pertamax setelah harganya naik mana yang kamu lakukan,untuk pengguna pertamax setelah harganya naik mana yang kamu lakukan,guna pertamax harga naik mana kamu laku
2071825043408240882,Tue Jun 30 05:15:57 +0000 2026,CNBC Indonesia,cnbcindonesia,"DPR: Harga BBM Pertamax Saat Ini Belum Full Harga Keekonomian
https://t.co/B2AQzAzXu1",dpr harga bbm pertamax saat ini belum full harga keekonomian,dpr harga bbm pertamax saat ini belum full harga keekonomian,dpr harga bbm pertamax full harga ekonomi
2071819408893460507,Tue Jun 30 04:53:34 +0000 2026,Serambi Indonesia,serambinews,"""Kita lihat saja. Kita juga harus fair dong. Pada saat harga minyak lagi naik dua bulan lebih, hampir tiga bowling, kan enggak kita naikkan (Pertamax). Masa baru naik 2-3 minggu, teman-teman sudah tanya itu,"" ujar Bahlil  
https://t.co/cn19DMhFVn",kita lihat saja kita juga harus fair dong pada saat harga minyak lagi naik dua bulan lebih hampir tiga bowling kan enggak kita naikkan pertamax masa baru naik minggu teman teman sudah tanya itu ujar bahlil,kita lihat saja kita juga harus fair dong pada saat harga minyak lagi naik dua bulan lebih hampir tiga bowling kan enggak kita naikkan pertamax masa baru naik minggu teman teman sudah tanya itu ujar bahlil,lihat fair dong harga minyak naik bulan lebih hampir tiga bowling kan enggak naik pertamax masa baru naik minggu teman teman tanya ujar bahlil
2071808209388777680,Tue Jun 30 04:09:04 +0000 2026,Kompas.com,kompascom,"Baca selengkapnya: https://t.co/bQdTlr37tT

Menurut Menteri ESDM Bahlil Lahadalia, penilaian terhadap harga pertamax harus adil. 

Sebab, ketika harga minyak dunia naik selama hampir tiga bulan dan harga Pertamax tidak dinaikkan, pemerintah juga tidak banyak mendapat pertanyaan. https://t.co/GmGjVFvwJh",baca selengkapnya menurut menteri esdm bahlil lahadalia penilaian terhadap harga pertamax harus adil sebab ketika harga minyak dunia naik selama hampir tiga bulan dan harga pertamax tidak dinaikkan pemerintah juga tidak banyak mendapat pertanyaan,baca selengkapnya menurut menteri esdm bahlil lahadalia penilaian terhadap harga pertamax harus adil sebab ketika harga minyak dunia naik selama hampir tiga bulan dan harga pertamax tidak dinaikkan pemerintah juga tidak banyak mendapat pertanyaan,baca lengkap menteri esdm bahlil lahadalia nilai harga pertamax adil harga minyak dunia naik lama hampir tiga bulan harga pertamax naik perintah banyak dapat tanya
2071802498969633122,Tue Jun 30 03:46:22 +0000 2026,Marcell 🪿,mieayamdulu1,"lagian aneh

kudunya moment elu naikin harga pas minyak dunia ny lagi naik jg dong. jd ketika waktu itu minyak dunia naik dan pertamax naik, elu tinggal lip service aja penyebab nya. lah sekarang wajar lah org pada nanya kpn turun org minyak dunianya udh turun. kocakkkk kocak",lagian aneh kudunya moment elu naikin harga pas minyak dunia ny lagi naik jg dong jd ketika waktu itu minyak dunia naik dan pertamax naik elu tinggal lip service aja penyebab nya lah sekarang wajar lah org pada nanya kpn turun org minyak dunianya udh turun kocakkkk kocak,lagian aneh kudunya moment lu naikin harga pas minyak dunia nya lagi naik juga dong jadi ketika waktu itu minyak dunia naik dan pertamax naik lu tinggal lip service saja penyebab nya lah sekarang wajar lah orang pada bertanya kapan turun orang minyak dunianya sudah turun kocakkkk kocak,lagi aneh kudu moment lu naikin harga pas minyak dunia nya naik dong jadi waktu minyak dunia naik pertamax naik lu tinggal lip service sebab nya lah sekarang wajar lah orang tanya kapan turun orang minyak dunia turun kocakkkk kocak
2071773846454345807,Tue Jun 30 01:52:31 +0000 2026,Crimson Hags,JokoHQ,"Ya bener. Harga minyak mulai terbang di bulan Maret, tp harga pertamax baru naik di Juni.",ya bener harga minyak mulai terbang di bulan maret tp harga pertamax baru naik di juni,ya benar harga minyak mulai terbang di bulan maret tapi harga pertamax baru naik di juni,benar harga minyak mulai terbang bulan maret harga pertamax baru naik juni
2071755148154847314,Tue Jun 30 00:38:13 +0000 2026,Banjarmasin Post,banjarmasinpost,"Daftar Harga BBM Terbaru Hari Ini 30 Juni 2026, Kans Turun di Awal Juli, Cek Pertamax hingga Pertalite di Kalsel
 
https://t.co/GmihV7Tega lewat @tribunnews",daftar harga bbm terbaru hari ini juni kans turun di awal juli cek pertamax hingga pertalite di kalsel lewat,daftar harga bbm terbaru hari ini juni kans turun di awal juli cek pertamax hingga pertalite di kalsel lewat,daftar harga bbm baru hari juni kans turun awal juli cek pertamax hingga pertalite kalsel lewat
2071747563234140521,Tue Jun 30 00:08:04 +0000 2026,Kompas.com,kompascom,"Baca di sini: https://t.co/Wu5pc15V06

Menteri ESDM Bahlil Lahadalia meminta publik bersikap adil terkait harga Pertamax yang belum turun, dengan menegaskan pemerintah sebelumnya juga menahan kenaikan harga BBM non-subsidi selama harga minyak dunia melonjak akibat gejolak https://t.co/M3qvg78K7o",baca di sini menteri esdm bahlil lahadalia meminta publik bersikap adil terkait harga pertamax yang belum turun dengan menegaskan pemerintah sebelumnya juga menahan kenaikan harga bbm non subsidi selama harga minyak dunia melonjak akibat gejolak,baca di sini menteri esdm bahlil lahadalia meminta publik bersikap adil terkait harga pertamax yang belum turun dengan menegaskan pemerintah sebelumnya juga menahan kenaikan harga bbm non subsidi selama harga minyak dunia melonjak akibat gejolak,baca sini menteri esdm bahlil lahadalia minta publik sikap adil kait harga pertamax turun tegas perintah belum tahan naik harga bbm non subsidi lama harga minyak dunia lonjak akibat gejolak
2071745720571646382,Tue Jun 30 00:00:45 +0000 2026,KONTAN NEWS,KontanNews,"⛽ Harga Pertamax naik
💵 Rupiah melemah sehingga memicu imported inflation
🥬 Harga pangan masih meningkat
✈️ Mobilitas selama libur sekolah ikut mendorong permintaan transportasi, restoran, hingga pariwisata.",harga pertamax naik rupiah melemah sehingga memicu imported inflation harga pangan masih meningkat mobilitas selama libur sekolah ikut mendorong permintaan transportasi restoran hingga pariwisata,harga pertamax naik rupiah melemah sehingga memicu imported inflation harga pangan masih meningkat mobilitas selama libur sekolah ikut mendorong permintaan transportasi restoran hingga pariwisata,harga pertamax naik rupiah lemah picu imported inflation harga pangan tingkat mobilitas lama libur sekolah ikut dorong minta transportasi restoran hingga pariwisata
2071623357762818179,Mon Jun 29 15:54:32 +0000 2026,The Duck Wizard🧙‍♂️🪄,dewey__________,"@boxxtoc minta fair tapi gak mau nurunin, keamrin yang jumawa bilang kalau gak butuh naik siapa?? ketika udah turun gak mau nurunin harga pertamax ah bolu pencetan",minta fair tapi gak mau nurunin keamrin yang jumawa bilang kalau gak butuh naik siapa ketika udah turun gak mau nurunin harga pertamax ah bolu pencetan,meminta fair tapi enggak mau nurunin keamrin yang jumawa bilang kalau enggak butuh naik siapa ketika sudah turun enggak mau nurunin harga pertamax ah bolu pencetan,minta fair enggak mau nurunin keamrin jumawa bilang kalau enggak butuh naik siapa turun enggak mau nurunin harga pertamax ah bolu pencet
2071580474968084591,Mon Jun 29 13:04:07 +0000 2026,🙃 Kucing Lapar 🧶,Brahim_maldini,"@boxxtoc Listrik mati dia...
Pertamax naik dia..
Pertalite dibatasi satu line..
Dia ‼️ https://t.co/ymgiwuuJAV",listrik mati dia pertamax naik dia pertalite dibatasi satu line dia,listrik mati dia pertamax naik dia pertalite dibatasi satu line dia,listrik mati pertamax naik pertalite batas satu line
2071572492662305135,Mon Jun 29 12:32:24 +0000 2026,🥀,boxxtoc,"Bahlil: “minyak dunia naik 2/ 3bulan yang lalu, tp BBM tidak kita naikan”

Nah goblok banget sih, itukan udah kerjaan pejabat pemerintahan, gaji pejabat juga dari rakyat, lagian Bahlil juga janji pertamax turun bulan depan, ini pas ditanyain malah ngamok🤮🤮",bahlil minyak dunia naik bulan yang lalu tp bbm tidak kita naikan nah goblok banget sih itukan udah kerjaan pejabat pemerintahan gaji pejabat juga dari rakyat lagian bahlil juga janji pertamax turun bulan depan ini pas ditanyain malah ngamok,bahlil minyak dunia naik bulan yang lalu tapi bbm tidak kita naikan nah goblok banget sih itukan sudah pekerjaan pejabat pemerintahan gaji pejabat juga dari rakyat lagian bahlil juga janji pertamax turun bulan depan ini pas ditanyain malah ngamok,bahlil minyak dunia naik bulan lalu bbm naik nah goblok banget itu kerja jabat perintah gaji jabat rakyat lagi bahlil janji pertamax turun bulan depan pas ditanyain malah ngamok
2071568118346870841,Mon Jun 29 12:15:01 +0000 2026,inilahcom,inilahdotcom,"Turunnya harga minyak dunia ke level US$70-US$73 per barel, membuka peluang turunnya harga bahan bakar minyak (BBM) jenis Pertamax (RON 92) ikut turun.

Tapi, bagaimana respons Menteri Energi dan Sumber Daya Mineral (ESDM), Bahlil Lahadalia?

Baca selengkapnya di InilahCom:",turunnya harga minyak dunia ke level us us per barel membuka peluang turunnya harga bahan bakar minyak bbm jenis pertamax ron ikut turun tapi bagaimana respons menteri energi dan sumber daya mineral esdm bahlil lahadalia baca selengkapnya di inilahcom,turunnya harga minyak dunia ke level us us per barel membuka peluang turunnya harga bahan bakar minyak bbm jenis pertamax ron ikut turun tapi bagaimana respons menteri energi dan sumber daya mineral esdm bahlil lahadalia baca selengkapnya di inilahcom,turun harga minyak dunia level us us per barel buka peluang turun harga bahan bakar minyak bbm jenis pertamax ron ikut turun bagaimana respons menteri energi sumber daya mineral esdm bahlil lahadalia baca lengkap inilahcom
2071567223228182899,Mon Jun 29 12:11:28 +0000 2026,🥀,boxxtoc,"Bahlil ngamuk ditanyain kapan harga pertamax turun

“minyak dunia naik 2/ 3 bulan kemarin harga BBM tidak kita naikan, sekarang Pertamax naik baru 2/ 3 minggu udah di tanya kapan turun”

We are finished, Bahlil lupa gajinya berasal dari mana, gaya sok sok an lagi🤮🤮 https://t.co/8DhxhedaNX",bahlil ngamuk ditanyain kapan harga pertamax turun minyak dunia naik bulan kemarin harga bbm tidak kita naikan sekarang pertamax naik baru minggu udah di tanya kapan turun we are finished bahlil lupa gajinya berasal dari mana gaya sok sok an lagi,bahlil ngamuk ditanyain kapan harga pertamax turun minyak dunia naik bulan kemarin harga bbm tidak kita naikan sekarang pertamax naik baru minggu sudah di tanya kapan turun we are finished bahlil lupa gajinya berasal dari mana gaya sok sok an lagi,bahlil ngamuk ditanyain kapan harga pertamax turun minyak dunia naik bulan kemarin harga bbm naik sekarang pertamax naik baru minggu tanya kapan turun we are finished bahlil lupa gaji asal mana gaya sok sok an
2071560211362623929,Mon Jun 29 11:43:36 +0000 2026,txtwarga cibinong,cibinongpeople,@sosmedkeras Banyak yg setelah berbangga debat ngebela pemerintah pas datang ke pom bensin liat harga pertamax nangis juga 😂,banyak yg setelah berbangga debat ngebela pemerintah pas datang ke pom bensin liat harga pertamax nangis juga,banyak yang setelah berbangga debat membela pemerintah pas datang ke pom bensin lihat harga pertamax menangis juga,banyak bangga debat bela perintah pas datang pom bensin lihat harga pertamax menang
2071555569962381798,Mon Jun 29 11:25:10 +0000 2026,Tanyarl 💚,tanyakanrl,"💚 pokoknya temen kerja ini tau kejahatan dan buruknya 02, tapi dia tetep pilih katanya 01 cuma pinter ngomong dan 03 gak jelas. Tapi pertamax naik, apa-apa mahal rewel juga tapi tetep gak nyesel katanya wkwk https://t.co/PpQ4W8cPIw",pokoknya temen kerja ini tau kejahatan dan buruknya tapi dia tetep pilih katanya cuma pinter ngomong dan gak jelas tapi pertamax naik apa apa mahal rewel juga tapi tetep gak nyesel katanya wkwk,pokoknya teman kerja ini tau kejahatan dan buruknya tapi dia tetap pilih katanya cuma pintar mengomong dan enggak jelas tapi pertamax naik apa apa mahal rewel juga tapi tetap enggak menyesal katanya wkwk,pokok teman kerja tau jahat buruk tetap pilih kata cuma pintar omong enggak jelas pertamax naik apa apa mahal rewel tetap enggak sesal kata wkwk
2071543080415797372,Mon Jun 29 10:35:32 +0000 2026,kale,kalistohenituse,"JUST IN: Bahlil Emosi dan Tegur Wartawan Usai Tanya ""Kapan Harga Pertamax/BBM Nonsubsidi Turun?"" https://t.co/LxJkqMQceZ",just in bahlil emosi dan tegur wartawan usai tanya kapan harga pertamax bbm nonsubsidi turun,just ini bahlil emosi dan tegur wartawan usai tanya kapan harga pertamax bbm nonsubsidi turun,just bahlil emosi tegur wartawan usai tanya kapan harga pertamax bbm nonsubsidi turun
2071504610062451194,Mon Jun 29 08:02:40 +0000 2026,Padang Galir,ubegebe1,Pertamax gimana Boss @bahlillahadalia ? Harga minyak mentah udah 69 loh,pertamax gimana boss harga minyak mentah udah loh,pertamax bagaimana bos harga minyak mentah sudah loh,pertamax bagaimana bos harga minyak mentah
2071377473271701515,Sun Jun 28 23:37:28 +0000 2026,Banjarmasin Post,banjarmasinpost,"Daftar Harga BBM Terbaru Hari Ini Senin 29 Juni 2026: Pertamax Naik Drastis, Warga Kalsel Ramai-ramai Pindah ke Pertalite
 
https://t.co/gBsBdKU2tl lewat @tribunnews",daftar harga bbm terbaru hari ini senin juni pertamax naik drastis warga kalsel ramai ramai pindah ke pertalite lewat,daftar harga bbm terbaru hari ini senin juni pertamax naik drastis warga kalsel ramai ramai pindah ke pertalite lewat,daftar harga bbm baru hari senin juni pertamax naik drastis warga kalsel ramai ramai pindah pertalite lewat
2071355009342832792,Sun Jun 28 22:08:12 +0000 2026,hikari | 真贋相愛,koganenohikari,"Bonek setuju banyak keracunan MBG itu bukan masalah, jadi MBG wajib ttp dijalankan

Bonek setuju kalo harga pertamax naik bukan salah bahlil, tp karena kondisi selat hormuz

Bonek setuju kalo peserta meninggal di Latsarmil KDMP cuma Takdir Allah, bkn kesalahan panitia

ngene ta?",bonek setuju banyak keracunan mbg itu bukan masalah jadi mbg wajib ttp dijalankan bonek setuju kalo harga pertamax naik bukan salah bahlil tp karena kondisi selat hormuz bonek setuju kalo peserta meninggal di latsarmil kdmp cuma takdir allah bkn kesalahan panitia ngene ta,bonek setuju banyak keracunan mbak itu bukan masalah jadi mbak wajib tetap dijalankan bonek setuju kalo harga pertamax naik bukan salah bahlil tapi karena kondisi selat hormuz bonek setuju kalo peserta meninggal di latsarmil kdmp cuma takdir allah bukan kesalahan panitia ngene ta,bonek tuju banyak racun mbak bukan masalah jadi mbak wajib tetap jalan bonek tuju harga pertamax naik bukan salah bahlil kondisi selat hormuz bonek tuju serta tinggal latsarmil kdmp cuma takdir allah bukan salah panitia ngene ta
2071313223572423071,Sun Jun 28 19:22:10 +0000 2026,Pak Djoko Wareg,AkatsukiAlpha88,"Berapa sih living cost Jakarta "" nyaman"" buat ber 2 versi aku yaa..( apart milik sendiri)
1.Belanja mingguan sayur+buah 1 jt ( 1 bulan 4 jt/ brlanja di Allfresh) 
2.Belanja Ayam frozen tempe tahu 1 bulan siap masak, 1.5 jt ( pesen online ke Dapur Rongkah) 08122496364 3.Belanja https://t.co/90fjbmXYlS",berapa sih living cost jakarta nyaman buat ber versi aku yaa apart milik sendiri belanja mingguan sayur buah jt bulan jt brlanja di allfresh belanja ayam frozen tempe tahu bulan siap masak jt pesen online ke dapur rongkah belanja,berapa sih living cost jakarta nyaman buat ber versi aku ya apart milik sendiri belanja mingguan sayur buah juta bulan juta brlanja di allfresh belanja ayam frozen tempe tahu bulan siap masak juta pesan online ke dapur rongkah belanja,berapa living cost jakarta nyaman buat ber versi aku apart milik sendiri belanja minggu sayur buah juta bulan juta brlanja allfresh belanja ayam frozen tempe tahu bulan siap masak juta pesan online dapur rong belanja
2071229365002846527,Sun Jun 28 13:48:56 +0000 2026,GAMEOVERPOST,Tangankanancuan,"Jika semisal:🤔🤔🤔🤔

1.Rupiah kembali membaik ke Rp 10.000/ dollar
2. Harga Sembako kembali stabil
3. MBG diberhentikan
4. Kopdes Merah Putih diperbaiki sistemnya. yang dikota mendistribusikan hasil bumi pedesaan dan didesa menjual keperluan petani dan peternak.
5.janji 19 juta https://t.co/iF4O6JiFOU",jika semisal rupiah kembali membaik ke rp dollar harga sembako kembali stabil mbg diberhentikan kopdes merah putih diperbaiki sistemnya yang dikota mendistribusikan hasil bumi pedesaan dan didesa menjual keperluan petani dan peternak janji juta,jika semisal rupiah kembali membaik ke rp dollar harga sembako kembali stabil mbak diberhentikan kopdes merah putih diperbaiki sistemnya yang dikota mendistribusikan hasil bumi pedesaan dan didesa menjual keperluan petani dan peternak janji juta,misal rupiah baik rp dollar harga sembako stabil mbak henti kopdes merah putih baik sistem kota distribusi hasil bumi desa desa jual perlu tani ternak janji juta
2071221889272614967,Sun Jun 28 13:19:14 +0000 2026,司怀熙,SiHuaixi,"@tanyakanrl Ga cuman naik tpi juga langka, ini aku lgi pulang kan ke rumah ortu yg emg jauh bgt dri pusat kota. Minyak sm beberapa bahan jdi langka. Beras jadi 100k an, minyak naik selisihnya bisa 20kan, pertamax beli 3 liter aja udh 50kan, dan brng2 lainnya jg pd naik benciii bgtt sumpah.",ga cuman naik tpi juga langka ini aku lgi pulang kan ke rumah ortu yg emg jauh bgt dri pusat kota minyak sm beberapa bahan jdi langka beras jadi k an minyak naik selisihnya bisa kan pertamax beli liter aja udh kan dan brng lainnya jg pd naik benciii bgtt sumpah,enggak cuman naik tapi juga langka ini aku lagi pulang kan ke rumah orang tua yang memang jauh banget dari pusat kota minyak sama beberapa bahan jadi langka beras jadi ke an minyak naik selisihnya bisa kan pertamax beli liter saja sudah kan dan brng lainnya juga pada naik benciii banget sumpah,enggak cuman naik langka aku pulang kan rumah orang tua memang jauh banget pusat kota minyak sama beberapa bahan jadi langka beras jadi an minyak naik selisih kan pertamax beli liter kan brng lain naik benciii banget sumpah
2071203257364480192,Sun Jun 28 12:05:12 +0000 2026,Tanyarl 💚,tanyakanrl,"Beras naik, minyak naik, yang tadinya bensin beli pertamax beralih jadi pertalite. Kaum middle class emang akan dimiskinkan p3m3r1nt4h 😭 💚 https://t.co/y6zqczEFqG",beras naik minyak naik yang tadinya bensin beli pertamax beralih jadi pertalite kaum middle class emang akan dimiskinkan pmrnth,beras naik minyak naik yang tadinya bensin beli pertamax beralih jadi pertalite kaum middle class memang akan dimiskinkan pmrnth,beras naik minyak naik tadi bensin beli pertamax alih jadi pertalite kaum middle class memang miskin pmrnth
2071190972604817713,Sun Jun 28 11:16:23 +0000 2026,Sanrya.ETH,peraiuu78,"Kenapa BBM non-subsidi naik 2x dalam sebulan?
• Perang Israel-Iran  minyak dunia melonjak ke $89/barel
• Pertamina menyesuaikan harga Pertamax: Rp12.300 menjadi Rp16.250/liter
• IHSG ikut tertekan, minggu ini sudah -3,8%
Ini bukan kebijakan sembarangan  tapi dampaknya tetap https://t.co/334Aky1fDU",kenapa bbm non subsidi naik x dalam sebulan perang israel iran minyak dunia melonjak ke barel pertamina menyesuaikan harga pertamax rp menjadi rp liter ihsg ikut tertekan minggu ini sudah ini bukan kebijakan sembarangan tapi dampaknya tetap,kenapa bbm non subsidi naik kali dalam sebulan perang israel iran minyak dunia melonjak ke barel pertamina menyesuaikan harga pertamax rp menjadi rp liter ihsg ikut tertekan minggu ini sudah ini bukan kebijakan sembarangan tapi dampaknya tetap,bbm non subsidi naik kali bulan perang israel iran minyak dunia lonjak barel pertamina sesuai harga pertamax rp jadi rp liter ihsg ikut tekan minggu bukan bijak sembarang dampak tetap
2071134895670538375,Sun Jun 28 07:33:33 +0000 2026,Deru,kangderu,"Punya mobil sekarang puyengnya triple😭
- Pertamax naik 30%
- Oli Shell naik 35%
- Gaji naik 0%

Mesin mobil jadi adem, dompetnya yang malah kering 😅 https://t.co/avRfnWwZPp",punya mobil sekarang puyengnya triple pertamax naik oli shell naik gaji naik mesin mobil jadi adem dompetnya yang malah kering,punya mobil sekarang puyengnya triple pertamax naik oli shell naik gaji naik mesin mobil jadi adem dompetnya yang malah kering,punya mobil sekarang puyeng triple pertamax naik oli shell naik gaji naik mesin mobil jadi adem dompet malah kering
2071119740010127860,Sun Jun 28 06:33:20 +0000 2026,R,wamadone,"Sayangnya, kanebo cuma bisa dipake buat bersihin kotoran. 
Kanebo ga bisa dipake buat membersihkan program makan yang buang-buang anggaran, menghapus pelatihan program koperasi yang sudah makan korban dan ga bisa dipake buat mengelap air mata karena pertamax naik harga.",sayangnya kanebo cuma bisa dipake buat bersihin kotoran kanebo ga bisa dipake buat membersihkan program makan yang buang buang anggaran menghapus pelatihan program koperasi yang sudah makan korban dan ga bisa dipake buat mengelap air mata karena pertamax naik harga,sayangnya kanebo cuma bisa dipakai buat bersihin kotoran kanebo enggak bisa dipakai buat membersihkan program makan yang buang buang anggaran menghapus pelatihan program koperasi yang sudah makan korban dan enggak bisa dipakai buat mengelap air mata karena pertamax naik harga,sayang kanebo cuma pakai buat bersihin kotor kanebo enggak pakai buat bersih program makan buang buang anggar hapus latih program koperasi makan korban enggak pakai buat kelap air mata pertamax naik harga
2071099336679948722,Sun Jun 28 05:12:15 +0000 2026,Dimar,dimarsasongko98,"@kangdede78 oke sampewn sudah akui: Surya ojol tidak minta subsidi.
Poin itu selesai. Terima kasih.

Argumen baru: Pemilik Mercy tidak teriak-teriak soal harga.

Betul. Kenaikan 32% buat pemilik Mercy = receh.

Buat ojol = jam kerja yang harus ditambah hari itu juga.

Diam bukan tanda",oke sampewn sudah akui surya ojol tidak minta subsidi poin itu selesai terima kasih argumen baru pemilik mercy tidak teriak teriak soal harga betul kenaikan buat pemilik mercy receh buat ojol jam kerja yang harus ditambah hari itu juga diam bukan tanda,oke sampewn sudah akui surya ojol tidak meminta subsidi poin itu selesai terima kasih argumen baru pemilik mercy tidak teriak teriak soal harga betul kenaikan buat pemilik mercy receh buat ojol jam kerja yang harus ditambah hari itu juga diam bukan tanda,oke sampewn aku surya ojol minta subsidi poin selesai terima kasih argumen baru milik mercy teriak teriak soal harga betul naik buat milik mercy receh buat ojol jam kerja tambah hari diam bukan tanda
2071092612623130791,Sun Jun 28 04:45:32 +0000 2026,Dede Budhyarto,kangdede78,"@dimarsasongko98 Surya ojol tidak minta subsidi Pertamax, itu benar. Dia bayar nonsubsidi full price.

Tapi pertanyaan baliknya:
Menteri bilang “malu dikitlah” itu ditujukan ke siapa? Ke Surya yang ojol? Tidak.

Menteri Bahlil bicara ke pemilik mobil Mercy, Innova Crysta, Fortuner, atau yg",surya ojol tidak minta subsidi pertamax itu benar dia bayar nonsubsidi full price tapi pertanyaan baliknya menteri bilang malu dikitlah itu ditujukan ke siapa ke surya yang ojol tidak menteri bahlil bicara ke pemilik mobil mercy innova crysta fortuner atau yg,surya ojol tidak meminta subsidi pertamax itu benar dia bayar nonsubsidi full price tapi pertanyaan baliknya menteri bilang malu dikitlah itu ditujukan ke siapa ke surya yang ojol tidak menteri bahlil bicara ke pemilik mobil mercy innova crysta fortuner atau yang,surya ojol minta subsidi pertamax benar bayar nonsubsidi full price tanya balik menteri bilang malu dikit tuju siapa surya ojol menteri bahlil bicara milik mobil mercy innova crysta fortuner
2071081898454249818,Sun Jun 28 04:02:58 +0000 2026,Romi Saputra,putrapostdaily,"Harga bahan bakar minyak (BBM) nonsubsidi kembali mengalami penyesuaian pada Juni 2026. Sejumlah produk BBM, terutama dari lini Pertamax series, tercatat mengalami kenaikan cukup signifikan

https://t.co/XsY78UsYO1",harga bahan bakar minyak bbm nonsubsidi kembali mengalami penyesuaian pada juni sejumlah produk bbm terutama dari lini pertamax series tercatat mengalami kenaikan cukup signifikan,harga bahan bakar minyak bbm nonsubsidi kembali mengalami penyesuaian pada juni sejumlah produk bbm terutama dari lini pertamax series tercatat mengalami kenaikan cukup signifikan,harga bahan bakar minyak bbm nonsubsidi alami sesuai juni jumlah produk bbm utama lini pertamax series catat alami naik cukup signifikan
2071068995705557232,Sun Jun 28 03:11:41 +0000 2026,マスタード？,gurudokkan88,@Darryl_Wezy Sebelum pertamax naik masih ada sate ayam 10 tusuk pake lontong cuma 15 rb dan rasanya ga aneh. Ga tau skrg msh dijual segitu apa ngga,sebelum pertamax naik masih ada sate ayam tusuk pake lontong cuma rb dan rasanya ga aneh ga tau skrg msh dijual segitu apa ngga,sebelum pertamax naik masih ada sate ayam tusuk pakai lontong cuma ribu dan rasanya enggak aneh enggak tau sekarang masih dijual segitu apa enggak,pertamax naik sate ayam tusuk pakai lontong cuma ribu rasa enggak aneh enggak tau sekarang jual segitu apa enggak
2071010794960298331,Sat Jun 27 23:20:25 +0000 2026,頑張って,aie_zizou,"@IDGoonerscom bener minrak, semenjak Pertamax naik koq jadi rada lesu begini ekonomi 😔",bener minrak semenjak pertamax naik koq jadi rada lesu begini ekonomi,benar minrak semenjak pertamax naik kok jadi rada lesu begini ekonomi,benar minrak semenjak pertamax naik jadi rada lesu begini ekonomi
2070900177964327065,Sat Jun 27 16:00:52 +0000 2026,Julian,clevercoworker,"Keluhan warga RI akhir-akhir ini:

1. Mati lampu
2. Pertamax naik
3. Kena PHK
4. Dollar naik

Tag @frustream",keluhan warga ri akhir akhir ini mati lampu pertamax naik kena phk dollar naik tag,keluhan warga ri akhir akhir ini mati lampu pertamax naik kena phk dollar naik tag,keluh warga ri akhir akhir mati lampu pertamax naik kena phk dollar naik tag
2070899994941440010,Sat Jun 27 16:00:08 +0000 2026,keritingrambut 𐂂,bgkiting,Narasi sindiran keras untuk pengguna kendaraan yang komplain soal kenaikan harga Pertamax sedang ramai digoreng di linimasa. https://t.co/Qog1oW45rh,narasi sindiran keras untuk pengguna kendaraan yang komplain soal kenaikan harga pertamax sedang ramai digoreng di linimasa,narasi sindiran keras untuk pengguna kendaraan yang komplain soal kenaikan harga pertamax sedang ramai digoreng di linimasa,narasi sindir keras guna kendara komplain soal naik harga pertamax sedang ramai goreng linimasa
2070839735573270541,Sat Jun 27 12:00:41 +0000 2026,MsCappuchina🧡,Buuu_ngaaa,"Sebelum lo ngomong “emg kita pakai pertamax apa enggak”
Harusnya lo mikir , Kira kira Pertamax naik trus yg pake pertalite gak ngaruh gitu ?
Hadoh gema gemaaa , lo buzzer ya buzzer aja gausah kayak tau kehidupan masyarakat 

Master financial tapi otak nya gak se visioner anak smp https://t.co/cgNJ5Tbjek",sebelum lo ngomong emg kita pakai pertamax apa enggak harusnya lo mikir kira kira pertamax naik trus yg pake pertalite gak ngaruh gitu hadoh gema gemaaa lo buzzer ya buzzer aja gausah kayak tau kehidupan masyarakat master financial tapi otak nya gak se visioner anak smp,sebelum lo mengomong memang kita pakai pertamax apa enggak harusnya lo mikir kira kira pertamax naik terus yang pakai pertalite enggak ngaruh begitu hadoh gema gemaaa lo buzzer ya buzzer saja enggak usah kayak tau kehidupan masyarakat master financial tapi otak nya enggak se visioner anak sampai,lo omong memang pakai pertamax apa enggak harus lo mikir kira kira pertamax naik terus pakai pertalite enggak ngaruh hadoh gema gemaaa lo buzzer buzzer enggak usah kayak tau hidup masyarakat master financial otak nya enggak se visioner anak
2070778625356660909,Sat Jun 27 07:57:52 +0000 2026,Dede Budhyarto,kangdede78,"Pak @dimarsasongko98,
Menteri ESDM @bahlillahadalia bicara soal subsidi BBM yg seharusnya untuk rakyat kecil, bukan untuk yg naik Mercy nongkrong di mal sambil minta disubsidi. Itu poinnya.

Ojol memang banyak yg pakai Pertamax demi mesin awet, itu fakta. Tapi Pertamax itu kan",pak menteri esdm bicara soal subsidi bbm yg seharusnya untuk rakyat kecil bukan untuk yg naik mercy nongkrong di mal sambil minta disubsidi itu poinnya ojol memang banyak yg pakai pertamax demi mesin awet itu fakta tapi pertamax itu kan,pak menteri esdm bicara soal subsidi bbm yang seharusnya untuk rakyat kecil bukan untuk yang naik mercy nongkrong di mal sambil meminta disubsidi itu poinnya ojol memang banyak yang pakai pertamax demi mesin awet itu fakta tapi pertamax itu kan,pak menteri esdm bicara soal subsidi bbm rakyat kecil bukan naik mercy nongkrong mal minta subsidi poin ojol memang banyak pakai pertamax mesin awet fakta pertamax kan
2070735429113135517,Sat Jun 27 05:06:13 +0000 2026,Yuk Berisik,sharpandshark,Jika diturunkan jenis BBM nya misal Pertalite kondisi motor akan berdampak. Tetap beli Pertamax. Harganya sudah tidak seperti dulu lagi. Supaya kondisi kendaraan tetap prima ingin biaya perawatan tetap terjaga nilainya. Jika rusak tentu biaya perawatan akan mahal apalagi https://t.co/UlT0AGz9jg,jika diturunkan jenis bbm nya misal pertalite kondisi motor akan berdampak tetap beli pertamax harganya sudah tidak seperti dulu lagi supaya kondisi kendaraan tetap prima ingin biaya perawatan tetap terjaga nilainya jika rusak tentu biaya perawatan akan mahal apalagi,jika diturunkan jenis bbm nya misal pertalite kondisi motor akan berdampak tetap beli pertamax harganya sudah tidak seperti dulu lagi supaya kondisi kendaraan tetap prima ingin biaya perawatan tetap terjaga nilainya jika rusak tentu biaya perawatan akan mahal apalagi,turun jenis bbm nya misal pertalite kondisi motor dampak tetap beli pertamax harga dulu kondisi kendara tetap prima biaya awat tetap jaga nilai rusak biaya awat mahal
2070732634502939096,Sat Jun 27 04:55:07 +0000 2026,GAMEOVERPOST,Tangankanancuan,"Tadi Malem Habis Berantem Hebat
😤😤😤 
dengan suami masalah Belanja Harian&amp; mingguan. 😥😥😥
Suami selalu ngeluh kok dikasih 300 RB belanja ke pasar kagak pernah ada kembalian....
Eh suami ku ....kentutttt...
Semua pada naik
Pertamax naik..
Beras naik ...
Minyak goreng naik ... https://t.co/LdeD0Xo4cY",tadi malem habis berantem hebat dengan suami masalah belanja harian amp mingguan suami selalu ngeluh kok dikasih rb belanja ke pasar kagak pernah ada kembalian eh suami ku kentutttt semua pada naik pertamax naik beras naik minyak goreng naik,tadi malam habis berantem hebat dengan suami masalah belanja harian amp mingguan suami selalu ngeluh kok dikasih ribu belanja ke pasar kagak pernah ada kembalian eh suami ku kentutttt semua pada naik pertamax naik beras naik minyak goreng naik,tadi malam habis antem hebat suami masalah belanja hari minggu suami selalu ngeluh kasih ribu belanja pasar kagak pernah kembali eh suami ku kentutttt semua naik pertamax naik beras naik minyak goreng naik
2070720062785515965,Sat Jun 27 04:05:09 +0000 2026,Romi Saputra,putrapostdaily,"Harga BBM di SPBU Pertamina mengalami penyesuaian harga untuk jenis nonsubsidi, terutama Pertamax dan Pertamax Green. 

https://t.co/yLOWY5gsPa",harga bbm di spbu pertamina mengalami penyesuaian harga untuk jenis nonsubsidi terutama pertamax dan pertamax green,harga bbm di spbu pertamina mengalami penyesuaian harga untuk jenis nonsubsidi terutama pertamax dan pertamax green,harga bbm spbu pertamina alami sesuai harga jenis nonsubsidi utama pertamax pertamax green
2070712620982906958,Sat Jun 27 03:35:35 +0000 2026,sfhpy,SalimFarrah,Berapa persen yg naik mobil mercy pake pertamax itu dibandingkan yg pake kendaraan satu²nya buat cari penghidupan? Lagian pake mercy mah isinya pertamax turbo kali.,berapa persen yg naik mobil mercy pake pertamax itu dibandingkan yg pake kendaraan satu nya buat cari penghidupan lagian pake mercy mah isinya pertamax turbo kali,berapa persen yang naik mobil mercy pakai pertamax itu dibandingkan yang pakai kendaraan satu nya buat cari penghidupan lagian pakai mercy mah isinya pertamax turbo kali,berapa persen naik mobil mercy pakai pertamax banding pakai kendara satu nya buat cari hidup lagi pakai mercy mah isi pertamax turbo kali
2070684894498521131,Sat Jun 27 01:45:24 +0000 2026,Swalowww,swalowww,"@txtdrimedia yang disayangkan dari sensus ekonomi 2026

presiden yang suka berpidato ngelantur,
kondisi indonesia yang sangat gelap, karena kebijakan buruk, 

MBG, Koperasi Merah Putih.
IHSG yang drop, Rupiah Melemah Dolar meroket, 
Harga Pertamax naik gila gilaan

yang menimbulkan
lonjakan",yang disayangkan dari sensus ekonomi presiden yang suka berpidato ngelantur kondisi indonesia yang sangat gelap karena kebijakan buruk mbg koperasi merah putih ihsg yang drop rupiah melemah dolar meroket harga pertamax naik gila gilaan yang menimbulkan lonjakan,yang disayangkan dari sensus ekonomi presiden yang suka berpidato ngelantur kondisi indonesia yang sangat gelap karena kebijakan buruk mbak koperasi merah putih ihsg yang drop rupiah melemah dolar meroket harga pertamax naik gila gilaan yang menimbulkan lonjakan,sayang sensus ekonomi presiden suka pidato ngelantur kondisi indonesia sangat gelap bijak buruk mbak koperasi merah putih ihsg drop rupiah lemah dolar roket harga pertamax naik gila gila timbul lonjak
2070627204812431547,Fri Jun 26 21:56:10 +0000 2026,adnan,mandikecil,"menurutku sebenernya ya masuk akal aja, tp emg susah utk dijalani krn biaya jatuh cinta di indonesia tu mahal bgt.

ngedate pake kendaraan pribadi? pertamax mahal

beli pertalite? stoknya sering kosong

akhirnya? orang-orang tetep beli pertamax.

soalnya kalo mau beli ke spbu",menurutku sebenernya ya masuk akal aja tp emg susah utk dijalani krn biaya jatuh cinta di indonesia tu mahal bgt ngedate pake kendaraan pribadi pertamax mahal beli pertalite stoknya sering kosong akhirnya orang orang tetep beli pertamax soalnya kalo mau beli ke spbu,menurutku sebenarnya ya masuk akal saja tapi memang susah untuk dijalani karena biaya jatuh cinta di indonesia itu mahal banget ngedate pakai kendaraan pribadi pertamax mahal beli pertalite stoknya sering kosong akhirnya orang orang tetap beli pertamax soalnya kalo mau beli ke spbu,turut benar masuk akal memang susah jalan biaya jatuh cinta indonesia mahal banget ngedate pakai kendara pribadi pertamax mahal beli pertalite stok sering kosong akhir orang orang tetap beli pertamax soal mau beli spbu
2070588635607716325,Fri Jun 26 19:22:55 +0000 2026,Akai__,Mas__DiLL,"@dimarsasongko98 Make Pertamax naik nya ga ngotak make pertalite di motor rasanya ytta , Jancok Jancok . https://t.co/em2Sg3wuft",make pertamax naik nya ga ngotak make pertalite di motor rasanya ytta jancok jancok,memakai pertamax naik nya enggak ngotak memakai pertalite di motor rasanya ytta jancok jancok,pakai pertamax naik nya enggak ngotak pakai pertalite motor rasa ytta jancok jancok
2070549747493130465,Fri Jun 26 16:48:23 +0000 2026,Haye Targaryen,_haye_,"Kalau ga bisa bedain harga minyak mentah sama harga Pertamax kayanya mending ga usah belagak jadi komentator ekonomi.

Balik lagi aja jadi peliharaan Bahlil.",kalau ga bisa bedain harga minyak mentah sama harga pertamax kayanya mending ga usah belagak jadi komentator ekonomi balik lagi aja jadi peliharaan bahlil,kalau enggak bisa membedakan harga minyak mentah sama harga pertamax kayanya mending enggak usah belagak jadi komentator ekonomi balik lagi saja jadi peliharaan bahlil,kalau enggak beda harga minyak mentah sama harga pertamax kaya mending enggak usah bagak jadi komentator ekonomi balik jadi pelihara bahlil
2070532360622469305,Fri Jun 26 15:39:18 +0000 2026,Luna (rtrd/acc),iamretardio,"Banyak yang nanya, harga minyak dunia turun, kok harga BBM di Indonesia gak ikut turun? 

Ternyata sistemnya emang gak sesederhana yang kita bayangin. Aku coba rangkum biar kebayang :

1. Yang dipakai bukan harga minyak mentah.
Harga minyak yang kita lihat di berita itu minyak https://t.co/DYUL8DiKgC",banyak yang nanya harga minyak dunia turun kok harga bbm di indonesia gak ikut turun ternyata sistemnya emang gak sesederhana yang kita bayangin aku coba rangkum biar kebayang yang dipakai bukan harga minyak mentah harga minyak yang kita lihat di berita itu minyak,banyak yang bertanya harga minyak dunia turun kok harga bbm di indonesia enggak ikut turun ternyata sistemnya memang enggak sesederhana yang kita bayangkan aku coba rangkum biar terbayang yang dipakai bukan harga minyak mentah harga minyak yang kita lihat di berita itu minyak,banyak tanya harga minyak dunia turun harga bbm indonesia enggak ikut turun nyata sistem memang enggak sederhana bayang aku coba rangkum biar bayang pakai bukan harga minyak mentah harga minyak lihat berita minyak
2070521448742138046,Fri Jun 26 14:55:56 +0000 2026,Salima; Majene-Gane-Kaur 🌶️,QueenImaIsBack,"Gue cuma BISA PAKAI Pertamax, daftar pertalite ga bisa bisa

While pendapatan ga naik naik yg naik malah kebutuhan dasar buat hidup 

Bangsatnya Pertamax di Sumatera 17000 nalah

Biadab! MANA SOLAR LANGKA 

BAJINGAN berjas berdasi dikit ini pernah ga COBA LIHAT TRUK BAWA kargo",gue cuma bisa pakai pertamax daftar pertalite ga bisa bisa while pendapatan ga naik naik yg naik malah kebutuhan dasar buat hidup bangsatnya pertamax di sumatera nalah biadab mana solar langka bajingan berjas berdasi dikit ini pernah ga coba lihat truk bawa kargo,gue cuma bisa pakai pertamax daftar pertalite enggak bisa bisa while pendapatan enggak naik naik yang naik malah kebutuhan dasar buat hidup bangsatnya pertamax di sumatera nalah biadab mana solar langka bajingan berjas berdasi dikit ini pernah enggak coba lihat truk bawa kargo,gue cuma pakai pertamax daftar pertalite enggak while dapat enggak naik naik naik malah butuh dasar buat hidup bangsat pertamax sumatera nalah biadab mana solar langka bajing jas das dikit pernah enggak coba lihat truk bawa kargo
2070514437480710325,Fri Jun 26 14:28:04 +0000 2026,youdon'tevenknowme,fat_dinos,"@dimarsasongko98 Sebelum Pertamax naik, sy beli nasi goreng pinggir jalan dimana2 15 rb seporsi. Paling ada 1-2 yg 16 rb. Setelah naik sy beli di 3 tempat berbeda, 1 harga 17 rb, 2 harga 16 rb. Sepele sih naiknya cm 1-2 ribu, tp kan yg naik bukan nasgor aja",sebelum pertamax naik sy beli nasi goreng pinggir jalan dimana rb seporsi paling ada yg rb setelah naik sy beli di tempat berbeda harga rb harga rb sepele sih naiknya cm ribu tp kan yg naik bukan nasgor aja,sebelum pertamax naik saya beli nasi goreng pinggir jalan dimana ribu seporsi paling ada yang ribu setelah naik saya beli di tempat berbeda harga ribu harga ribu sepele sih naiknya cuma ribu tapi kan yang naik bukan nasgor saja,pertamax naik beli nasi goreng pinggir jalan ribu porsi paling ribu naik beli tempat beda harga ribu harga ribu sepele naik cuma ribu kan naik bukan nasgor
2070497498674913735,Fri Jun 26 13:20:46 +0000 2026,Setopan Kahiji,setopankahiji,@dimarsasongko98 Aku pemakai BP. BP 92 harga nya ngga beda jauh ma pertamax yg Ron nya sama 92. Kok bisa2 nya pertamina bilang pertamax di subsidi? Brarti BP 92 dan BP ultimate jg kena subsidi dr pemerintah? Bingung aku jd nya..,aku pemakai bp bp harga nya ngga beda jauh ma pertamax yg ron nya sama kok bisa nya pertamina bilang pertamax di subsidi brarti bp dan bp ultimate jg kena subsidi dr pemerintah bingung aku jd nya,aku pemakai bp bp harga nya enggak beda jauh sama pertamax yang ron nya sama kok bisa nya pertamina bilang pertamax di subsidi berarti bp dan bp ultimate juga kena subsidi dari pemerintah bingung aku jadi nya,aku pakai bp bp harga nya enggak beda jauh sama pertamax ron nya sama nya pertamina bilang pertamax subsidi arti bp bp ultimate kena subsidi perintah bingung aku jadi nya
2070491392468828343,Fri Jun 26 12:56:30 +0000 2026,Weni,kuwenimango,"Setelah pengumuman kenaikan harga, baru kali ini beli pertamax. Bjirrrr kerasa bgt mahal nya 🤧",setelah pengumuman kenaikan harga baru kali ini beli pertamax bjirrrr kerasa bgt mahal nya,setelah pengumuman kenaikan harga baru kali ini beli pertamax bjirrrr kerasa banget mahal nya,umum naik harga baru kali beli pertamax bjirrrr rasa banget mahal nya
2070442916670325175,Fri Jun 26 09:43:52 +0000 2026,alfin rizal,alfinrizalisme,@tempodotco awas aja kalau pertamax gak turun harga!,awas aja kalau pertamax gak turun harga,awas saja kalau pertamax enggak turun harga,awas kalau pertamax enggak turun harga
2070435349554512087,Fri Jun 26 09:13:48 +0000 2026,Satire Post Indonesia,SatirePostID,"Tebak mana yang turun duluan, harga pertamax atau prabowo 😹",tebak mana yang turun duluan harga pertamax atau prabowo,tebak mana yang turun duluan harga pertamax atau prabowo,tebak mana turun duluan harga pertamax prabowo
2070418633428517002,Fri Jun 26 08:07:23 +0000 2026,Romi Saputra,putrapostdaily,"Pemerintah dan PT Pertamina (Persero) mencatat harga untuk sejumlah produk BBM nonsubsidi pada 26 Juni 2026 yang berdampak pada tarif Pertamax, Pertamax Green, dan seri Dex di berbagai provinsi.

https://t.co/CjefBNoRvQ",pemerintah dan pt pertamina persero mencatat harga untuk sejumlah produk bbm nonsubsidi pada juni yang berdampak pada tarif pertamax pertamax green dan seri dex di berbagai provinsi,pemerintah dan pt pertamina persero mencatat harga untuk sejumlah produk bbm nonsubsidi pada juni yang berdampak pada tarif pertamax pertamax green dan seri dex di berbagai provinsi,perintah pt pertamina persero catat harga jumlah produk bbm nonsubsidi juni dampak tarif pertamax pertamax green seri dex bagai provinsi
2070416159460221293,Fri Jun 26 07:57:33 +0000 2026,Bukan Inspirator,CapyzenFC,"@dimarsasongko98 Bahlil bilang ""malu dikit"" ke yang pake Mercy. Padahal ojol pake Pertamax karena mesin injeksi rusak kalo Pertalite. 
Kerja 7 jam ekstra cuma buat nutup selisih harga.  
Menteri kok nggak paham realita di jalan ya? 🤦‍♂️",bahlil bilang malu dikit ke yang pake mercy padahal ojol pake pertamax karena mesin injeksi rusak kalo pertalite kerja jam ekstra cuma buat nutup selisih harga menteri kok nggak paham realita di jalan ya,bahlil bilang malu dikit ke yang pakai mercy padahal ojol pakai pertamax karena mesin injeksi rusak kalo pertalite kerja jam ekstra cuma buat nutup selisih harga menteri kok enggak paham realita di jalan ya,bahlil bilang malu dikit pakai mercy padahal ojol pakai pertamax mesin injeksi rusak pertalite kerja jam ekstra cuma buat nutup selisih harga menteri enggak paham realita jalan
