tweet_id,created_at,user_name,screen_name,text,favorite_count,retweet_count
2078313073333633057,Sat Jul 18 02:57:04 +0000 2026,Kotaro Mieyamin,belalangsemprul,"@farisrachman_1 Ikut2an komentar ttg BI
Gak ngitung dampak ekonomi saat Pertamax naik
Gak paham utak Atik SAL harus sepengetahuan DPR

Kurang kacau apa cb",1,0
2078285843618484353,Sat Jul 18 01:08:52 +0000 2026,Bloomberg Technoz,BloombergTZ,"Ekonom Fitra Badiul Hadi menilai antrean dan kelangkaan Pertalite di Sumatra menunjukkan lemahnya perencanaan distribusi Pertamina dalam mengantisipasi lonjakan permintaan setelah kenaikan harga Pertamax.

Simak selengkapnya: https://t.co/ToiOm0e3B9 https://t.co/QZoXjqzwV2",3,0
2078285224249811434,Sat Jul 18 01:06:24 +0000 2026,NISANI🍑,adamnisani07,@CarolineLukita @tanyarlfes Sebelumnya kan pertalit oplosan ron tidak sesuai jadi pada beralih ke pertamax sebelum naik harga,0,0
2078264224665460766,Fri Jul 17 23:42:58 +0000 2026,helloliz,dreamy_lofoten,Ga normal sebelum Pertamax turun harga 💀,0,0
2078260861244993833,Fri Jul 17 23:29:36 +0000 2026,chocomochi🐾,maharanisvt_,"@tanyarlfes Iya nder di sumatera kmrn aku naik bis nyari solar susah bgt, sekalinya ada pom antrian panjang ngekor bgt sampe berjam2 disitu bahkan ada yg nginep jg. Pas aku sampe jawa ya hampir sama bedanya ini pertalite antrian panjang bgt, sampe buru2 akhirnya ngisi pertamax",0,0
2078248983122874630,Fri Jul 17 22:42:24 +0000 2026,Daeng Sampara 2,nasranmaarif963,@tekarok007 Morowali gas melon 3 kilo masih diangka 120.000... pertalite setengah botol 15.000 padahal perasaan yg naik pertamax dah....,0,0
2078247093966361070,Fri Jul 17 22:34:53 +0000 2026,Kylo Ren(dra),renkyloren28,"Pertamax naik jadi 16.250 beneran berasa anjirr. Motor beat klo lgi kerja biasa ngisi 20rb udh dapet 1,5 ltr awet smpe H+1, skrg 25rb baru dapet 1,5 ltr. Motor satu lagi tangki lebih gede 5 ltr isi ron 92 full bisa 80 ribuan, untung jarang dipake😭",0,0
2078241424869630439,Fri Jul 17 22:12:22 +0000 2026,Muji Afianto,MujiAfianto,"Gue langganan Pertamax
Sejak harga Pertamax naik, perasaan kayak boros banget
Padahal pemakaian normal
😡🤯",0,0
2078177890248913107,Fri Jul 17 17:59:54 +0000 2026,annie 𓅮,bebekhermes,@limttel wkwkw dulu pas belom naik pertamax aku sering beli by tapi pas naik pertamax dan harga ayam jdi mikir😭😭🤣🙏🏻,0,0
2078140089448931483,Fri Jul 17 15:29:41 +0000 2026,Lulusan Segar,sipalingbacot,"@Jateng_Twit di spbu gua biasa ngisi emg terjadi shifting sih, dulu sblm pertamax naik, yg ngantri pertamax banyak dan pertalite lebih banyak, skrg yg ngisi pertamax sepi tapi pertalite lebih banyak dari sebelumnya",2,0
2078135781126988099,Fri Jul 17 15:12:34 +0000 2026,al,b1ancasbf,"“Pertalite sedang dalam perjalanan.” That’s fucking crazy. Pertamax naik, orang-orang pakai Pertalite, Pertalite langka, Pertamax opsi terakhir (mau gak mau), mitra untung, eceran untung 👍🏻.",0,0
2078129757850648946,Fri Jul 17 14:48:38 +0000 2026,SmwGwOto,SmwGwOto,"Memasuki pekan ketiga Juli, harga Pertalite, Pertamax, dan Solar masih mengacu pada penyesuaian yang berlaku sejak awal bulan, sehingga belum ada kenaikan maupun penurunan harga baru.",1,0
2078117225849061486,Fri Jul 17 13:58:50 +0000 2026,BUAYABARAT,SARANGBUAYAZ,"Malaysia Klaim Bensin RON 95 Lebih Murah dari Arab Saudi, Begini Penjelasannya

Harga bahan bakar di Malaysia kembali menjadi sorotan setelah beredar informasi bahwa bensin RON 95 di negeri jiran dijual sekitar 1,99 ringgit per liter, atau setara sekitar Rp8.800 per liter https://t.co/I11azmr1nK",1,0
2078104116505743411,Fri Jul 17 13:06:45 +0000 2026,Buddhis Garis Lucu (centang biru),BuddhisGL,"@lindalindu14 Odol jadi sebutan pasta gigi karena muncul dari masyarakat. Ga mungkin dari produsen mau menyatakan merek mereka dengan sebutan odol

Patin fillet disebut dori oleh yang jual supaya bisa ngangkat harga,
Kenapa mereka ga sebut patin fillet sejak awal?

Kasus odol karena persepsi",0,0
2078081068050337839,Fri Jul 17 11:35:10 +0000 2026,MAD*,suka2diriku,resmi terdampak harga pertamax https://t.co/tXrSqJtJDl,2,0
2078066265734906136,Fri Jul 17 10:36:21 +0000 2026,The Fool Insight,foolinsights,"Tanggal 8 November 2023 Pak Prabowo berbicara soal berbagai subsidi termasuk pendidikan, layanan kesehatan dan BBM di forum CNBC. 

Beliau ngomong dengan sangat percaya diri seolah-olah memberikan harapan bagi rakyat. Tapi, sampai saat ini keadaan negara justru makin parah dan https://t.co/hKqgUD05xa",20,10
2078056049450582040,Fri Jul 17 09:55:45 +0000 2026,Bass𓆡,abcdefvck_0,"Kabarnya kalo pertamax naik,
Kalo kabar kamu gimana??",4,0
2078037992615145950,Fri Jul 17 08:44:00 +0000 2026,🦄,auroaroraa,"POV kamu warga kota minyak tapi harus menghabiskan 1 podcast Raditya Dika alias satu jam buat antri isi pertalite.
Semenjak pertamax naik antrian pertalite di SPBU makin gak masuk akal mau motor atau mobil. :"""""" https://t.co/fSIkRT5Qek",1,0
2078013715543433260,Fri Jul 17 07:07:32 +0000 2026,RAF,adxraboy,"mana ada kemaren komen seorang influenser tolol
""demo demo karena pertamax naik, kaya make pertamax aja""",0,0
2078012093438341128,Fri Jul 17 07:01:05 +0000 2026,‏ً,liverpyul,"same goes to girlies who said that they like jude or szobo or siapapun deh, kayak biarin aja ga sih??? emang harga pertamax bakal turun kalo lu perangin hal remeh kayak gini? julid aja dah",0,0
2077998669220200753,Fri Jul 17 06:07:44 +0000 2026,Embun Pagi💧💧,_riverheaven,@Roebanie Antri pertalite...sejak kebaikan Pertamax ganti harga pemandangan seperti ini kerap terjadi,0,0
2077991867225170088,Fri Jul 17 05:40:43 +0000 2026,Luxqyy,luxxxqy,@duta_crypto Real bang dut. Disini harga Pertalite eceran 15rb Pertamax. 20-25rb per liter.,0,0
2077987791011742192,Fri Jul 17 05:24:31 +0000 2026,Mamat Beceng,mamangkabilator,"@Heraloebss Tapi kalo dipelosok masih ada pertalite gara2 mereka, rakyat juga sih yg terbantu. Bayangkan harga pertamax di pelosok itu jadi harga brp? Ini pendapat pribadi ya",0,0
2077986296325107984,Fri Jul 17 05:18:34 +0000 2026,Sendi Sina,nadiemin,"@pecintareybahan iya, naik dikit aja masih lebih murah dari Pertamax kita. beda jauh",0,0
2077974932542341618,Fri Jul 17 04:33:25 +0000 2026,pecintarebahan,pecintareybahan,"BREAKING: BBM Malaysia Naik, tapi RON 95 Tetap Lebih Murah dari Pertamax

Pemerintah Malaysia kembali menyesuaikan harga BBM non-subsidi untuk pekan ini. Meski mengalami kenaikan, harga bensin RON 95 di Malaysia masih lebih murah dibanding Pertamax (RON 92) di Indonesia. Harga",1,0
2077965797901697338,Fri Jul 17 03:57:07 +0000 2026,Kompas.com,kompascom,"Baca di sini: https://t.co/usNROcdAHH 

PT Pertamina Patra Niaga mengungkap terjadinya perubahan pola konsumsi masyarakat dari BBM non-subsidi ke subsidi. Konsumsi Pertamax series tercatat naik 18 persen sejak dilakukan penyesuaian harga BBM non-subsidi.

~KR #PolaKonsumsiBBM https://t.co/dQArBvfo5i",1,0
2077962610775847015,Fri Jul 17 03:44:27 +0000 2026,gom,WidyawatiPuji,"@KarunaNilamm @Heraloebss Nah benar, semenjak ngekos dideket spbu meski sll antri panjang &amp; sering habis tp rasanya lbh mudah daripada pas didesa jrg bisa pake pertalite &amp; harga pertamax udah 20k lbh, krn desaku ke spbu 30km, itu udh termasuk dekat malahan",0,0
2077959997137506335,Fri Jul 17 03:34:04 +0000 2026,Farid,faridraje,"@StefanAntonio__ Bagaimana dg yg tertulis di nota pembelian pertalite di pertamina, harga pertalite lebih tinggi dr pertamax seblm disubsidi?",0,0
2077944042714026219,Fri Jul 17 02:30:40 +0000 2026,Bandar Baru,bandarbaru_1,"dan ini adalah domino effect: orang beralih ke Pertalite akibat tarif BBM non-subsidi (Pertamax, dst.) naik dan makin mahal, sementara ekonomi dan pendapatan masyarakat gitu-gitu aja tidak ada kenaikan signifikan, dan situasi ekonomi semakin mencekek mereka.",0,0
2077931241933099231,Fri Jul 17 01:39:48 +0000 2026,Kevin Geraldhy,GerraldKevin,@konoholicx Semenjak Pertamax naik sih jd rame ni SPBU,0,0
2077914953458307255,Fri Jul 17 00:35:05 +0000 2026,Kursi Pojok Atas,kursipojokatas,"@LambeSahamjja Dibilang panic buying, padahal banyak orang cuma kabur dari harga Pertamax yang makin ga napak tanah. Dompet menjerit, Pertalite jadi pelabuhan terakhir",0,0
2077887249518096712,Thu Jul 16 22:45:00 +0000 2026,Cek Beritanya,Cekberitanya,"Benarkah pertamax turun jadi Rp10.500 per liter??

Faktanya, Menteri ESDM tidak pernah mengumumkan penurunan harga Pertamax. Hingga kini, Pertamina Patra Niaga belum merilis harga BBM nonsubsidi terbaru.

Baca selengkapnya:
https://t.co/BBQ6jNRWGS https://t.co/twFES5oFdE",0,0
2077883427542716889,Thu Jul 16 22:29:48 +0000 2026,istrinya suami,5Disayanginjun,"in this economy, dimana harga pertamax naik, worth it ga ya dari Pati ke Dieng motoran?? 
pls ingin melihat salju",0,0
2077807989797605686,Thu Jul 16 17:30:03 +0000 2026,Ian elaelo,nyangtyunnie,komuk yjh kyk abis liat harga Pertamax,1,0
2077798139835105546,Thu Jul 16 16:50:54 +0000 2026,Harian Jogja,Harian_Jogja,Penjualan Pertamax Anjlok 18 Persen Seusai Harga BBM Naik https://t.co/gucbdvVwqj,0,0
2077788916472828010,Thu Jul 16 16:14:15 +0000 2026,융 ☽̶☾ 🌻🍒,loey_yoong,"Sudah dibilang lagu mbg lagu kiamat, my little bolu ketan my ass. 
Sampe hari ni antrian bbm masih panjang bahkan pertamax pun. Di pertamibi pertalite sampe harga 18rb/l ngalahin pertamax",0,0
2077774906658611350,Thu Jul 16 15:18:35 +0000 2026,tia 🌙⋆⁺⋆fuma's black hair⋆⁺⋆,muratatafuma,"@silvravile + kalo 16k itu harga pertamax
kalo 18k itu satu dollar🙂‍↔️🙂‍↔️",1,0
2077752566285566321,Thu Jul 16 13:49:49 +0000 2026,Panggil aja || Mas Steff,StefanAntonio__,".
.
Gua kalau Pemerintah bilang stok 15 hari ..
Otak gua langsung kasi Diskon paling banter stok cuma bisa 10 hari

Ini Antrian Pertalite udah makin panjang itu bukan cuma di Sumatra ya Om Bolu Ketan ..

SPBU Pertamina di Jakarta juga udah makin mengular antrian Pertalitenya .. https://t.co/D6dmxpiZsb",107,46
2077751898002874769,Thu Jul 16 13:47:09 +0000 2026,aca,nasimaduu,"balikin harga pertamax kyk sebelumnya, biasanya gw isi 50k masih ada kembalian dah full tank eehh ini 50k ga full hdeehhhh males",0,0
2077730083855630615,Thu Jul 16 12:20:29 +0000 2026,Trend Asia,TrendAsia_Org,"Sadar nggak sih, tiap kali ada kebijakan atau pidato jayen yang bikin kita keblinger, timeline malah penuh meme?

Harga Pertamax naik? Meme.
Pejabat ngomong “ndasmu”? Meme.
Pelatihan militer buat jaga toko? Meme
Aturan baru bikin pusing? Meme.

Bahkan kadang, sebelum media https://t.co/lkoCvcvb0v",1,0
2077727700333343093,Thu Jul 16 12:11:00 +0000 2026,Veritas Research,VeritasRsc,"IRAN THREATENS SECOND GLOBAL ENERGY CHOKEPOINT

Ancaman Hormuz Jilid Dua di Bab el-Mandeb — Aman Nggak Sih Indonesia?

Iran dilaporkan udah nyuruh Houthi di Yaman siap-siap tutup Bab el-Mandeb kalau AS terus nyerang infrastruktur Iran — artinya dua jalur ekspor minyak utama Timur",0,0
2077727199206293942,Thu Jul 16 12:09:01 +0000 2026,aya🍀,syashana,@Novit_aa Ya gimana ya kak semua ini salah pemerintah gara2 pertamax naik ya semua ke pertalite😭,0,0
2077726580626075922,Thu Jul 16 12:06:33 +0000 2026,Maxime,gagitutem,@kalistohenituse Mana yang bilang “yang naik kan pertamax. Ga bakal ngaruh ke kehidupan kita orang biasa” pengen gua toyor pala nya pake kapak,0,0
2077724221946601575,Thu Jul 16 11:57:11 +0000 2026,murau,Vanadiagfrn,@txtdrimedia Makan noh yang ngebandingin harga pertamax sama bensin di luar negeri waktu kenaikan harga kmrn.. bela terus junjungan lo yang payah itu,2,0
2077718217460760973,Thu Jul 16 11:33:19 +0000 2026,damnimuraw🍉,whypagung,@txtdrimedia Diantara mereka ada yang bilang “pertamax cuman naik 4ribu aja koar koar” ga ya?,0,0
2077705548099924191,Thu Jul 16 10:42:59 +0000 2026,SaadillahAkbar,akb2703,"@Prg_rizkayy @thejurgenholic Si jerigen yang bikin pertamax naik, gebukin aja lah dia",0,0
2077699590145605693,Thu Jul 16 10:19:18 +0000 2026,Chris,ChrisGrat14,"Klo Iran ngambek, harga pertamax ga turun setahun keknya.",0,0
2077658906457997638,Thu Jul 16 07:37:38 +0000 2026,Kompas Otomotif,KompasOtomotif,"Meski belum berdampak besar, Mazda mengakui kenaikan harga Pertamax memengaruhi psikologis sebagian calon konsumennya. https://t.co/HGLbVVIWaJ",0,0
2077656091954139300,Thu Jul 16 07:26:27 +0000 2026,Nunaaa ❤️🖤,semurbetawi_,"Pemandangan yg biasa di Kalimantan wkwkwk.. Ini buat nimbun atau dijual lagi, jd buat yg umum sering bgt ga kebagian. Jd mau ga mau beli di mereka yg jual dieceran, harga pertalite seliter 16rb, pertamax 19-20rb 😂",1,1
2077647493073137944,Thu Jul 16 06:52:17 +0000 2026,Imad,Imade_kun,"Tolong buat pihak @pertamina tolong di cek SPBU Pondok Bambu 34.134.02 takarannya ga sesuai dengan apa yang keluar.

Saya udah 4x beli di sana Pertamax dengan harga Rp30.000 dan isi nya ga sesuai. Beda sama SPBU Pertamina Jatiwaringin 34.13.603 yang takarannya jauh lebih baik.",1,0
2077637066087866418,Thu Jul 16 06:10:51 +0000 2026,keke.,cattokeke,@txtdrimedia akun yg kmrn bilang demo harga pertamax naik itu belain org kaya mana ya????? pgn say hi aja sih,1,0
2077621772338462930,Thu Jul 16 05:10:05 +0000 2026,Pandekaminang,Pandekaminang49,@NenkMonica BuzzeRp bego bilang yg naik pertamax ga ngaruh ke pertalite. Pemikiran mereka mana nyampe.,13,2
2077615145820582318,Thu Jul 16 04:43:45 +0000 2026,OKE!,DiDiDon_,"@txtdrimedia kemarin pas pertamax naik juga narasinya, ""selagi bukan pertalite yang naik gapapa, lagian juga pertamax untuk orang kaya"". ga lama dari narasi itu, kejadian. dibantuin demo, malah dikatain. yaudalah, dinyanyiin aja lagi lagu MBG nya",13,2
2077613072198549874,Thu Jul 16 04:35:31 +0000 2026,xyz,deannial_,"Isi pertamax 50rb cuman naik 4-5 strip, pertalit isi 50rb keisi full masih kembali seribu...",1,0
2077612073757086001,Thu Jul 16 04:31:33 +0000 2026,Helm Proyek,Innosensius_,@menbrrr Awal pertamax naik sudah diprediksi bakalan langka Pertalite. Malah langka semua sekarang. Sebenarnya pemerintah kerja apa sih?,0,0
2077609936973103198,Thu Jul 16 04:23:03 +0000 2026,Indos FC,IndosFC,@rekaarrahmat Kalau hidup mau naik terus jadi pertamax aja.. Ahahahah,0,0
2077597445891256640,Thu Jul 16 03:33:25 +0000 2026,opentherain,carcadevalliora,Beneran pertamax naik trus pertalite abis ya ampun,0,0
2077590680667668915,Thu Jul 16 03:06:32 +0000 2026,Nejio,Nejioll,"@LambeSahamjja udah keliatan dari mereka naekin harga Pertamax, naekin jauh banget seolah olah yang beli Pertamax kategori orang punya, lama lama pertalite di bikin langka biar pada beli Pertamax, lalu pertalite di hilangin",0,0
2077585449326120960,Thu Jul 16 02:45:45 +0000 2026,Chocomalt,ChocomaltMacha,"Ujian hidup jadi WNI:

1. Uang nyangkut di saham / cutloss
2. USDIDR 18k
3. BI Rate naik, yang dampaknya bisa ke cicilan KPR (biasanya) tapi kalau fixed rate mahhh amaannn
4. Em be ge
5. Ko-p-des
6. Pertamax naik, pertalite ngantrik bahkan ada yg kosong

Sekarang ditambah ini",1,0
2077572815700848860,Thu Jul 16 01:55:33 +0000 2026,Hari SB,harisubangkit,"@ardisatriawan sumpah stuck di angka 18 ribu gaes, rupiah gak ada harga dirinya. harga pertamax kagak turun-turun. harga telor mulai naik lagi since embege kembali beroperasi. harga ayam balik naik. yang turun cuma kepercayaan masyarakat.",4,0
2077556268353671249,Thu Jul 16 00:49:48 +0000 2026,DiaryTrader,WOLF_of_IHSG,"Memasuki hari ke sekian; hampir genap 1 pekan, BBM masih langka di kota Medan.

Antrian di SPBU membludak.
Semua berebut bbm khususnya pertalite.

Pagi ini situasi semakin parah.
Ternyata persoalan ini belum juga diselesaikan.

Terpantau berbagai pom mini pun terpaksa tutup; https://t.co/4eT9mRlHZD",12,6
2077552871739159021,Thu Jul 16 00:36:18 +0000 2026,Maria A. Alkaff,MariaAlkaff_,"Diembargo, disanksi puluhan tahun, jurnalis internasional sekaligus aktivis senior Muhammad Husein Gaza menyaksikan langsung di lokasi betapa murahnya harga BBM di Iran. 

Sc: gazaupdate 
——

Apa Konoha harus diembargo dulu supaya apa-apa jadi murah? 
Itu bensin special setara https://t.co/nd8spZcSYU",391,237
2077515337625751924,Wed Jul 15 22:07:09 +0000 2026,mil,rahello234,@hortensiahalu @naivarian Bandung  gini wkwkwk mana kl kabupaten gk ada swasta adapun tutup krn pertamax naik nya gk masuk akal,2,0
2077485822119657686,Wed Jul 15 20:09:52 +0000 2026,Hazel,Haye_SMESME,"@karirfess Skenarionya udah lama dibocorin kok:
Harga pertamax dinaikin-&gt;Pertalite dibikin langka-&gt;Rakyat dipaksa beli pertamax-&gt;Pemasukan pertamina meningkat tapi ujung-ujungnya tetep rugi karena duitnya entah kemana",0,0
2077433888465719561,Wed Jul 15 16:43:30 +0000 2026,Hall,saharuuuuuuuu,"udah 4 pom/spbu yg biasa gue datengin di tangerang sini (gading serpong &amp; legok) pertalite nya pada habis busett, apakah akan mulai jadi langka ni pertalite, jadi mau ga mau pada pindah pake pertamax yg udh naik bgt ituu huftt",0,0
2077425556636016854,Wed Jul 15 16:10:24 +0000 2026,find dy/dx,ktokbolong,"@MuhadklyAcho di malaysia standard bensin oktan 92 bahkan sampe 97 aja kalah telak pak, mana roun 97 sm kyk harga pertamax kan b4b1 ya",0,0
2077393432373539271,Wed Jul 15 14:02:45 +0000 2026,Tubagus Siswadi W,tb_siswadi,"@faizcazika Kenapa ya skrg jadi antri banget , awal awal pertamax naik kayanya ga gini",0,0
2077378442841202850,Wed Jul 15 13:03:11 +0000 2026,ᶜⁱᶜᵃᵍ ᵈⁱ ᴰⁱⁿᵈⁱⁿᵍ,creeping5ilence,"Melihat situasi begini, harusnya kalo.punya malu - Pejabat yg menangani ini mundur !!

Kelangkaan BBM jenis Pertalite di sejumlah SPBU Kota Medan memaksa warga mengantre hingga dini hari untuk membeli Pertamax dengan harga lebih mahal

Kelangkaan solar bersubsidi di Palembang dan https://t.co/E4qXIL4al2",108,81
2077367767397978492,Wed Jul 15 12:20:46 +0000 2026,🪼🪼 | dah daftar wisudahh,lumnisolace,"monyet Mio ku dulu full Pertamax 30/35 sekarang 50 anjriiiiiitttttt. Day 1 isi bensin, terakhir ngisi 2 hari sebelum pengumuman Pertamax naik",0,0
2077350945164550508,Wed Jul 15 11:13:55 +0000 2026,francisca r a t n a 🖖,fransiratna,"Tiap isi bbm, hati kayak diiris-iris. Sampai curhat sama petugasnya, ternyata dia juga mengeluh. ""Iya mbak, apalagi saya juga pakai pertamax. Beda tarikannya kalau udah biasa pertamax ganti pertalite."" 

Makan tuh ikutin harga minyak dunia.",0,0
2077350148439695603,Wed Jul 15 11:10:45 +0000 2026,vi🍒,bakuldimsum_,"Bahlil bajingan.
Buzzer kontol.
Buzzer paham ga efek pertamax naik, pengguna pertamax beralih ke pertalite??? https://t.co/LS1slw6a1r",510,103
2077349449643512219,Wed Jul 15 11:07:58 +0000 2026,Satriarangkabaja,buleariief,"@zalkad Karna BBM langka,mobil yang biasa nya isi pertamax jadi isi pertalit dampak pertamax 16250",1,0
2077340734752264434,Wed Jul 15 10:33:20 +0000 2026,🐟🍉🌺🐝🍯🐈,hanif_aa,"Mohon maaf rekan-rekan yang budiman. Berkat kenaikan harga Pertamax bulan lalu, hampir semua kalangan dirugikan. Termasuk aku yang antre Pertalite dari pinggir jalan. Ada kali 20 menit antre gini doang. https://t.co/wey8mIf9mY",4,0
2077336586073842021,Wed Jul 15 10:16:51 +0000 2026,herlina sihotang,HerlinaSihotang,Biasa isi Pertamax utk motor 50 rb dah fulteng td cuma naik 3kotak aja 😏😏,1,0
2077329812881023275,Wed Jul 15 09:49:56 +0000 2026,Utama Dima,utamadima,CRV juga ngisi pertalite abis pertamax naik wkwk https://t.co/LE3XXQkgqH,0,0
2077296869223625030,Wed Jul 15 07:39:02 +0000 2026,hendrie,hendrie_1985,"@indepenSumatera @bahlillahadalia Tidak hany adi Sumatera wak di Kab Bogor juga antrian sama seperti itu, itu karena memang pemerintah menaikan harga Pertamax sehingga konsumen beralih ke Pertalite dengan harga yg masih terjangkau itu sih intinya, tapi tetap saja kebijakan Pemerintah yg harus dikoreksi😃😀",1,0
2077295298800652750,Wed Jul 15 07:32:48 +0000 2026,Nind's 🌼,smurfette_92,"To 2019: Gw kasih tau lu ya, nanti di 2026 tuh
-Presiden lu wowo
-Wakilnya Gibran
-Dollar tembus 18rb lebih
-Pertamax 16.250
-Emas harga beli sampai 2 jutaan
-Jangan lupa mampir ke Cafe D'Clan Cipete iseng aja ketok2 dindingnya siapa tau bs dpt emas 74 kg https://t.co/rh3zdgJprB",5123,1249
2077279151111991556,Wed Jul 15 06:28:38 +0000 2026,riz.,oktadorable,"@karirfess Loh aku malah kemarin2 pas awal2 pertamax naik, aku nyari pertamax di daerah ku susah. Makanya ganti ke pertalite ya walauun antriannya panjang banget. Tapi keknyaa di sini enggak selangka itu deh pertalite",0,0
2077251538628862276,Wed Jul 15 04:38:54 +0000 2026,BACOT DATA 📊,bacotdata,"Jujur! Reporter kenapa jadi asbun gitu dah?! harusnya dia cukup bilang; ""pak Pur balikin lagi harga Pertalite/Pertamax jadi 6rb kan bisa barter sama harta sitaan Febrie klo masih kurang suruh KPK Kejaksaan Polri kerja lebih serius lagi nangkepin korup pejabat aparat",3,1
2077248234200903805,Wed Jul 15 04:25:47 +0000 2026,detik Sumut,detiksumut_,...kalangan komuter yang terpaksa merogoh kocek lebih dalam dari pengeluaran normal akibat disparitas harga Pertamax.,0,0
2077246631121227929,Wed Jul 15 04:19:24 +0000 2026,RIAUPAGI.COM,RiaupagiSurya,"Harga Pertalite, Pertamax Hingga Pertamina Dex Non Subsidi Resmi Turun Sejak 1 Juli 2026
https://t.co/X9m6PN5xA1",0,0
2077239968431542740,Wed Jul 15 03:52:56 +0000 2026,Baro Indra,Baroindra,@abanggwkoh ga turun turun ya harga pertamax,0,0
2077238766448607374,Wed Jul 15 03:48:09 +0000 2026,Bas,MrDchol,"Liat noh  yg antree pertalite rame bener, user yg tadinya make Pertamax pada pindah pertalite. 

Gak tau sih minyak dunia lagi turun apa naik, tapi yg pasti harga dollar masih tinggi 18rb.",0,0
2077230555238904202,Wed Jul 15 03:15:32 +0000 2026,Dyota,dytlksmn,"@LambeSahamjja Pertalite di subsidi harganya 10rb gap beda 2rban sm pertamax emg harga asli pertalite berapa sih?, knp gk subsidi pertamax aja dah",0,0
2077230297889017908,Wed Jul 15 03:14:30 +0000 2026,hanji,5semitone,"yg pernah bilang ""pertalite ngapain brisik kan yg naik pertamax"" ga ikhlas gw alias anjg lo",0,0
2077227420512633218,Wed Jul 15 03:03:04 +0000 2026,Itadori Household is a very happy family,ihavenoidea_5u,"bentar lgi pertamax yg langka

langka = harga naik lagi

emg rezim paling bajingan ya rezim prabs ini",0,0
2077226956899467638,Wed Jul 15 03:01:14 +0000 2026,kayie',milkyc0u,"ini harga Pertamax bakal turun atau gak sih?? pertalite dah langka jir, gila aja ecerannya 15k. mau ngantri di spbu tapi antriannya panjang bnget 😇👆",0,0
2077223740090503188,Wed Jul 15 02:48:27 +0000 2026,Teh Intan,IntanKintania,"@LambeSahamjja 7. IRT yang harga kebutuhannya naik lagi gara2 MBG
8. pengguna pertamax yg dinaikin Bahlil
9. para pengangguran yang dijanjiin 19 juta lap kerja
10. Standup comedian temennya pandji
11. Artis yang gak ditawarin jadi buzzer",0,0
2077213883245461956,Wed Jul 15 02:09:17 +0000 2026,Ladies,LadiesFile,"Intuisi Bulan Juli-Agustus 2026 :

1. Prabowo Jokowi Retak ✅
2. Inggris akan menang world cup
3. Fase Kemarau Panjang Agustus
4. NTT kekeringan
5. Lombok kekurangan air
6. IHSG merosot lagi
7.  Harga Pertamax di Manipulasi
8. Minyak dunia turun tajam

Ns : Harga Pertamax Curang",0,0
2077207978600800499,Wed Jul 15 01:45:49 +0000 2026,Kr,karirfess,"di ig tuh udah viral banget guys..

mengenai kelangkaan BBM terutama pertalite ya

di sini, kok belum rame ya🥲

intinya, pertalite tuh harganya emang gak naik, tapi syusaah dapetnya

di lapangan, banyak yg ngerasa, kesannya seolah2 dipaksa beli pertamax

di daerah kalian gimana?",230,14
2077200415264038938,Wed Jul 15 01:15:46 +0000 2026,ai,aokiznn,bisa ga sih harga bensin pertamax turun? sedih bener kalo mau jajan keinget hrs sisain duit yg lumayan buat isi bensin….anjirlah,0,0
2077198459103580369,Wed Jul 15 01:07:59 +0000 2026,gita,selebretty,@amarudss Naik yuk naik kayak Pertamax 🫣,0,0
2077191282791981471,Wed Jul 15 00:39:28 +0000 2026,Norman Prasetyo,normanprasetyo_,"@kkelelawarr @cringeboys_ @hnifoox @txtharihariWNI Wait kak? Bbm naik? Yg naik kan cuman pertamax, sedang kan ojol motor sama mobil rata² pake pertalite yg harga nya bertahan 10rb. Mobil yg mereka oake pun rata² lcgc yg bisa akses barcode subsidi dari pertamina",0,0
2077178734122311884,Tue Jul 14 23:49:36 +0000 2026,Ari Aditya,ari_aditya,"Pertalite akan langka
Jangan berharap harga Pertamax akan turun
Harga2 akan naik walau belum signifikan
Daya beli akan turun

Evaluasi kualitas kerja pemerintah &amp; BI",0,0
2077172880169918803,Tue Jul 14 23:26:21 +0000 2026,Tukang Baso,reggy120366,"@LambeSahamjja Kejadian ini sdh diduga pasti terjadi waktu pertamax naik.
Tiap bulan, ada aja ulah para oembantu president yg bikin dia terlihat makin memburuk citranya. Dan...kalian seolah ga berdaya @sjafriesjams @bang_dasco @Gerindra",0,0
2077169056009081148,Tue Jul 14 23:11:09 +0000 2026,upiil,supraoglek,"@andrsdwang @karirfess Masalahnya harga pertamax naik, kalo kayak sebelumnya pasti orang pada beralih ke pertamax dengan gampang. Contoh ngisi 4 liter aja udah beda 24rb dari isi pertalite.",0,0
2077139525118370259,Tue Jul 14 21:13:48 +0000 2026,Asia,uslfbh,"@Hidupsebagai62 Jangan lupa!!

kalau beli BBM non subsidi seperti pertamax, itu dipalakin juga

totalnya mungkin bisa hampir 20%

jadi kalau dulu harga Pertamax 12rb-an aslinya cuman 10rb-an, harga beti dg Pertalite yg di subsidi 

Kalau sekarang 16rb-an aslinya cuman 14rb-an https://t.co/sWr2v8RAdF",50,6
2077132485713088993,Tue Jul 14 20:45:50 +0000 2026,Cungkring,Cungkringg2,"@LambeSahamjja jgn kan sblm pertamax naik, di spbu daerah gue tiap jam 12 mlm tiba2 pertalite habis mulu, eh pas pagi jam 6 ada. apdahal kaga ngisi",0,0
2077109074228134023,Tue Jul 14 19:12:48 +0000 2026,Hapid,hapid_02,"@MiskinTV_ Biar apa sih pasang begituan?
Gak bakalan ngerubah harga pertamax.😤",0,0
2077103558181388461,Tue Jul 14 18:50:53 +0000 2026,The Ojol Guy,julian29135,"@csquad92_ Panic buying itumah, inget kan waktu pertamax naik ke 16 ribu?",0,0
2077096922872172678,Tue Jul 14 18:24:31 +0000 2026,Dimar,dimarsasongko98,"Pertamina: Pertalite-Pertamax-Solar langka di Medan karena ""libur sekolah bikin permintaan naik.""

Tapi warganet dari Tangsel, Aceh, sampai Bogor lapor hal serupa dalam beberapa hari terakhir.

Liburan sekolah itu tiap tahun ada, jadwalnya bahkan bisa diprediksi setahun",33,12
2077093824955126056,Tue Jul 14 18:12:13 +0000 2026,Ummu RaFa,EndangMD,"@aprabowoadi Saya sejak ditipu pertamina, beli pertamax ternyata kualitas pertalite, auto bikin barcode beralih ke pertalite. Isi pertamax kadang² aja. Sy punya temen sejak awal beli fortuner sebelum bbm naik, isi pakai bio solar terus.",0,0
2077068952916889945,Tue Jul 14 16:33:23 +0000 2026,Boom!💥,JimmYNWA_97,"@LambeSahamjja Lah di tempat gw kebalik, pusing Pertamax naik tinggi, lah kok kosong? Yaudah pake pertalite, walaupun hemat 20k tapi kasian banget motor gw, jalannya ngeden.",0,0
2077065291872539128,Tue Jul 14 16:18:50 +0000 2026,Ade Winandar,adewinandar,"udah 2 hari pertalite susah, banyak yg migrasi ke pertalite semenjak pertamax naik

hampir setiap hari dwifungsi jalan raya terjadi
selain tempat melintas kendaraan akhir akhir ini dipakai buat antri spbu",0,0
2077059146692907136,Tue Jul 14 15:54:25 +0000 2026,ko-ya,koyakraya,"115 untuk 13 hari, 94 untuk 13 hari juga, 112 berapa hari ya………. fak sejak pertamax naik ge jd ngitung bensin 💔💔💔",0,0
2077050384980545631,Tue Jul 14 15:19:36 +0000 2026,awann,ariira1_,@inimasburhan Efek Pertamax naik bg,1,0
2077048413049470989,Tue Jul 14 15:11:46 +0000 2026,Gina. kyo,Ginakyo2,@indepenSumatera @bahlillahadalia Pendukung wowokk yg bela habis2 waktu Pertamax naik kmrn mana neh ....lihat kan effect nya . Pertalite kosong   . Kau nikmatin lah hasilnya 🙃,1,0
2077048211366371531,Tue Jul 14 15:10:57 +0000 2026,𝓓𝓮𝓿 🍉,deevara10,"Perasaan beli Pertamax 27k berhari-hari ga abis-abis, bahkan ke Magelang nyampe Jogja lagi masih banyak.
Sekarang beli 20k cuma 2 hari dah abis.

Ohiya kan harga naik ☺️💔",0,0
2077044206623936612,Tue Jul 14 14:55:03 +0000 2026,zkdrwn,zkboom123,"@LambeSahamjja Tapi tapi kan yang naik pertamax untuk orang kaya, pertalite kan nggak naik, ngapain protes 🤣🤣🤣",0,0
2077034775899226530,Tue Jul 14 14:17:34 +0000 2026,mamiiiyyyaaah,mamiyahhh,effort di harga Pertamax naik 😭,2,0
2077030415769256320,Tue Jul 14 14:00:15 +0000 2026,miiii,mhmd241124,@notefromalice kurang tau tuh tapi pas pertamax naik pada ngantri tuh di pom,0,0
2077025660720341151,Tue Jul 14 13:41:21 +0000 2026,zei ˖ꫂ❁ 🐼,roaskyz,Kalo yang jaga gini pertamax harga berapa jg ttp gw beli https://t.co/vhkOPnAEH0,48,1
2077024814167101826,Tue Jul 14 13:37:59 +0000 2026,aull,rhl_aj,@Dhinwh_ ini ucan isi bensinnya pake pertamax turbo dah kayanya😭 soalnya yg naik smpe 4org😭😭,0,0
2077021501048627445,Tue Jul 14 13:24:49 +0000 2026,tututata,slordegh,"@LambeSahamjja Kata buzzer: yang naik kan pertamax, yg make pertamax kan org kaya
Yang miskin jgn protes, sama aja belain org kaya kalau protes
🤣🤣🤣",0,0
2077016647702138953,Tue Jul 14 13:05:32 +0000 2026,MR JADI,MRJADI355736,"@aprabowoadi @fajar_muttaqiin spbelum pertamax naik, dulu gratis urus barcode, entah skrg",0,0
2077005667437846843,Tue Jul 14 12:21:54 +0000 2026,bildon,bildon_,"@indepenSumatera @bahlillahadalia Deket rumah ada BP. Sebelum Pertamax atau setara Ron 92 naik, Bensin 92 nya BP termasuk laris penggemar. Jarang2 kan liat pom swasta antri mau isi bensin.

Setelah Pertamax dan setara Ron 92 naik, BP pun jadi agak sepi. Karena orang larinya ke Pertalite semua. 

Sekarang kalau",0,0
2076990489816084514,Tue Jul 14 11:21:36 +0000 2026,MasHer,HerPrast_,"@LambeSahamjja Kan yg naik pertamax, kalian yg protes kaya naik pertamax aja,

Ucap temanku yg udah gak pernah upate story lagi",94,2
2076988531503972778,Tue Jul 14 11:13:49 +0000 2026,mir,miraikzmr,"@LambeSahamjja Monyet tikotok 02 voter mana tuh yg bilang gak ngaruh pertamax naik
Mau marah tapi monyet tuh buzzer
Hadeh",2,0
2076984673255956962,Tue Jul 14 10:58:29 +0000 2026,rin rin rin rin,rinti19,"@dimarsasongko98 Sampai bikin jalan antar lintas yang cuma dia lajur itu macet hampir di setiap propinsi 
Harga BBM di tiap propinsi di Sumatera itu beda beda ya, kalau pertamax, di sumbar sama jambi 17 rb, di riau 16.650,di sumut 16.650(agak lupa), masih murah di Jawa...",0,0
2076977164311056895,Tue Jul 14 10:28:38 +0000 2026,shafina 🎀,shafinarooms,"@LambeSahamjja Harga emang nggak naik, tapi kalau stoknya sengaja dibikin langka, ujung2nya rakyat kecil yang harus keluar duit lebih buat pertamax. Modus halus namanya ini",0,0
2076977027924791604,Tue Jul 14 10:28:06 +0000 2026,beetalk,micinsedapgurih,"@txtdrimedia Alhamdulilah harga sembako turun, tinggal tunggu harga pertamax",0,0
2076976328126210445,Tue Jul 14 10:25:19 +0000 2026,arf,harmaxyn,@indepenSumatera Ini sudah diprediksi bakal terjadi setelah harga pertamax naik sih,3,0
2076973384878149961,Tue Jul 14 10:13:37 +0000 2026,TheRealTalk,Teaniverse,"Kemarin-kemarin masih aman pertamax gak antri. Lah hari ini  uda antri juga pertamax. Uda harga naik, ngantri pula. Berasa kaya banjir tahun lalu aja bah. Ini bbmnya pada kosong apa cemana ya bisa pada ngantri sampe panjang2 dan seharian 🤧

Ditempat kalian gimana guys, ngantri https://t.co/dCfOYEdPeq",2,0
2076971887465488476,Tue Jul 14 10:07:40 +0000 2026,Lambe Saham,LambeSahamjja,"curhatan ojol tentang BBM: 
- pertalite emang kagak naik
- tapi untuk beli bisa habis waktu sejam
- kadang nyoba ngisi subuh tapi kosong
- seolah olah mereka di paksa beli pertamax https://t.co/sb6k77SYGV",5036,1430
2076946239955030130,Tue Jul 14 08:25:46 +0000 2026,Boeloes Rahayoe,disantoso95,"Guys 

Baru saja di stasiun, ditawarin buat isi survey tentang BUMN2 nih, 
Ada di dalamnya ttg Pertamina, KCI, dll

Kita coba kasih saran perbaikan
Contohnya: 
- ya masa pertalite yg mulai langka bahkan Pertamax jg langka, 
- perbaikan lift penumpang di stasiun Parung Panjang https://t.co/hWeEuMlaM0",1,0
2076942850940670390,Tue Jul 14 08:12:18 +0000 2026,Rangkang Pie,beulangong174,"Harga BBM 13 Juli 2026, Pertamax Melambung, Buruh di Solo Terpaksa Antre Pertalite: Gaji Pas-pasan
 
https://t.co/jyQAU89gb1 via @tribunnews",0,0
2076921265492038130,Tue Jul 14 06:46:31 +0000 2026,MAFINDO,TurnBackHoax,"❌ Mulai Juli, Harga Pertamax Turun ke Rp12.800 per Liter 

✅ Konten palsu (fabricated content). Faktanya, daftar harga resmi BBM Pertamina per 1 Juli 2026 menunjukkan harga Pertamax masih berada di kisaran Rp16.250–Rp17.000 per liter, tergantung wilayah. 

🔗 Selengkapnya di https://t.co/ANRyHCDXra",0,0
2076908615936413715,Tue Jul 14 05:56:15 +0000 2026,Sendi Sina,nadiemin,"@kafka_____ emang iya, orang pada migrasi ke pertalite gara2 pertamax naik, stok langsung tipis",0,0
2076906169038414043,Tue Jul 14 05:46:32 +0000 2026,a snobbish sloth,kafka_____,"Kan sudah dibilang pelan2 akan semakin sulit, impact pengguna pertamax yg harga naik migrasi ke pertalite dan secara quantity juga (kemungkinan) berkurang",6,1
2076904819026207199,Tue Jul 14 05:41:10 +0000 2026,PolsekMedanKota,PolsekMdnKota,"*[MONITORING SPBU: POLSEK MEDAN KOTA MONITORING STOK BBM DI WILKUM POLSEK MEDAN KOTA]*

Personel Polsek Medan Kota laksanakan Monitoring ke SPBU di Wilkum Polsek Medan Kota.

*Yang dicek:*
1.  Ketersediaan Stok BBM: Pertalite, Pertamax, Solar
2.  Kesesuaian Harga dan Takaran BBM https://t.co/gdMVXve8jT",0,0
2076904759777518005,Tue Jul 14 05:40:56 +0000 2026,PolsekMedanKota,PolsekMdnKota,"*[MONITORING SPBU: POLSEK MEDAN KOTA MONITORING STOK BBM DI WILKUM POLSEK MEDAN KOTA]*

Personel Polsek Medan Kota laksanakan Monitoring ke SPBU di Wilkum Polsek Medan Kota.

*Yang dicek:*
1.  Ketersediaan Stok BBM: Pertalite, Pertamax, Solar
2.  Kesesuaian Harga dan Takaran BBM https://t.co/iLP3INBCBh",0,0
2076902051892645956,Tue Jul 14 05:30:10 +0000 2026,cece ☽̶☾,kaiyaagirll,"melihat huru hara antrian pertalite karena pertamax naik, semangat deh warga +62 https://t.co/NfKtv67D3i",11,1
2076901102692524540,Tue Jul 14 05:26:24 +0000 2026,berkahilahi,berkahilah14899,@JunaidiLei52033 @pertamina @bahlillahadalia @prabowo @AgusYudhoyono Dongkol sekali. Tidak apa2 Pertamax naik. Tapi lihat para bandit korupsi rasanya ga iklas banget rakyat kena pait mulu.,0,0
2076900597970919658,Tue Jul 14 05:24:24 +0000 2026,Sudut Pandang,_pandangsudut,@pecintareybahan Sebaiknya segera mendingin lagi. Udah capek harga Pertamax nggak turun-turun.,0,0
2076899576515268851,Tue Jul 14 05:20:20 +0000 2026,mir,miraikzmr,@txtdrbekasi Mana si anjing iq rendah yg bilang pertamax naik gak masalah soalnya buat orang kaya?,0,0
2076897236039196911,Tue Jul 14 05:11:02 +0000 2026,sectumsempra✨,yeorinnnnn_,"@txtdrbekasi Udah dari hari apa ini min, soalnya softselling biar yg dibeli si pertamax wkwwkkwk

Pengen liat deh yg kemaren teriak-teriak soal harga pertamax cuma segitu dll dan belain si bahlul bngt.",1,0
2076896388982649002,Tue Jul 14 05:07:40 +0000 2026,Ruang Publik Politik,rublikpol,"Pertamina Patra Niaga sendiri sebenarnya telah berupaya menahan harga jual Pertamax dalam waktu yang cukup lama demi menjaga daya beli masyarakat, meskipun harga perolehan impornya sudah melambung jauh melampaui harga jual eceran di SPBU.",1,0
2076896180748026014,Tue Jul 14 05:06:51 +0000 2026,Ruang Publik Politik,rublikpol,"Sebagai produk non-subsidi yang tidak mendapatkan bantuan fiskal dari pemerintah, penentuan harga Pertamax harus mengikuti mekanisme pasar.",1,0
2076896020538212701,Tue Jul 14 05:06:12 +0000 2026,Ruang Publik Politik,rublikpol,"Kondisi Geopolitik Global Memicu Melonjaknya Harga Pertamax

Lonjakan ini terjadi akibat eskalasi ketegangan geopolitik internasional, salah satunya dipicu oleh pecahnya konflik antara Israel dan Iran sejak awal tahun.",1,0
2076895605688021481,Tue Jul 14 05:04:33 +0000 2026,Ruang Publik Politik,rublikpol,"Pihaknya sendiri telah berupaya menahan harga jual BBM non subsidi, khususnya Pertamax ini, untuk tidak naik dalam waktu lama, meski harga perolehan impornya sudah melebihi harga yang dijual di SPBU.",1,0
2076895051964104945,Tue Jul 14 05:02:21 +0000 2026,Ruang Publik Politik,rublikpol,"Mengapa Harga Pertamax Melonjak Drastis?

PT Pertamina Patra Niaga mengungkapkan alasan utama di balik kebijakan naiknya harga Bahan Bakar Minyak (BBM) non subsidi Pertamax (RON 92) menjadi Rp 16.250 per liter, pada Rabu (10/6/2026).",1,0
2076894699177357520,Tue Jul 14 05:00:57 +0000 2026,Ruang Publik Politik,rublikpol,"Halo Rublikpolian! 👋

Kenaikan harga Pertamax sempat menjadi sorotan publik. Sebenarnya apa yang terjadi di balik kenaikan ini? 🤔 
Berikut penjelasannya 👇",2,0
2076894310583390336,Tue Jul 14 04:59:25 +0000 2026,Saddammm,maulanaasaddam,"In this economy, emang orang Indo tuh ada aja gebrakannya👀

Sampai ngakalin untuk ngoplos BBM buat dapat ""Pertamax"" versi lebih murah gini. 

Konsepnya tuh oplos Pertalite sama Turbo biar dapet Ron 92.

Dari konsep ini, bisa dapetin Pertamax dengan Harga 13.333, hampir 3 ribu https://t.co/n7kUbuSsTS",3,1
2076890866019688680,Tue Jul 14 04:45:43 +0000 2026,Haruto.,VowenHaruto,@ChorusOfIkhlas Kenapa nanya harga pertamax kan abang naik sepedah,0,0
2076886159242977451,Tue Jul 14 04:27:01 +0000 2026,cece ☽̶☾,kaiyaagirll,@notefromalice efek pertamax naik nih😭,0,0
2076876128288198928,Tue Jul 14 03:47:10 +0000 2026,Tribun Medan,tribunmedan,"Daftar Harga BBM Pertamina di Seluruh SPBU, Pertamax Turbo 19.750, Pertalite, Solar Habis di Medan

https://t.co/hvYOjRiHqg via @tribunmedan",0,0
2076861447813128258,Tue Jul 14 02:48:50 +0000 2026,skrrr 🐙♑,cloud_jone,@ilyknowbit Dikit lagi nyamain harga pertamax turbo nihh 🤣🤣,0,0
2076858958661419010,Tue Jul 14 02:38:56 +0000 2026,sha - slow 🦖,dearlyijeno,"@tebakhadiah bilang kak, pertamax naik, klo nyetir hilang arah gini cuma buang waktu sma tenaga 😭😭",0,0
2076854981391757759,Tue Jul 14 02:23:08 +0000 2026,6!,chaestrlla,"naik motor palingan 45-50 menit, bensin pertalite (kmrn2 pake pertamax tpi gpp ganti pertalite) kyknya sekitar 12rb PP, parkir 10rb.

naik krl + tj bisa 1 ½ jam, biaya transum 13rb PP, parkir stasiun 5rb

kyknya mendingan naik motor krn rute naik motor direct bgt unlike transum",0,0
2076854874441200033,Tue Jul 14 02:22:42 +0000 2026,ikhsan,ikhsanhdy,@maliiih28 Pelemahan rupiah murni karena faktor eksternal (dolar AS lagi kuat akibat kebijakan suku bunga The Fed). Penyesuaian harga Pertamax justru langkah penting untuk menjaga APBN agar tetap sehat dan fundamental ekonomi kita tetap dinilai kuat oleh investor global,0,0
2076848617990848725,Tue Jul 14 01:57:51 +0000 2026,𝖆𝖎,anindrastiwii,"Motorku awalnya pertamax turbo. Naik pertama. Naik kedua aku pindah pertamax. Terus pertamax ikut naik karena minyak dunia naik. Pas minyak dunia turun, kok pertamax gaikut turun sampai sekarang? 
Turbo sempat mengalami penurunan. Skrg aku belum update karena belum ke spbu.",0,0
2076844850562175442,Tue Jul 14 01:42:52 +0000 2026,Jesky ,jesjesky,"Naik lagi harga minyak dunia, makin lama aja deh nih pertamax turun. Kelakuan emang nih trum",0,0
2076843005194150328,Tue Jul 14 01:35:32 +0000 2026,RinduRTdanbacot,Utha_san,@HailPhoenix Bangeet kita ujung2nya dipaksa untuk beli pertamax. Kalau gaji naik 50% gpp dah ini gaji naiknya cuman 3 4 persen doang,0,0
2076839700317565018,Tue Jul 14 01:22:25 +0000 2026,Artha Dwi Lestari,ArthadwiLestari,kementerian ESDM benar harga BBM non subsidi seperti Pertamax harus turun jika minyak dunia melemah https://t.co/tZQwWtgwRn,0,0
2076822648374571474,Tue Jul 14 00:14:39 +0000 2026,Aisha Dara Safitri,aishadarasftr,pernyataan Dwi Anggia bagus sekali masyarakat butuh penyesuaian harga Pertamax ketika minyak dunia mengalami penurunan https://t.co/XMzysI8hik,0,0
2076819136685183418,Tue Jul 14 00:00:42 +0000 2026,Yasmine Mutiara Dewi,yasminemdewi,"mendukung penuh kebijakan Kementerian ESDM ya, kalau minyak dunia lemah harga Pertamax juga harus ikut turun https://t.co/yEoc2NFMad",0,0
2076817989278785952,Mon Jul 13 23:56:08 +0000 2026,almachzumi™ 📶,almachzumi,@ca_ca_id Karena pertamax naik jadi pindah pertalite katanya,0,0
2076816654491853066,Mon Jul 13 23:50:50 +0000 2026,Asura 🔥,Asura0599,"US nyerang Iran lagi bjir wkwk, kesepakatan gagal? Minyak mengudara lagi? 👹

Coba kita mulai dari kesepakatan damai bulan Juni kemarin, yang ternyata cuma manis di atas kertas doang.

Jadi US sepakat sama Iran hormuz dibuka dan Iran gak boleh punya nuklir. Iran emang janji gak https://t.co/OGOtB8OjeH",25,13
2076806421933707544,Mon Jul 13 23:10:10 +0000 2026,Aisha Dara Safitri,aishadarasftr,kementerian ESDM memang selalu siap menyesuaikan harga Pertamax sesuai fluktuasi minyak dunia jadi kalau harga melemah pasti langsung turun untuk masyarakat https://t.co/mvPJ7P2sVj,0,0
2076805007173898337,Mon Jul 13 23:04:33 +0000 2026,Fira Ayu Pertiwi,ayufirapertiwi,saya percaya Kementerian ESDM akan buat harga Pertamax turun kalau minyak dunia melemah sesuai mekanisme ekonomi https://t.co/qYSOvvvyTt,0,0
2076800971884413285,Mon Jul 13 22:48:31 +0000 2026,Dini Ayu Wulandari,Wulandariayudi,dukungan penuh buat ESDM yang siap menurunkan harga Pertamax mengikuti kondisi minyak dunia yang sedang melemah saat ini https://t.co/6XRKW61JeD,0,0
2076800304855801938,Mon Jul 13 22:45:52 +0000 2026,OkkyNugraha,OkkyNugrahaaa,kalau minyak dunia terus melemah pasti ESDM akan segera turunkan harga Pertamax seperti yang sudah diungkapkan juru bicaranya tadi https://t.co/fW8hKk8Xds,0,0
2076786188032364710,Mon Jul 13 21:49:46 +0000 2026,Cindy Novita Wulandari,cindynvtawulan,dengan pernyataan resmi dari ESDM ini kita bisa optimis harga Pertamax bakal turun saat minyak dunia melemah sesuai mekanisme pasar yang adil https://t.co/9Kx5VhH9ZB,1,0
2076780719465267707,Mon Jul 13 21:28:02 +0000 2026,Yovita Kirana Sari,yovitakiranaa,bagus sekali komitmen ESDM yang memastikan harga Pertamax turun mengikuti melemahnya minyak dunia tanpa menunggu lama lama lagi https://t.co/4REuNdh5rz,0,0
2076776303504806228,Mon Jul 13 21:10:30 +0000 2026,Artha Dwi Lestari,arthadwils,langkah ESDM yang responsif terhadap fluktuasi minyak dunia ini bagus karena bisa bikin harga Pertamax ikut turun cepat untuk rakyat https://t.co/jpciGeOpba,0,0
2076771700180668739,Mon Jul 13 20:52:12 +0000 2026,Bagus Agung Prabowo,AgungBprabowo,"bagus sekali info dari Kementerian ESDM, semoga harga Pertamax cepat turun seiring melemahnya harga minyak global https://t.co/Rf7BRYtgAX",0,0
2076770805237837985,Mon Jul 13 20:48:39 +0000 2026,Carisa Ayu Maharani,carisayumhr,langkah ESDM yang responsif terhadap fluktuasi minyak dunia ini bagus karena bisa bikin harga Pertamax ikut turun cepat untuk rakyat https://t.co/0IUY9UX2Wp,0,0
2076769406995288538,Mon Jul 13 20:43:05 +0000 2026,eduuuu,eduardop2131,dengan pernyataan resmi dari ESDM ini kita bisa optimis harga Pertamax bakal turun saat minyak dunia melemah sesuai mekanisme pasar yang adil https://t.co/TvTqSVpxvn,2,0
2076765518862962973,Mon Jul 13 20:27:38 +0000 2026,Yovita Kirana Sari,yovitakiranaa,"dukungan penuh untuk Kementerian ESDM, semoga harga Pertamax segera disesuaikan kalau minyak dunia semakin lemah https://t.co/TYnF6KfO0t",0,0
2076762544379982274,Mon Jul 13 20:15:49 +0000 2026,Artha Dwi Lestari,arthadwils,langkah ESDM yang responsif terhadap fluktuasi minyak dunia ini bagus karena bisa bikin harga Pertamax ikut turun cepat untuk rakyat https://t.co/vd4C3s0Fkd,0,0
2076761780685263194,Mon Jul 13 20:12:47 +0000 2026,Gwyneth Tri Asmara,Gwynetriasma,"setuju dengan ESDM, harga Pertamax pasti ada penyesuaian turun mengikuti harga minyak dunia yang melemah https://t.co/6tUPudkvwT",0,0
2076746891115794437,Mon Jul 13 19:13:37 +0000 2026,Clarissa Tri Ayu,clarisatayu,"pernyataan ESDM masuk akal, harga Pertamax memang harus disesuaikan turun kalau minyak dunia melemah https://t.co/OinvNGUn52",0,0
2076745228296540444,Mon Jul 13 19:07:01 +0000 2026,ElvianaRizkiDewi,ElvianaRizkiaa,saya dukung Kementerian ESDM yang bilang harga Pertamax akan turun kalau minyak dunia melemah agar lebih sesuai pasar https://t.co/KAahM9vkvS,0,0
2076726730208030865,Mon Jul 13 17:53:30 +0000 2026,Ilmufirasat,theaqyal,"Rezim iran ini yang membuat harga pertamax naik, harga plastik naik, harga-harga naik + inflasi. Sudah waktunya hormuz dibebaskan. Rezim iran jauh lebih pengecut dari yang kita kira.",0,0
2076718986222620871,Mon Jul 13 17:22:44 +0000 2026,bell,savirabellaaa,@txtdrbekasi curiga harga pertamax mau turun jadi di bikin cerita seolah olah pertalite langka biar pada beli pertamax yang dijual masih harga mahal,0,0
2076705409466015979,Mon Jul 13 16:28:47 +0000 2026,TheOneOnly,andrewibu99,"@txtdrimedia Kan yang naik pertamax kok yg pake pertalite ribut siihh, ucap si otak tolol kemarin",0,0
2076695570278957089,Mon Jul 13 15:49:41 +0000 2026,Fira Ayu Pertiwi,ayufirapertiwi,saya suka pendekatan ESDM yang transparan soal penurunan harga Pertamax ketika minyak dunia sedang turun https://t.co/JPYC6eT94N,0,0
2076695437176922339,Mon Jul 13 15:49:10 +0000 2026,txt gajelas,txtdarigajelas,"@aldysuhanda_ kalo badmood, harga pertamax turun 10rb",1,0
2076692967918911662,Mon Jul 13 15:39:21 +0000 2026,Nova Juicy,novaflorian07,"Dulu pas pertamax naik, Ada beberapa temen yang bilang, Ah yang naik pertamax ini bukan Pertalite, naik juga ga banyak, kita yang isi pertalite mah aman, terus pas mahasiswanya demo Ah mahasiswa demo buat orang kaya yang isi pertamax!! 
DAMN, Udah 2hari ini cari Pertalite susah. https://t.co/upTaaKDAmN",2,1
2076685883936547266,Mon Jul 13 15:11:12 +0000 2026,Fita Anggraini Lestari,Fitaanggrales,dukung ESDM karena memastikan harga Pertamax mengikuti tren turunnya harga minyak dunia demi masyarakat https://t.co/gj9Sw7307A,0,0
2076683095596802161,Mon Jul 13 15:00:07 +0000 2026,Aditya Wicaksana Nugraha,adityaWnugrahaa,juru bicara Kementerian ESDM sudah jelas bilang akan ada penyesuaian harga Pertamax ke bawah jika harga minyak dunia semakin melemah nantinya https://t.co/3YtjTOBDjq,0,0
2076675482846912948,Mon Jul 13 14:29:52 +0000 2026,Fira Ayu Pertiwi,ayufirapertiwi,dengan pernyataan resmi dari ESDM ini kita bisa optimis harga Pertamax bakal turun saat minyak dunia melemah sesuai mekanisme pasar yang adil https://t.co/ZqiDnwQJXt,0,0
2076674962979766496,Mon Jul 13 14:27:48 +0000 2026,layla,Ayaningie_,"Tapi boleh ga sih itu harga pertamax tolong turunin dong, nangis gue ke shiramedia klo sebiji doang 😭🙏",0,0
2076672190657987063,Mon Jul 13 14:16:47 +0000 2026,Gwyneth Ayu Pertiwi,GwynetaPertiwi,keren ESDM ingatkan pelaku usaha untuk sesuaikan harga Pertamax turun saat minyak dunia melemah https://t.co/DB00nTrA5B,0,0
2076669612641640474,Mon Jul 13 14:06:32 +0000 2026,Chitra Malini Ayu,Malinichitraayu,kementerian ESDM terus memantau dan siap turunkan harga Pertamax begitu minyak dunia melemah sehingga konsumen bisa dapat keuntungan langsung https://t.co/2uc6SYjDiZ,0,0
2076660890448048273,Mon Jul 13 13:31:53 +0000 2026,Love Like You (Liyu!),chbuei,@taqrae Kenapa aku nggak boleh ngebut abang pasti karena takut bensinnya cepet abis terus abang nggak bisa ngisi soalnya pertamax per liter lagi naik yah..? 😹💧,1,0
2076659074872348731,Mon Jul 13 13:24:40 +0000 2026,Andara Dara Utami,andaraautami,"klarifikasi juru bicara ESDM bagus, artinya Pertamax bisa lebih murah kalau harga minyak global turun https://t.co/WrItS3Ue4S",0,0
2076658771959673106,Mon Jul 13 13:23:28 +0000 2026,Githa Kirana Ayu,Kiranaayugi,pernyataan juru bicara ESDM sangat mendukung masyarakat yang berharap harga Pertamax ikut turun https://t.co/OLtuicqC1n,0,0
2076655753046507670,Mon Jul 13 13:11:28 +0000 2026,Mira Dara Utami,megaftilestarii,"pernyataan Dwi Anggia meyakinkan, penurunan harga minyak dunia akan diikuti penurunan harga Pertamax juga https://t.co/LQtsods53n",0,0
2076653876472934736,Mon Jul 13 13:04:01 +0000 2026,QodriFauzi,QodriFauzi5ca,masyarakat pasti senang kalau Kementerian ESDM konsisten menurunkan harga Pertamax tiap kali minyak dunia melemah seperti yang sudah dijanjikan tadi https://t.co/VhdmUcc4PL,0,0
2076646400499359770,Mon Jul 13 12:34:18 +0000 2026,Siti Nia Lestari,sitinials,"pasti akan ada penyesuaian harga seperti kata juru bicara ESDM, Pertamax turun kalau minyak dunia turun juga https://t.co/mC8wgH6Wd5",0,0
2076645410991644918,Mon Jul 13 12:30:22 +0000 2026,eduuuu,eduardop2131,"senang ada konfirmasi seperti ini dari Kementerian ESDM, Pertamax diharapkan turun harga seiring minyak dunia https://t.co/qgD7ZU4k44",0,0
2076644592414523459,Mon Jul 13 12:27:07 +0000 2026,Betania Kirana Sari,betaniakiransr,"pernyataan ini bikin optimis, Pertamax bakal turun harga kalau minyak dunia terus melemah seperti sekarang https://t.co/VQDTpox5lj",0,0
2076643288262832133,Mon Jul 13 12:21:56 +0000 2026,CitraMelatiJelita,CitraMelatiJ,"optimis sekali dengan info ini, Pertamax bakal ikut turun harga saat minyak dunia semakin lemah https://t.co/Y9Zgg6wejc",0,0
2076643041750986822,Mon Jul 13 12:20:57 +0000 2026,ᰔ another filaa 🐰 𝅄 ۪۪۪,baesuminf,see? SEE? bbm naik itu ngaruhnya ga cuma ke pemakai pertamax aja.,0,0
2076639741555163398,Mon Jul 13 12:07:51 +0000 2026,Dewi Permata Sari,dewipermtsa,dukung penuh pernyataan Kementerian ESDM bahwa harga Pertamax akan disesuaikan turun mengikuti harga minyak dunia https://t.co/s6glk0CVYb,0,0
2076639533970628837,Mon Jul 13 12:07:01 +0000 2026,Candra Kirana Dewi,kiranadewicn,"juru bicara ESDM bilang benar, penurunan harga minyak dunia akan membuat Pertamax ikut turun harganya https://t.co/LBkf4uKZhE",0,0
2076638954909245727,Mon Jul 13 12:04:43 +0000 2026,Evi Susanti Wijaya,Eviantiwijaya,penjelasan ESDM sangat masuk akal harga Pertamax harus ikut turun ketika harga minyak dunia mengalami penurunan https://t.co/cXyJfTfXp0,0,0
2076638364930072967,Mon Jul 13 12:02:22 +0000 2026,HendrikSaputra,HendrikStraaa,bagus pernyataan ESDM menegaskan penyesuaian harga Pertamax akan terjadi kalau minyak dunia melemah https://t.co/ivSapymHRL,0,0
2076637622726967382,Mon Jul 13 11:59:25 +0000 2026,Ayu Triana Wijaya,trianawijayaayu,"mendukung penuh kebijakan Kementerian ESDM ya, kalau minyak dunia lemah harga Pertamax juga harus ikut turun https://t.co/xROqY3tXTX",0,0
2076637178894197185,Mon Jul 13 11:57:40 +0000 2026,dwicitraanggra,dwicitraanggra,setuju ESDM soal penyesuaian harga Pertamax yang akan turun mengikuti harga minyak dunia yang melemah https://t.co/KonfXQX6QB,0,0
2076636383364759923,Mon Jul 13 11:54:30 +0000 2026,𝓐𝓵𝓪,dil2407,"@makiyantann_ awalnya pertamax, krna Pertamax naik aku ganti ke pertalite, walaupun lebih boros pertalite.",0,0
2076636342784811259,Mon Jul 13 11:54:20 +0000 2026,Farhana Putri Ayu,Farhanaayuptr,mantap Kementerian ESDM pastikan harga Pertamax disesuaikan turun jika harga minyak dunia melemah demi keadilan https://t.co/51nXzWva6D,0,0
2076634118419619913,Mon Jul 13 11:45:30 +0000 2026,fey,wnithout,"@cabtto aku sejak jd user pertalite since harga pertamax naik, merasakan antrian panjanggggggg bgt😭😭 mau pake pertamax gak rela sumpah.",0,0
2076604328501272925,Mon Jul 13 09:47:08 +0000 2026,Bininya Kyungsoo🐧,cilakw,@txtdrimedia Mana tuh kaum pertalite yang ngerasa ga ngaruh di mereka kalo pertamax naik? Gw mah cuma bilang sukurin.. Makanya jangan mau jd buzzer pemerintah yg cuma dpt seperak doang..,0,0
2076586218436088233,Mon Jul 13 08:35:10 +0000 2026,potatogurll,maliiih28,"Cuma mau kasih tau ges
1 dollar &gt; 18 ribu rupiah

padahal kukira kemarin setelah pertamax naik sudah mulai menguat tapi ternyata sama aja😭. Menurut kalian kenapa nih gais rupiah melemah terus? https://t.co/jvydW2TvG9",5,0
2076574311805243746,Mon Jul 13 07:47:51 +0000 2026,Hashimoto Rei 🏳️‍🌈🇵🇸🇱🇹🇨🇺🇦🇲,HashimotoRei98,Mereka berdua penentang perjanjian Iran era Obama &amp; pendukung Perang Iran era Trump terkeras di Kongres AS. Perang Iran bikin harga Migas dunia naik. Akibatnya harga Pertamax naik &amp; Pertalite langka. Sebuah observasi bagaimana 2 Orgil di Capitol Hill bisa bikin sedunia bergolak.,5,1
2076547512672940393,Mon Jul 13 06:01:22 +0000 2026,Gina. kyo,Ginakyo2,"@txtdrimedia MN neh pendukung wowok yg membela  nya waktu Pertamax naik kmrn , yg ngomong  "" yg penting  BBM  subsidi ga naik ""  lihat kan effect nya skrg  ..skrg pertalite nya kosong .  skrg nikmatin lah pilihan kalen . Ayoo joged lagi mpe modyarrr",0,0
2076539959578915068,Mon Jul 13 05:31:21 +0000 2026,Artha,fr2ger,"🎂  🎀  𝒟𝑒𝒶𝓇 𝒟𝒾𝒶𝓇𝓎, 𝒽𝒶𝓇𝒾 𝒾𝓃𝒾 𝒶𝓀𝓊 𝒹𝒾𝒷𝓊𝒶𝓉 𝓂𝑒𝓇𝒾𝓃𝓉𝒾𝒽 𝓀𝒶𝓇𝑒𝓃𝒶 𝒫𝑒𝓇𝓉𝒶𝓂𝒶𝓍 𝓃𝒶𝒾𝓀... 🩷🍰🧁🍥🥮 𝐵𝒶𝒽𝓀𝒶𝓃 𝓈𝑒𝓉𝑒𝓁𝒶𝒽 𝒹𝒾𝒿𝒶𝓃𝒿𝒾𝓀𝒶𝓃 𝟣𝟫 𝒿𝓊𝓉𝒶 𝓁𝒶𝓅𝒶𝓃𝑔𝒶𝓃 𝓀𝑒𝓇𝒿𝒶, 𝒶𝓀𝓊 𝓂𝒶𝓈𝒾𝒽 𝓂𝑒𝓃𝑔𝒶𝓃𝑔𝑔𝓊𝓇... 🎀  🎂",0,1
2076538774809690266,Mon Jul 13 05:26:38 +0000 2026,Sorotpol,sorotpol22jx,"Turunnya harga BBM nonsubsidi di berbagai SPBU per Juli 2026 menjadi kabar baik bagi UMKM, startup, dan pelaku transportasi.Penurunan harga diesel seperti Pertamax Dex dan Dexlite berpotensi menekan biaya operasional serta logistik, sehingga membantu meningkatkan efisiensi usaha https://t.co/TAsrVLTKWs",4,0
2076527875533287931,Mon Jul 13 04:43:20 +0000 2026,Kompas Otomotif,KompasOtomotif,"Harga Pertamax yang mahal membuat banyak pengendara beralih ke Pertalite. Namun, ada konsekuensi bagi motor berkompresi tinggi. https://t.co/yovhoeqtGd",1,0
2076516851929223668,Mon Jul 13 03:59:31 +0000 2026,Jenn🍬,psraxel,"@makiyantann_ Pertalite aja kak, pertamax naik",0,0
2076509530863829262,Mon Jul 13 03:30:26 +0000 2026,y,justdoitlaterzz,bulanan gua jadi gede banget cooonkkm gara gara pertamax naik ajg,0,0
2076498789318406381,Mon Jul 13 02:47:45 +0000 2026,hendrik ringo,hendrik_ringo,@RomeoWalker19 @DPR_RI Yang begini harus nya mahasiswa demo..... bukan nya malah demo pertamax naik hadeuuhh,2,0
2076495722082619663,Mon Jul 13 02:35:34 +0000 2026,sean shou,shousean19,"@txtdrimedia Di daerahku, antri panjang pas awal awal Pertamax naik.",0,0
2076487197860257792,Mon Jul 13 02:01:41 +0000 2026,Arkenstone,chrystob3ryl,@pertamina jadi kapan harga pertamax diturunin??,0,0
2076485771025109407,Mon Jul 13 01:56:01 +0000 2026,tirtoid,TirtoID,"Daftar Harga BBM Terbaru Hari Ini 13 Juli, Pertamax Turbo Turun

https://t.co/Til39jt8tx",1,0
2076477868851503296,Mon Jul 13 01:24:37 +0000 2026,dingo69,d7996082,@staylow4naw artinya harga BBM naik 62.5% krn pengguna pertalite dipaksa pindah pertamax..,0,0
2076475960690708758,Mon Jul 13 01:17:02 +0000 2026,بلقيش,putribiqliss,"baru ngerasain lagi beli pertamax setelah harga naik beberapa waktu lalu

mantap 🥲",0,0
2076473738451943656,Mon Jul 13 01:08:12 +0000 2026,Ayy,nsayuuu,Pemerintah nih gak mau nurunin harga pertamax kah??????,0,0
2076462513210994702,Mon Jul 13 00:23:36 +0000 2026,Beni Fajar Danial A 艾比倪,benidanial,"@txtdrimedia Yang kemarin bacot ""yg naik Pertamax bukan pertalite"". Goblog",0,0
2076457149165879747,Mon Jul 13 00:02:17 +0000 2026,REZZ,haryanartama,"@nabi60741 Klo dr sisi driver bnr bgt pak, sebenarnya driver² itu banyak yg ngisi pertamax sblm harganya naik, nah klo posisi harga skrg rasa berat bagi mereka 🙏",1,0
2076457098200961389,Mon Jul 13 00:02:05 +0000 2026,GE-BLEK,YoggiSu,"@r_soefiyandoro Kapasitas ± 4,2 Liter,
Bensin pertalite Rp.10.000 x 4,2 = 42 000
Pertamax Rp.16.250 x 4,2 = 68.250
Pertamax Green Rp.17.000 x 4,2 = 71.400

Harga Tangki baru ± Rp.250.000

Mungkin yg bersangkutan Beli tangki baru terus di isi Pertamax Green kayaknya https://t.co/2k2Dbo7bNI",0,0
2076366939644174539,Sun Jul 12 18:03:50 +0000 2026,supri,ghimanayh,sbntr lg bahan makanan naik krna org pada isi pertamax 🤗,0,0
2076364046241316913,Sun Jul 12 17:52:20 +0000 2026,A R I S U ありす,arissuhada87,"@txtdrimedia ""Pertamax naik 30% kok ribut, tinggal ganti ke Pertalite aja""

Meanwhile...",1,0
2076363954885210340,Sun Jul 12 17:51:58 +0000 2026,Cohen,CohenLtn,"@txtdrimedia Isi bensin pertamax sm pertalite jauh bngt beda nya. Dan entah knp lebih cepet abis lagi kalo pertamax padahal ron nya lebih bagus. Gapaham deh, smg cepet membaik harga bbm",0,0
2076353372379340895,Sun Jul 12 17:09:55 +0000 2026,Miftahul Rizki,mrmiftahulrizki,"@txtdrimedia Sumbar sejak Pertamax naik udah antre poll di Pos Bensin. Sekarang bukan hanya Pertalite kosong, dengan Pertamax pun kadang kosong juga.",0,0
2076352102151094386,Sun Jul 12 17:04:52 +0000 2026,Lisan Al-Mhwnk,mhwnk_,"&gt;Pertamax naik harga
&gt;Semua orang pake pertalite
&gt;Bikin narasi pertalite langka/habis
&gt;Semua terpaksa pakai pertamax
Gitu kan skenarionya?",16,0
2076332730628157610,Sun Jul 12 15:47:54 +0000 2026,Sora🌥,loonycloudy,"Mana nih yg kemaren bilang ""kan yg naik pertamax, kalo ga mampu pake pertalite aja"". Noh mamam pertalite dibikin langka😒",12,0
2076330647841374488,Sun Jul 12 15:39:37 +0000 2026,Suka-Suka X,kicau_id,@TxtdariHI Ih serius mo ilang pertalite? Pemerintah ayo kembaliin harga Pertamax jadi 12ribuan...,0,0
2076323092213956637,Sun Jul 12 15:09:36 +0000 2026,gugugahs,Bubadibak_o,"@txtdrimedia santai aja sih kan masih dibawah harga minyak dunia, dpt subsidi pula wkwkwk kl pertalite langka ya pake pertamax. clear. 16 ribu doang kok",0,0
2076322716614054101,Sun Jul 12 15:08:06 +0000 2026,Abe.,abe_jeh,"@txtdrimedia ""kan yg naik pertamax, pertalite mah tetep harganya"" statement taeeee 🤣",0,0
2076322101112569914,Sun Jul 12 15:05:39 +0000 2026,key🔑,evernevxr,Mau gamau pada beralih ke pertamax yang naik itu kan?hehe,0,0
2076321464073232398,Sun Jul 12 15:03:07 +0000 2026,Filora Mentari,filoramentari,"Yang bilang “kan yg naik pertamax, bukan pertalite. Ngapain demo?”, sekarang responnya gimana ya? Penasaran. 🤔",0,0
2076315747257835730,Sun Jul 12 14:40:24 +0000 2026,Ficra,pisang_holeng,"@forcemis Lama benerrr, bahlil dancok gara gara Pertamax naik ini pertalite jadi tambah ngantri pol😭😭",1,0
2076314575465791664,Sun Jul 12 14:35:45 +0000 2026,summer☀️ is seeing BTS in JKT💜,summerinjune_16,"semenjak dia naik jadi 16.250, gue mau gak mau beralih ke pertalite karena menurut gue kenaikannya mahal bgt dan gue gak ada budget bensin segitu. akhirnya gue memutuskan untuk pake rumus 3x1 (3x isi pertalite, then 1x isi pertamax buat bersihin mesin).",0,0
2076303978003058899,Sun Jul 12 13:53:38 +0000 2026,callme-Tar 🙋🏻‍♂️,AddictThai,@txtdrimedia Akibat pertamax naik.. yang biasa pake pertamax jadi pake pertalite..,0,0
2076297149395206257,Sun Jul 12 13:26:30 +0000 2026,bintangtv,bintangnewtv,"PERTAMAX NAIK SEMUA BERALIH KE PERTALITE 
Pemandangan ini akan terus terjadi kerena daya beli masyarakat yang cenderung menurun. ga butuh kualitas bagus, yang penting kendaraan nya tetap bisa jalan. semoga nasib PERTALITE tidsk hilang.
               https://t.co/Mqgvi8L2zT",2,0
2076294352251539772,Sun Jul 12 13:15:23 +0000 2026,Indos FC,IndosFC,@TxtdariHI Jujurr semenjak harga Pertamax naik saya beli bensin di warung madura aja gapapa dah bayar lebih 2rb-6rb daripada saya harus antre sepanjang itu wkwkqk,18,0
2076292491134030181,Sun Jul 12 13:08:00 +0000 2026,D'Q,Dicky_Zman,@txtdrimedia Kemarin yg bilang pake nya pertalite gak ngaruh kalo pertamax naik mana nih?,0,0
2076287401400688801,Sun Jul 12 12:47:46 +0000 2026,Dyr,WithOneWithYou,"@kicau_id @txtdrimedia ga bakal klo skrg mah wkwk, paling klo dah parah bgt nanti turun harga pertamax",0,0
2076286331526029480,Sun Jul 12 12:43:31 +0000 2026,clari,flnxir,@TxtdariHI Ujung-ujungnya terpaksa naik ke Pertamax,0,0
2076285953921188106,Sun Jul 12 12:42:01 +0000 2026,MasHer,HerPrast_,"@txtdrimedia yg naik tuh Pertamax, gak ngaruh banget, yg pake orang kaya dan menengah
Ngapain demo kaya pake pertamax aja kalian

Sekarang pada pindah pakai pertalite, bikin langka dan antri, masih merasa gak ngaruh kah?",1,0
2076282585400156324,Sun Jul 12 12:28:38 +0000 2026,dingo69,d7996082,@txtdrimedia Pertalite hilang artinya harga bbm resmi naik jadi 60% krn pindah pake pertamax. Nepalkan ?,0,0
2076282180129665128,Sun Jul 12 12:27:01 +0000 2026,𝐉𝐚𝐤𝐞,simjaeycn,@MarkasOwner ngaku gitu bang kalau make pelet? gimana kalau lu jadi subsidi biar naik kaya pertamax.. cocok buat lu yg suka gratisan tuh jd subsidi. Aman itu mah apasih yg engga buat abang iyos minta pulau jg gw beliin &lt;pulau monopoli&gt;,0,0
2076280918587945286,Sun Jul 12 12:22:01 +0000 2026,tata,tataxbluuu,"pulang jd ojol lihat ini, capeknya tambah double bangsat. klo proses pindah negara gampang. ak udah pindah malaysia atau ga singapura dah. minimal klo indo ga suram dollar tuh bisa tembus 10rb. harga bbm jd 5rb. lah ini udah bbm pertamax naik, dollar masih diangka 18rb",2,0
2076277379232845900,Sun Jul 12 12:07:57 +0000 2026,Anaksenja 🌏☀️,AisyahNashihah,"Mana nih yg bilang pertamax naik ga ngaruh ke bbm bersubsidi? Bukan cuman pertalite yg habis bahkan pertamax jg habis, bbm merk swasta pun diberhentikan paksa. Semoga cepet mati deh org² tamak yg nyusahin rakyat nya terus menerus, capek bgt jadi warga indo 😭",0,0
2076274991843480008,Sun Jul 12 11:58:28 +0000 2026,joroo | gymrat,apocollagues_,Kok baru nge up beritanya? Kamarin info pertamax naik itu pertalite susah bgt ditemuin,0,0
2076273018595418525,Sun Jul 12 11:50:37 +0000 2026,Teguh Surya Hamonangan Sitanggang,Teguhsuryastg,@txtdrimedia Dampak Pertamax naik 🤪,0,0
2076262978341793938,Sun Jul 12 11:10:43 +0000 2026,baker old,kudapanenteng,"memang goblok orang yang bilang ""yang naik kan cuma Pertamax aja, pertalite ngga""",0,0
2076259614627446818,Sun Jul 12 10:57:21 +0000 2026,Lukman Santoso,lukmaninside13,"@txtdrimedia Mana orang yg bilang gk ngaruh pertamax naik, sini gw gampar satu2, trus gw suruh antri pertalite.",0,0
2076258547411865757,Sun Jul 12 10:53:07 +0000 2026,Nova Juicy,novaflorian07,@dawikendz Pertamax naik ga ngaruh ya😆😁☺,0,0
2076257205431734772,Sun Jul 12 10:47:47 +0000 2026,Hachi.,Angkaa8,"@txtdrimedia ""Yang naik kan Pertamax bukan BBM subsidi, yang pake orang2 kaya, anak Abah mana paham."" Mana orang2 tolol yang kapan hari ngomong gitu 😌.",59,5
2076251169115320439,Sun Jul 12 10:23:48 +0000 2026,namu 🌳,hihellomega,"@txtdrimedia sebelum pertamax naik antrian pertalite udah panjang, sekarang makin panjang aja antriannya",2,0
2076249352058871899,Sun Jul 12 10:16:35 +0000 2026,Nova Juicy,novaflorian07,"@txtdrimedia Kemarin yang bilang, yaelah baru naik 2000 aja ngedumel, pertamax kan bensin orang kaya, sini maju semua, nyari pertalite dipertamini aja susah kok sekarang",0,0
2076244421075681543,Sun Jul 12 09:56:59 +0000 2026,Neddd,neddmosby,anjjj ditutup lagiii...pertamax bakal naik jadii berapa ini oiii,0,0
2076237987961315731,Sun Jul 12 09:31:25 +0000 2026,Dhef,dhebeau28,"@LambeResing Bangga bangett dong. Teruntuk seorang yanh berbakat seperti dia ini harus banget disupport bukan hanya dukungan melainkan sponsorship juga. 
Ada logo pertamina nih! jadi pertamax sm dexlite naik kalau buat anak bangsa yaa why not?😃 wkwk tapi mungkin lebih gede korupsinya maybe",0,0
2076236627811450999,Sun Jul 12 09:26:01 +0000 2026,Polres Tebing Tinggi,Humas_restinggi,"Operator Call Center 110 Polres Tebing Tinggi menerima laporan dari masyarakat terkait adanya dugaan penjualan BBM jenis Pertalite dan Pertamax dengan harga yang tidak sesuai di kawasan depan Kantor Dispora dan depan Livlig Cave, Jalan Veteran, Kota Tebing Tinggi. https://t.co/eVw5Hns0H6",0,0
2076232063389413502,Sun Jul 12 09:07:53 +0000 2026,nafkah,tanparevisi,"@txtdrimedia Anggaplah stok pertalite tidak dikurangi.
Harga pertamax yg semakin mahal menggeser orang beralih ke pertalite sehingga antrian pasti semakin panjang.
Pun mengakibatkan stok pertalite segera habis.",1,0
2076222018530546077,Sun Jul 12 08:27:58 +0000 2026,bell,savirabellaaa,"@txtdrimedia curiga harga pertamax mau turun , jadi biar pada beli pertamax mumpung harga pertamax masih mahal",0,0
2076213096759337140,Sun Jul 12 07:52:31 +0000 2026,dingo69,d7996082,@TxtdariHI pertalite hilang artinya harga bbm dinaikkan 60% krn harus beli pertamax yg harganya 16 rb..,0,0
2076210740864942179,Sun Jul 12 07:43:09 +0000 2026,Media Sabtu Minggu,mesatu_,@kangderu Kagak turun-turun yee kang harga pertamax. Gue sudah di tahap capek antre pertalite.,1,0
2076202648106405890,Sun Jul 12 07:10:59 +0000 2026,☙. 𝓜iya²⁶ #RABRAW 📌,pesuassions,@nightfwury nanti kt naik yg ada dipfp kamu itu yh biar ngga isi pertamax,0,0
2076181858614952404,Sun Jul 12 05:48:23 +0000 2026,Diary Mungil WNI Gila🍋🐰,bunadeddy,"@TxtdariHI Harga pertamax naiknya gede banget, konsumen jadi pindah ke pertile, pertalite langka, kepaksa pindah ke pertamax 😭 Bajingan emang yang bikin kebijakannya 😭",5,0
2076168741638004797,Sun Jul 12 04:56:16 +0000 2026,ωω𝗂𝗂d's 🎠 ( ohming era ‎ˆ𐃷ˆ ‎),smolltee,"GA PEDULI NANTI DIA BALAS APAAA, lu sih kmrin kmrin ngesw bela wowok waktu pertamax naik 😹😹 https://t.co/FlQIWI0zNq",0,0
2076144836181422290,Sun Jul 12 03:21:16 +0000 2026,Sudut Pandang,_pandangsudut,@akunhewan Sementara harga Pertamax belum juga turun,1,0
2076114357302514148,Sun Jul 12 01:20:09 +0000 2026,Dian ayu,itsmedianyeah,"@haloopulici pocong bilek pas liat harga pertamax ""untung aja gue udah mati""",0,0
2076103882279907334,Sun Jul 12 00:38:32 +0000 2026,Kael,heavenrubyxin,"@tanyarlfes Emang kadang sedih Nder, mana banyak yang gak percaya Pertamax naik itu mempengaruhi ekonomi. Banyak bgt opini yang bilang itu gak mempengaruhi jadi sedih denger ceritamu Nder, coba aja Nder ngajuin lagi gimanapun kerjakan buat bisa makan ya coba aja ngajuin pindah lagi. Kalau",2,0
2076094074235637940,Sat Jul 11 23:59:33 +0000 2026,shii,_augustwos,"@TxtdariHI jahat banget emang. harga pertamax dinaikin, pertalite pelan2 diilangin",0,0
2076086222536184262,Sat Jul 11 23:28:21 +0000 2026,Ikhwan Azis,Ikhwanazis89,"@wiraaaaa27 Bahlil is definitely way better than Doddy and Nadiem regardless what netizen say about him.
Dia masih mau dengerin pihak lain dan care to his subordinates.

Netizen wajib cecar dia soal harga pertamax, pertamax turbo dan dex yang kagak turun meski world oil price udah turun.",13,2
2076010750452322608,Sat Jul 11 18:28:27 +0000 2026,Ru- bieee 🐝,pxufies,"@qrivasiii Klo jalak kaki bisa dpt bakso + es teh, klo naik motor ya cuman dpt Pertamax 0,997 liter",0,0
2076008301230526527,Sat Jul 11 18:18:44 +0000 2026,bang dreper,drivercaricuan,"Asli semenjak pertamax naik orang""  yg biasa pertamax jadi lari ke pertalite, Alhasil antrian jadi lebih panjang dan jadi cepet habis di pom bensin,

Apakah akan terjadi kelangkaan pertalite?
Kalo udah begini kira"" solusi yg baik gmn ya dari pemerintah?naikin harga pertalite agar",2,0
2075990040891830287,Sat Jul 11 17:06:10 +0000 2026,SambatPadjadjaran,SMBTpadjadjaran,"@purpleblood_fpl saya hanya rakyat biasa , gak bisa naikin harga pertamax 😏😏😏",0,0
2075988052841992386,Sat Jul 11 16:58:16 +0000 2026,Purple Blood FPL,purpleblood_fpl,@SMBTpadjadjaran Naikin harga pertamax juga enak Min 👀,0,0
2075985076257730962,Sat Jul 11 16:46:26 +0000 2026,⁶⁷જ⁀➴,sevenplusj,"pertamax naik karna selama ini di oplos
listrik mati mulu karna korupsi batu bara

emang dah yang paling kena dampaknya rakyat doang",0,0
2075973911708418065,Sat Jul 11 16:02:04 +0000 2026,pid 𓅓,bienvefido,"mana yg katanya bbm naik cm buat nyusahin org kaya?

ini pertalite udh abis di 2 pom terdekat rumah. org-org yg biasa beli pertalite jd terpaksa beli pertamax yg mahal itu",0,0
2075971632238313510,Sat Jul 11 15:53:01 +0000 2026,hamimaung,hamimaung9934,@bersuwara_ @Henaso250 nanti dollar ikut naik lagi tunggu aja 🤣 habis ini pemerintah mau naikin apalagi ya? kemaren udah pertamax mungkin tdl atau air pam buat menambah anggaran mbg 🤣,0,0
2075971435697476068,Sat Jul 11 15:52:14 +0000 2026,echiz,moriartyhouse,"gue pake pertamax, dan udah ditahap tiap isi bensin tuh menghela napas capek. beneran

capeknya tuh karena gue tauu bakal cuma keisi berapa tangkinya semenjak harganya naik
makanya mau reimburse ke kantor bingung. takut dibilang aji mumpung",0,0
2075966720532197479,Sat Jul 11 15:33:30 +0000 2026,Mas Bud 12 🍉 will be free,mas_bud12,"@TxtdariHI Ya gimana gak sulit, pikir aja. Motor yg harusnya pake Pertamax (minimal Ron sekian) karena harganya naik. Jadilah mereka beli pertalite yang harganya tetap.",0,0
2075965686036459597,Sat Jul 11 15:29:23 +0000 2026,hyung🍉,pacarkimjisoo,"@eotteokkaji Iyah, paling 10an di kota ini, pertalit cuma ada di 2 pom bensin seingetku kalau ga salah dan itupun antri nya kek monyet, mana dibatesin lagi wkwkwk orang sini dah biasapake pertamax, eh naik, kentutttt",0,0
2075965385262907667,Sat Jul 11 15:28:12 +0000 2026,A R I S U ありす,arissuhada87,"@TxtdariHI ""Ngapain pusing Pertamax naik 30%, kan tinggal ganti ke Pertalite""

🗿🗿🗿",1,0
2075961146654519495,Sat Jul 11 15:11:21 +0000 2026,🐢💨,Kkuuroo___,@cepetlulusss pertalite langka pertamax melambung. naik anjin aja naik anjing 😭😭😭,1,0
2075952355439501756,Sat Jul 11 14:36:25 +0000 2026,anti bansos bansos club,mrEko_84,"@TxtdariHI Wkwkwkw mana yang kmaren blg “ kan harganya ga naik, iya tp barangnya hilang” makan noh pertamax",0,0
2075951519254655135,Sat Jul 11 14:33:06 +0000 2026,Divanio Zanzar Fahrezi,DivanioZanzarF,"udah jelas bgt efek dari pertamax naik orang orang pasti bakal pindah ke pertalite, lebih banyak demand daripada supply nya. tapi presiden kita masi ngomong kalo pertamax cuma buat orang orang kaya🫠",4,1
2075949463806545990,Sat Jul 11 14:24:56 +0000 2026,unimaginable,hyudilautbiru,@TxtdariHI Efek disparitas harga yg terlalu tinggi dengan pertamax semua beralih minum pertalite,0,0
2075942311704633510,Sat Jul 11 13:56:30 +0000 2026,Marno Blewah,MarnoMbois,@TxtdariHI ya yang punya pom pilih keluarin dulu pertamax yang kadung dibeli pas harga naik dulu 🗿,4,0
2075941161769050138,Sat Jul 11 13:51:56 +0000 2026,rifki,maulanarifki,@TxtdariHI Sekarang soalnya orang ramai2 pake pertalite. Harga jauh banget sm pertamax. Yg motor2 biasa pertamax skrg pertalite dulu survival mode.,1,0
2075938815706095872,Sat Jul 11 13:42:37 +0000 2026,Eng,ttidaksukapedas,"@plisitin Iloveyou=3000
Pertamax=16250",16,0
2075934184372338781,Sat Jul 11 13:24:13 +0000 2026,G•,gladlyhs,Harga pertamax naik bikin hemat males kemana mana skrg -_-,0,0
2075931643697909891,Sat Jul 11 13:14:07 +0000 2026,Bantalleher,Bantalleherr,"@TxtdariHI Dari kemarinkan udh dibilang, pada ngeyel dibilang kan ada Pertalite walau pertamax naik, emang wagra indo goblok aja ngeyw",3,0
2075931211231539553,Sat Jul 11 13:12:24 +0000 2026,Bintanggg 🥭,btrkh04,“harga pertamax naik gak ngaruh ke pengguna pertalite” they said,2,1
2075928823779279004,Sat Jul 11 13:02:55 +0000 2026,Fud,TahananAzkabn,"@TxtdariHI Lalu pertamax bakal diserbu, pemerintah merasa aman aman aja tuh dikasih 16rb juga diserbu masyarakat. Akhirnya harga pertamax ga diturunin, kebaca bosss",124,5
2075927370972999837,Sat Jul 11 12:57:08 +0000 2026,delll,edellweis_,@TxtdariHI udahlah harga pertamax naik para penimbun ini juga pada menggila lagi,0,0
2075926148970852571,Sat Jul 11 12:52:17 +0000 2026,Sven Kjellberg🔻,SvenKjellberg2,"ada 2 scenario yg gue prediksi kemarin pas pertamax naik
-pertalite langka
atau
-bakal banyak yg ganti ke EV

so far di kantor lebih banyak yg nomor 2 sih.",0,0
2075923894117286313,Sat Jul 11 12:43:19 +0000 2026,LEO,Loaamm,"@J0eHir0 Bener banget, nambah panjang antrian semenjak pertamax naik 16rb 😭",1,0
2075923712273158456,Sat Jul 11 12:42:36 +0000 2026,radioaktif,rad1oakt1f,"Inget ya, jangan demo soal kenaikan harga Pertamax, karena ya ngapain bela orang kaya",0,0
2075920457233219856,Sat Jul 11 12:29:40 +0000 2026,d,gatauahdark,"@TxtdariHI kalau kata buzzer wowok wiwik ""Pertalite tuh masih di subsidi, pertamax kan emang harusnya ga di subsidi. gausah protes"" padahal yg jadi problem tuh orang yg biasa beli pertamax bakal pindah ke pertalite. demandnya pertalite naik tapi supplynya ga sebanding akhirnya jadi langka.",69,0
2075906656660328620,Sat Jul 11 11:34:50 +0000 2026,arf,harmaxyn,@TxtdariHI Yang dari awal sudah diprediksi sejak harga pertamax 16k,64,1
2075899045344854409,Sat Jul 11 11:04:35 +0000 2026,Minggu Gabut,minggugabut,@TxtdariHI Dan terpantau belum ada tanda2 pengumuman pertamax turun harga,0,0
2075876960996352500,Sat Jul 11 09:36:50 +0000 2026,arleo,partof_leo,"Hal yang bikin misuh misuh hari ini, di beberapa spbu pertalite sering kehabisan imbas dari pertamax naik pada antri di pertalite, sekarang pertamax juga antri antri juga ini 🥲, jangan jangan tar juga sering abis anj emang https://t.co/DjzKIiWEih",1,0
2075873135015100744,Sat Jul 11 09:21:37 +0000 2026,ban_g3mbos,miqnies,@dialogsenja__ Soal harga pertamax,0,0
2075869152179556830,Sat Jul 11 09:05:48 +0000 2026,brenomars,brenomarss_,"pertamax naik dolar naik ipk turun.
tai taian 1 dosen killer megang 4 matkul rata c ajgg",0,0
2075861373918286275,Sat Jul 11 08:34:53 +0000 2026,hajatanbareng,pmudaskitarsini,"pertamax naik, pertalite jarang, indikator bensin menyala",0,0
2075791120563589360,Sat Jul 11 03:55:44 +0000 2026,Drei🍦,Drei_Ch,"Pantes pada marah waktu pertamax naik, ini gw ngisi 100k cuma dapet 6 liter bjir🥀🥀🥀🥀",0,0
2075751408666869960,Sat Jul 11 01:17:56 +0000 2026,Partono Ahmet Djemat,Partono_ADjem,@andi_achilles Jadi lupa kan sama dollar n pertamax yg naik 😂,0,0
2075586452663189928,Fri Jul 10 14:22:27 +0000 2026,bellaaaa,eumsandy,skrg jd jarang bgt kerja naik mobil semenjak pertamax naik😕😕 https://t.co/T95ERsTYF6,5,0
2075572172526072004,Fri Jul 10 13:25:42 +0000 2026,Cangka,cangpanjaaang,"Mahasiswa ga ada yg berminat demo besar2an nih? 
Demo ke Prabowo, protes berani2nya ngusik koruptor! 
Wkwk
Sekalian harga BBM Pertamax buat orang kaya sampe sekarang belum turun juga!",2,0
2075536381380812949,Fri Jul 10 11:03:29 +0000 2026,Teman Tinker,pixy_dust00,Buat yg bilang pertamax naik cuma buat org2 mampu liat nih!!! Udah 2 hari pertalite kosong. Mau ga mau isi pertamax lah 🫵🏻 https://t.co/zBxfrkImGT,23,1
2075428052268622242,Fri Jul 10 03:53:01 +0000 2026,ARJUNA ZIONIST INDONESIA 🇲🇨,OneLove4Human,"Harga minyak dunia sudah tergelincir jauh ke 76 USD, kenapa harga Pertamax belum turun seperti semula ?

@bahlillahadalia
https://t.co/rvbeujTL85",2,1
2075387793216541013,Fri Jul 10 01:13:03 +0000 2026,HEXAGRAM,kotatahuu,"selamat hari jumat semuanya tetep semangat ya meskipun harga pertamax bikin kantong tambah jebol .semoga in this economy kita bisa bertahan 
have a great day ya https://t.co/rgUisWK359",25,0
2075362014390899093,Thu Jul 09 23:30:37 +0000 2026,MyNameIsZahwa,SeriusAmatX,TURUNIN HARGA PERTAMAX ANJING🫵🤬,3,1
2075204196685828543,Thu Jul 09 13:03:30 +0000 2026,ziia⁷ 🍀,trivialiner,"@txtdrimedia Siapa sih yg ngasih pikiran ke ini orang satu kalo yg pake pertamax = orang kaya? Sumpah ya dzolim banget, hopeless banget dengan harga bensin sekarang, gw yg dari keluarga biasa aja kesulitan pak gara2 harganya naik, kampret asli lah",3,0
2075162224776429766,Thu Jul 09 10:16:43 +0000 2026,najvn,littleebite,"baru sadar dan krasa efeknya kalau pertamax naik, sebelum naik ngisi bensin selalu nambah 2 strip, sekarang ngisi nominal yg sama cuma naik 1 strip ajg 😭 https://t.co/RhAD4sVy2i",4,0
2075129694534647914,Thu Jul 09 08:07:27 +0000 2026,jalahoaks,jalahoaks,"Benarkah Menteri Bahlil menyebut bahwa harga Pertamax akan turun menjadi Rp10.500? Buka tautan untuk lihat faktanya: https://t.co/WxLLYIzGny

#Jalahoaks
#JakartaKotaGlobal
#BBM",3,0
2075106886379241534,Thu Jul 09 06:36:49 +0000 2026,Romi Saputra,putrapostdaily,"Berdasarkan data terkini 9 Juli 2026, harga BBM Pertamina di seluruh Indonesia masih mengikuti penyesuaian yang berlaku sejak 1 Juli 2026, di mana Pertamax Turbo, Dexlite, dan Pertamina Dex turun, sementara Pertamax dan Pertamax Green tetap stabil. 

https://t.co/OFxAk7KEU2",6,0
2075016630460145984,Thu Jul 09 00:38:11 +0000 2026,Leo Lintang,leolintang,"Harga minyak dunia sudah turun segini, kok pertamax masih tinggi aja ya https://t.co/DO880dqkfu",3,0
2074969286699782200,Wed Jul 08 21:30:03 +0000 2026,💭 baseconvo,baseconvo,💙 bbm semahal itu ya skrg. ngisi pertamax 200rb kaya geli geli doang di mobil. karjimut ini bertarung dengan harga harga indonesia yaAllah 😭,6,0
2074902597698478096,Wed Jul 08 17:05:03 +0000 2026,ajung✧,junggene_,"naik motor pertamax mahal, naik sepeda kena pajak juga
emang benernya naik anjing aja naik anjing",3,0
2074872986159718607,Wed Jul 08 15:07:23 +0000 2026,raphael,phunkcreas,"turunin harga pertamax, mio tempur-ku bunyi kalo pake pertalite 😭💔",3,0
2074847077058871578,Wed Jul 08 13:24:26 +0000 2026,Jawa Pos,jawapos,"Di Jatim, Migrasi Konsumsi ke Pertalite Capai 10 Persen usai Harga Pertamax Naik
https://t.co/HcEKzMpz8m",1,0
2074823476721181103,Wed Jul 08 11:50:39 +0000 2026,LIPUTAN6,liputan6dotcom,"Imbas Harga Naik, Pengguna Pertamax Mulai Serbu BBM Subsidi

https://t.co/wkVEZebL2t https://t.co/rlRoDKzNmb",6,2
2074821501615026659,Wed Jul 08 11:42:48 +0000 2026,LIPUTAN6,liputan6dotcom,"Imbas Harga Naik, Pengguna Pertamax Mulai Serbu BBM Subsidi

https://t.co/xzHDioQpR9",2,1
2074717207435813225,Wed Jul 08 04:48:23 +0000 2026,Arle🕷️,arlecchindoo,"Soalnya isu perselingkuhan artis udah gak doyan skrg, masyarakatnya agak panik ngurus dapur rumah semuanya mahal, makanya MBG juga didukung lumayan ngurangin porsi makan keluarga kan, apalagi kalo kurang mampu tapi anaknya banyak.

Tapi kalo isu LGBT kan fresh, apalagi buat",75,19
2074716907974893737,Wed Jul 08 04:47:11 +0000 2026,𝔂𝓮𝓼𝓼 ꕤ & that,moncherichn,tuh kan bener 😌 harganya udh kaya pertamax alias naik mulu 😌😌 https://t.co/N24YMKTNBy,3,0
2074658150830268597,Wed Jul 08 00:53:43 +0000 2026,Tukang Mobil Mobilan,MasMasBiassaa,"Honda CRV gen 3 atau yang sering kita sebut CRV Bulus, masih jadi satu satunya desain dari banyaknya varian CRV yang sangat timeless, walopun saya akuin desain CRV makin kesini tuh cenderung membosankan &amp; dari dulu gaada fitur yang bisa bikin kita ngerasa WOW gituloh.

Mobil yang https://t.co/xbgxKXEv9f",127,14
2074652055671886196,Wed Jul 08 00:29:29 +0000 2026,lamba.ms8,lamba8_space,semua harga komoditas mulai merangkak naik lagi terutama harga minyak bumi yang sebelumnya dari 68$ dan yang pastinya Pertamax ga bakalan turun di waktu terdekat https://t.co/z8coMuZzHo,9,0
2074517498775609420,Tue Jul 07 15:34:49 +0000 2026,Sarjana Eksu,SarjanaEksu,Alasan kenapa harga pertamax susah turun,14,1
2074511578201026920,Tue Jul 07 15:11:17 +0000 2026,Billy,Billy_Naravit,"Yang ditutupin:

1. Keluarga Prabowo ditipu sama agen CIA bodong (Gaurav Srivatava)

2. Rupiah tetap melemah menuju 18rb walaupun Suku Bunga BI udh naik kurang dari 1 bulan

3. Mengalihkan emosi warga atas naiknya BBM Pertamax ke 16rb

4. Permintaan kenaikan Gaji Dosen Guru di MK",14246,6640
2074468035600228711,Tue Jul 07 12:18:16 +0000 2026,Sumatera Adil & Federal,indepenSumatera,"Prabowo adalah juru selamat kata qodari

Prabowo telah mengubah nasib anak Indonesia dari jaman jokowi gelap menjadi terang era Prabowo. Kenapa dibilang juru selamat oleh si pantek qodari ini

PROGRAM YANG SUDAH BERHASIL

1. MBG :Penerima sudah 60 jt lebih
2. Sepak bola berhasil https://t.co/w0RdQUFxQq",56,24
2074412276493492482,Tue Jul 07 08:36:42 +0000 2026,abey,atbluebeyyi,"lah mohan mah mau nge date sama raisa (mohan yg udah jadi orang sanggup dan have) walaupun LDR 3 jam juga gas aja walaupun harga bensin pertamax naik juga dijabanin, orang have lHoOoo YaaaAaa🤗",139,0
2074391183925911608,Tue Jul 07 07:12:53 +0000 2026,Romi Saputra,putrapostdaily,"Pada 7 Juli 2026, harga BBM di Indonesia masih mengikuti skema penyesuaian yang berlaku sejak 1 Juli 2026, di mana Pertamina menurunkan harga tiga produk BBM non-subsidi: Pertamax Turbo, Pertamina Dex, dan Dexlite. Sementara untuk BBM subsidi, harga Pertalite dan Solar subsidi",4,0
2074320741429064043,Tue Jul 07 02:32:58 +0000 2026,Mohammad essa,essaluth,"@FansRossoneri Nah ya beda kan. Skrg aja harga pertamax naik belum biaya service mobil. Sesimpel parkir stasiun aja naik, ayam 1 ekor 1kg udh gadapet lg di 37rb hrs 40rb. Listrik jg naik krn tahun lalu saya sebulan 550 skrg hrs 700 dgn pemakaian yg sama. 15jt? Cukup dan bs nabung.",27,0
2074163907888140732,Mon Jul 06 16:09:46 +0000 2026,radar jakarta,jakarta7268,@DPR_RI Minyak bumi sudah turun pemerintah harus segera berpikir untuk penentuan harga baru untuk BBM Pertamax harganya harus disetting ulang dari rp16.250 turun kembali ke 11.800 oke https://t.co/4bac5LNU35,3,0
2074133144052359459,Mon Jul 06 14:07:31 +0000 2026,Kenyang Lu Dikibulin,BangunBong,"Akankah harga BBM Pertamax akan turun, feeling gw sih nggak, udah boncos cuuy 🤣🤣🤣 ngaku harga ikut global, saat harga global turun dia ogah turun https://t.co/mc8CdDv6HF",5,0
2074048206002880593,Mon Jul 06 08:30:00 +0000 2026,IDX CHANNEL,idx_channel,"Prospek PT MAP Aktif Adiperkasa Tbk (MAPA) dinilai masih cukup tangguh di tengah tekanan ekonomi.

Meski demikian, keduanya memangkas proyeksi laba dan target harga saham seiring perlambatan ekspansi gerai serta meningkatnya risiko makroekonomi.

Dalam riset yang diterbitkan pada https://t.co/RwLhZHH6HG",5,0
2074040446117191749,Mon Jul 06 07:59:10 +0000 2026,Romi Saputra,putrapostdaily,"Pertamina resmi menurunkan harga beberapa jenis BBM nonsubsidi, terutama Pertamax Turbo, Dexlite, dan Pertamina Dex. Sementara jenis subsidi dan kelas menengah seperti Pertalite, Solar, dan Pertamax tetap stabil tanpa perubahan harga.

https://t.co/O8n6KSrMvv",5,0
2074032724323848581,Mon Jul 06 07:28:29 +0000 2026,Mohamat Mutajir,mutajir_mohamat,"@liogtttscrp Sejak tahun 2019,gw gak pernah isi pertalite, kandungan sulfur dan etanolnya tinggi banget, merusak mesin dan polusi udara. Karena shell, BP dan vivo dilarang impor BBM, terpaksa gw pake BBM sampah, pertamax. Harga dan kualitas gak matching. Mahal.",2,0
2074006990666494411,Mon Jul 06 05:46:14 +0000 2026,Bisnis.com,Bisniscom,"Pertamina, BP-AKR, Vivo, hingga Shell melakukan penyesuaian harga bahan bakar minyak (BBM) pada Juli 2026. Mayoritas harga BBM di para peritel ini tercatat mengalami penurunan. Secara terperinci, Pertamina menurunkan harga Pertamax Series seperti… https://t.co/bIrvK9wwmR https://t.co/4GCPH7ovPL",3,1
2073997726589817122,Mon Jul 06 05:09:25 +0000 2026,Dian Hardiansyah,dianhardiansyah,Semoga bulan depan harga Pertamax turun.. 🤲🏻,5,0
2073934958490706048,Mon Jul 06 01:00:00 +0000 2026,Ilmu Tambang,ilmutambang_id,"Meski harga minyak dunia kembali melemah, harga Pertamax belum mengalami penyesuaian. Pertamina menyebut penetapan harga BBM nonsubsidi juga mempertimbangkan nilai tukar rupiah, regulasi pemerintah, dan daya beli masyarakat⛽📉

Kalau menurut kamu kawan, faktor mana yang paling https://t.co/0dwPq8nPaD",36,14
2073924941670707397,Mon Jul 06 00:20:12 +0000 2026,strategi.id,strategi_id,"https://t.co/jXyVAF5IuT - PT Pertamina Patra Niaga menurunkan sejumlah harga bahan bakar minyak (BBM) nonsubsidi per 1 Juli 2026.

baca selengkapnya di https://t.co/krwZRPTjw9

#bbm #harga #pertamina #pertamax #pertalite https://t.co/F0gIWGOCmP",7,0
2073750652338229597,Sun Jul 05 12:47:38 +0000 2026,4ACE,4ACE10,"@nozelism Gw cukup yakin org2 yg sebelumnya ngeluh+ngememe MBG, ngejokes WowoTeddy, ngeluh pertamax naik, dll akan langsung ""Wah akhirnya ada presiden waras di Indonesia""",65,3
2073696635918655574,Sun Jul 05 09:13:00 +0000 2026,Liz 🍦,karaktierr,when ya pertamax turun harga 🤷🏻‍♀️ https://t.co/Qp7uYarUMT,4,0
2073621395519709587,Sun Jul 05 04:14:01 +0000 2026,Bloomberg Technoz,BloombergTZ,"Harga BBM RON 92 di sejumlah SPBU Indonesia masih bertahan di kisaran Rp16.000 per liter per 1 Juli 2026, dengan Pertamina menjual Pertamax Rp16.250/liter serta BP-AKR dan Vivo Energy Indonesia menjual BP 92 dan Revvo 92 masing-masing Rp16.670/liter.",4,0
2073620042449928549,Sun Jul 05 04:08:38 +0000 2026,kaya akan,rempahhrempah,"Najis pom bensin pertamina udahlah monopoli bensin (iya kalian emang tu ngusir Shell Vivo dll), harga pertamax ga ngotak pdhl katanya negeri kaya minyak bumi, peluang bisa bayar pake QRIS 1/10000000000, ngantri pulak pdhl minggu pagi.
Auto putar balik. Waktu gw terlalu berharga. https://t.co/09r340k0DY",2,0
2073352969123455445,Sat Jul 04 10:27:23 +0000 2026,marvin,tertamvan_,@dimarsasongko98 Sumpah gw juga ngeh pas pemberitahuan Pertamax naik tuh antrian spbu di semua sudut Bekasi antre nya minta ampun sampe ke jalan raya dan itu pada antre Pertalite,6,0
2073241637061587140,Sat Jul 04 03:04:59 +0000 2026,ara_ka🕸️ bocilAralie,dikAralie,"14/ harga Pertamax ini lagi aja 😔

(kangen) https://t.co/GANLQakgBn",2,0
2073066736367096101,Fri Jul 03 15:30:00 +0000 2026,Radio Elshinta,RadioElshinta,"Kebijakan harga Pertamax dinilai masih sangat rasional

https://t.co/RdpHWWNTXr",1,0
2073010915738591388,Fri Jul 03 11:48:11 +0000 2026,Humas Polda Jabar,humaspoldajbr,"[HOAKS] Harga Pertamax Turun Jadi Rp 12.800 Per Liter Mulai 1 Juli 2026

PT Pertamina Patra Niaga kembali melakukan penyesuaian harga bahan bakar minyak (BBM) nonsubsidi mulai 1 Juli 2026. Tiga jenis BBM nonsubsidi yang turun adalah Pertamax Turbo, Dexlite, dan Pertamina Dex. Di https://t.co/EAGs0CL6Lj",5,1
2073006880562294830,Fri Jul 03 11:32:09 +0000 2026,Tribunnews.com,tribunnews,"Sejumlah pakar menjelaskan alasan mengapa pemerintah tak kunjung menurunkan harga Bahan Bakar Minyak (BBM) nonsubsidi jenis Pertamax (RON 92) meski harga minyak dunia mengalami pelemahan.

Harga pertamax tidak berubah dari level Rp16.250/liter saat PT Pertamina (Persero) https://t.co/cwnNye9W6t",2,3
2072960893969956936,Fri Jul 03 08:29:25 +0000 2026,mami tachan,KyotaTasuku,"aww tencu sudah mencintai si devvan dan aniani ntuh lop 🥺🫰🏻tbh aku beneran seneng tiap ada yg bilang suka sama cerita mereka padahal cp toksik, jadi kek apa ya ‘oh ternyata trope begini ada aja target pasarnya’ 🤣

sure aku juga sekarang kalau ada isu2 pemrintahan langsung ingat https://t.co/8dowFwBsTP",2,1
2072957216651612374,Fri Jul 03 08:14:48 +0000 2026,Indozone Media,indozonemedia,"Sejumlah ekonom menjelaskan alasan di balik harga Pertamax belum turun saat harga minyak dunia melandai.

https://t.co/eCzzzHcK3y",1,0
2072932423101505936,Fri Jul 03 06:36:17 +0000 2026,Lambe.media,Lambemedia,Tempat kalian klo ngantri pom kyk rame gini gk? Efek pertamax naik gila2 an. Dan gilanya lgi udh rame gini. Pertamina merugi? Waahhh kok bisa ya pertamina rugi? 😭😭 https://t.co/zyuMUhgCjn,5,0
2072872605816930306,Fri Jul 03 02:38:35 +0000 2026,KOMPAS TV,KompasTV,"FULL! Harga Minyak Dunia Turun, Pakar Bahas Dampak Negosiasi AS-Iran bagi Pertamax Indonesia https://t.co/OwA1zjqqbn",0,0
2072869074389131499,Fri Jul 03 02:24:34 +0000 2026,MboizSamKyuu~,AkunMboizSam,"oh… gini toh mainnya bahlil, ga turunkan harga pertamax biar masyarakat chaos antri pertalite
semoga aja cepat setruk kau para pemerintah…
hari ini hari jumat cocok mendoakan orang2 dzolim #jumatberkah #jumatan 🤲 https://t.co/zEiL4El0eZ",4,0
2072717030336475332,Thu Jul 02 16:20:23 +0000 2026,GAMEOVERPOST,Tangankanancuan,"Katanya Uangnya Ada, Nolak IMF.
Tapi Uang Rakyat dikuras abis MBG, Kopdes , Pajak naik , JHT dipajakin, Pertamax naik dan tarif listrik PLN juga naik.🚨🚨🚨
Kelakuan penguasa dalam memeras kantong rakyat kecil kian hari kian tidak masuk akal dan kehilangan empati sosialnya. 

Di https://t.co/rS6TO7zIv1",1,0
2072692777876639882,Thu Jul 02 14:44:01 +0000 2026,Don~Cassava,Don_Cassava,"Jika per vessel kena fee $2jt
Harga crude 67
Harga Mogas 94

Range harga pertamax
13550-14650

""New Normal ala Oil""

Naek bukan karena demand 
Tapi karena ""pungli"" Selat https://t.co/L1IEary8Pr",7,0
2072657993481744643,Thu Jul 02 12:25:48 +0000 2026,Mohamad Guntur Romli,GunRomli,"Kupas Tuntas Soal Pemadaman Listrik dan Harga Pertamax

https://t.co/DLfqI67ORT",10,3
2072654194251837829,Thu Jul 02 12:10:42 +0000 2026,perupadata,perupadata,Sayang sekali Pertamax 92 bukan termasuk yang turun harga di awal bulan Juli ini. https://t.co/WFqW263gcQ,22,5
2072614633920491602,Thu Jul 02 09:33:30 +0000 2026,Romi Saputra,putrapostdaily,"Harga BBM hari ini 2 Juli 2026 di seluruh Indonesia menunjukkan adanya penurunan pada beberapa jenis BBM nonsubsidi, terutama Pertamax Turbo, Dexlite, dan Pertamina Dex, sementara Pertamax dan Pertamax Green 95 tetap stabil.

https://t.co/dgCQwivgat",4,0
2072611217215295896,Thu Jul 02 09:19:56 +0000 2026,Jawa Pos,jawapos,"Harga Minyak Mentah Dunia Turun, Purbaya Optimistis Harga Pertamax segera Menyusul
https://t.co/0ng19339te",1,0
2072593044533309726,Thu Jul 02 08:07:43 +0000 2026,Radio Elshinta,RadioElshinta,"PT Pertamina Patra Niaga, resmi menurunkan harga sejumlah BBM non subsidi per Rabu, 1 Juli 2026. Produk yang harganya turun adalah Pertamax Turbo RON 98, serta diesel non subsidi Dexlite dan Pertamina DEX.

Berdasarkan data situs resmi Pertamina Patra Niaga, di SPBU wilayah https://t.co/Fqf4hcJIEp",1,1
2072585816866697358,Thu Jul 02 07:39:00 +0000 2026,CNBC Indonesia,cnbcindonesia,"Menkeu Purbaya Optimistis Harga Pertamax Bakal Turun
https://t.co/U4z1xEZJhw",1,0
2072570798095979007,Thu Jul 02 06:39:19 +0000 2026,KONTAN NEWS,KontanNews,"💬 Setuju kalau harga Pertamax juga ikut turun?

Baca selengkapnya di:
https://t.co/MZ8QHI4Bd5",1,0
2072570794564329623,Thu Jul 02 06:39:18 +0000 2026,KONTAN NEWS,KontanNews,"⛽ Beberapa BBM non-subsidi turun mulai 1 Juli 2026. Tapi, kenapa Pertamax belum?

Pertamina menyebut penyesuaian harga dilakukan berdasarkan evaluasi berkala, mulai dari harga minyak dunia hingga daya beli masyarakat. https://t.co/6lSimPTeDo",2,0
2072537262655762650,Thu Jul 02 04:26:03 +0000 2026,KONTAN NEWS,KontanNews,"⛽ Beberapa BBM non-subsidi turun mulai 1 Juli 2026. Tapi, kenapa Pertamax belum?

Pertamina menyebut penyesuaian harga dilakukan berdasarkan evaluasi berkala, mulai dari harga minyak dunia hingga daya beli masyarakat.",1,0
2072489638745244034,Thu Jul 02 01:16:49 +0000 2026,Harian Kompas,hariankompas,"Pemerintah menurunkan harga beberapa jenis BBM nonsubsidi kecuali jenis Pertamax. Apakah kebijakan itu membantu perekonomian kelas menengah? #KompasBrief #Kompas61

https://t.co/AO3RicXmug",0,0
2072486527385399384,Thu Jul 02 01:04:27 +0000 2026,Harian Kompas,hariankompas,"Pemerintah menurunkan harga beberapa jenis BBM nonsubsidi kecuali jenis Pertamax. Apakah kebijakan itu membantu perekonomian kelas menengah? #Ekonomi #Kompas61

https://t.co/HkItJ9xZ4q",1,0
2072483697681727882,Thu Jul 02 00:53:13 +0000 2026,The Kerupuk,TheKerupuk,"Recap Timeline Juni 2026, berkolaborasi dengan @bnfi_id:

MINGGU 1 (1-7 JUNI)
1 Juni: Presiden tidak terima dikritik Dino Patti Djalal
2-3 Juni: OTT KPK di kantor Imigrasi (Jakarta, Jabar, Bali); 18 orang diamankan, Silmy Karim menyerahkan diri malam harinya
3 Juni: Kasus dugaan",130,55
2072468183823602056,Wed Jul 01 23:51:34 +0000 2026,ARJUNA ZIONIST INDONESIA 🇲🇨,OneLove4Human,"Harga minyak dunia sudah 72 USD, harusnya harga Pertamax sudah turun kembali ke harga 12.000

Kenapa belum turun juga ?
https://t.co/ZqJ5wgzKwx",2,0
2072383388460400745,Wed Jul 01 18:14:37 +0000 2026,Kompas.com,kompascom,"Harga Pertamax Turbo Turun, Tapi Selisih dengan Pertamax Masih Jadi Keluhan https://t.co/q2juEtVDjX https://t.co/GDaOuokBjf",3,1
2072351288483062037,Wed Jul 01 16:07:04 +0000 2026,Wakanda,negeri_konoha_,"Pertamax Turbo turun jadi Rp19.300/liter di Konoha.
Tapi yang sudah pada keburu naik bulan lalu masih belum balik ke harga semula.
Beginilah cara bikin rakyat Konoha senang 😏 https://t.co/zgDUmqRetw",4,1
2072340554818732330,Wed Jul 01 15:24:25 +0000 2026,KOMPAS TV,KompasTV,Purbaya Yakin Harga Pertamax Akan Turun Seiring Jatuhnya Harga Minyak Dunia https://t.co/bAPOTXTaWQ,1,0
2072337517417025823,Wed Jul 01 15:12:20 +0000 2026,Kompas.com,kompascom,"Harga BBM Pertamina Dex turun per 1 Juli 2026. Cek daftar harga terbaru Pertamina Dex, Pertamax Turbo, dan BBM lainnya di seluruh Indonesia. https://t.co/zLvOBis7Vh",1,0
2072303504463679786,Wed Jul 01 12:57:11 +0000 2026,Ardianto Satriawan,ardisatriawan,"Elu dipajakin dari A sampai Z.

A) Gaji tiap bulan dipotong pajak,
B) THR juga kena pajak,
C) Dapet bonus kena pajak juga,
D) Beli barang mahal kena pajak barang mewah,
E) Rumah kena pajak bumi dan bangunan,
F) Motor harus bayar pajak tiap tahun,
G) Mobil juga bayar pajak tiap",7192,4832
2072302630861525366,Wed Jul 01 12:53:43 +0000 2026,Grumpster,GrumpyOldMayn,@ongen_corleone Ckickbait ! Yg diprotes harga pertamax ! Bkn pertamax turbo....buzzer turbo...turuk kebo !,2,0
2072295652290367644,Wed Jul 01 12:25:59 +0000 2026,wo,fjrwo,"Kalian hang pake pertamax ngerasain boros ga setelah naik?

Aku ngerasain kaya tambah boros. Biasa ngisi 30k buat 5 harian, sekarang cuma bisa tahan 2-3 harian aja🥲

Ini foto pas hari Minggu kemarin ngisi, sebelahnya udah kedip kedip https://t.co/rPfyJo8tDn",5,0
2072223534768877819,Wed Jul 01 07:39:25 +0000 2026,Kanda Bahlil,kandabahlil,"Kabar baik buat pengguna BBM nonsubsidi!

Per 1 Juli 2026, Pertamax Turbo, Pertamina Dex, dan Dexlite resmi turun harga. Penyesuaian ini mengikuti dinamika harga minyak dunia dan mekanisme yang berlaku.

#KandaBahlil #Golkar #HMI #HIPMI #PrabowoGibran https://t.co/gUanVPMfJV",2,0
2072220821570076755,Wed Jul 01 07:28:38 +0000 2026,jogjaupdate.com,JogjaUpdate,"pertanyaan sensus:

+ punya motor?
- (nunjuk yg lagi di garasi)
+ harganya berapa?
- kalo harga sekarang gak tau. cek aja di facebook pasaran vario 20** berapa.
+ (mikir)
+ beli bbm sebulan berapa?
- gak tentu tergantung kegiatan
+ kira2 aja
- pertamax 50ribu gak sampe seminggu",2,1
2072219517716164838,Wed Jul 01 07:23:27 +0000 2026,Berly Martawardaya,bmartawardaya,"Harga BBM baru:

Pertamax Turbo (RON 98): Rp19.300 per liter (turun dari Rp20.750)

Dexlite: Rp19.700 per liter (turun dari Rp23.000)

Pertamina DEX: Rp21.150 per liter (turun dari Rp24.800) 

Pertamax? Masih belum muncul hilal penurunan harganya...",23,4
2072212739959968154,Wed Jul 01 06:56:31 +0000 2026,Kompas.com,kompascom,"Baca selengkapnya: https://t.co/Y5sAIj2j7f

Harga sejumlah BBM Pertamina non-subsidi kembali turun mulai Rabu (1/7/2026). Penurunan terjadi pada Pertamax Turbo, Pertamina Dex, dan Dexlite, sementara jenis lainnya masih bertahan. 

Lalu, bagaimana posisinya dibandingkan Shell dan https://t.co/VipDl1aSJX",4,1
2072212368218812715,Wed Jul 01 06:55:03 +0000 2026,Lambe.media,Lambemedia,"Harga BBM nonsubsidi turun mulai hari ini: Pertamax Turbo, Dexlite, dan lainnya lebih murah. Potongan komisi GoRide/GrabBike juga turun jadi 8%. https://t.co/nV15x6JpHv",2,0
2072204514334298464,Wed Jul 01 06:23:50 +0000 2026,Kang Ojol,tukang_ojool,"Pertamax naik, Oli motor naik, semua kebutuhan naik 

Argo naik ❌
Argo Turun ✅ https://t.co/syW4QXVI1M",28,7
2072201678825431256,Wed Jul 01 06:12:34 +0000 2026,Imam Satrio Wibowo,Satrio13_,"@LambeResing Dari kemarin bela2in gak ngisi bensin nunggu tanggal 1 Juli berharap Pertamax turun harga eh tau enggak. Yawes terpaksa minum pertalite lagi 500rebu full tank.
Minum Pertamax ya ntar2 aja toh barcode juga baru sekali pakai bulan lalu.",3,0
2072199705053020289,Wed Jul 01 06:04:43 +0000 2026,tvOnenews,tvOneNews,"Mulai hari ini, 1 Juli 2026, PT Pertamina resmi menurunkan harga sejumlah BBM non subsidi. Penyesuaian ini berlaku untuk Pertamax Turbo, Dexlite dan Pertamina Dex

Simak selengkapnya di https://t.co/MswS9SMOV8
#HardNews_Ekonomi #NewsOne #CariBeritaditvOne #BBM #Pertamina #NO02 https://t.co/MuV7QHd2qb",2,0
2072198048533414206,Wed Jul 01 05:58:09 +0000 2026,VivaCoid,VIVAcoid,"Shell dan BP kompak menurunkan harga BBM jenis solar mulai 1 Juli 2026. Harga Shell V-Power Diesel turun dari Rp24.490 menjadi Rp21.340 per liter, sementara BP Ultimate Diesel turun dari Rp25.060 menjadi Rp21.340 per liter.

Penyesuaian harga hanya berlaku untuk BBM jenis solar. https://t.co/fnqajGGvlQ",12,4
2072193158289768841,Wed Jul 01 05:38:43 +0000 2026,𝐆𝐏 🍉,GelarPrakosa,"Kalau turunnya ga signifikan, ubah satuannya jadi mili. Pertamax Turbo turun harga jadi Rp 9,650 per 500 mili.",7,0
2072191723477106849,Wed Jul 01 05:33:00 +0000 2026,tempo.co,tempodotco,JUST IN: Hari Ini Harga Pertamax Turbo Turun jadi Rp 19.300 per Liter,415,40
2072185465281925265,Wed Jul 01 05:08:08 +0000 2026,Serambi Indonesia,serambinews,"PT Pertamina resmi menurunkan harga BBM non-subsidi seperti Pertamax Turbo dan Dexlite per 1 Juli 2026.
Menteri ESDM Bahlil Lahadalia meminta masyarakat bersabar karena harga Pertamax baru saja dinaikkan pada Juni 2026.
https://t.co/aZKMzvYxvl",1,0
2072183316036604155,Wed Jul 01 04:59:36 +0000 2026,Serambi Indonesia,serambinews,"PT Pertamina Patra Niaga kembali melakukan penyesuaian harga bahan bakar minyak (BBM) non-subsidi yang berlaku mulai 1 Juli 2026. Dalam penyesuaian kali ini, tiga jenis BBM mengalami penurunan harga, yakni Pertamax Turbo, Dexlite, dan Pertamina Dex.
 
https://t.co/4lMWuZgAMo",1,0
2072178941549523028,Wed Jul 01 04:42:13 +0000 2026,Krishnananananana,Krishnatio,@Jateng_Twit Yang ngikutin harga minyak dunia ternyata pertamax turbo,5,0
2072178803498184733,Wed Jul 01 04:41:40 +0000 2026,inilahcom,inilahdotcom,"PT Pertamina (Persero) mengumumkan harga bahan bakar minyak (BBM) nonsubsidi jenis solar, seperti Pertamina Dex dan Dexlite, serta Pertamax Turbo turun mulai Rabu, 1 Juli 2026.

Berdasarkan laman resmi Pertamina yang dikutip di Jakarta, Rabu, untuk wilayah Jabodetabek tercatat https://t.co/PxV5kwgn11",1,0
2072178557229433257,Wed Jul 01 04:40:41 +0000 2026,Info Jateng,Jateng_Twit,"BREAKING🚨

Penyesuaian harga BBM Pertamina per 1 Juli 2026:

Pertalite: Rp 10.000 -&gt; Rp 10.000
Pertamax: Rp 16.250 -&gt; Rp 16.250
Pertamax Green: Rp 17.000-&gt; Rp 17.000
Pertamax Turbo: Rp 20.750 -&gt; Rp 19.30
Bio Solar : 6.800 -&gt; Rp 6.800
Dexlite: Rp 23.000-&gt;Rp 19.700
Pertamina Dex: https://t.co/g3tArea14R",50,12
2072176882167263480,Wed Jul 01 04:34:02 +0000 2026,Amortalization,Amortalizartsz,"@rang_simabua Wah pertamax kok harganya ga balik kyk waktu sebelum perang? Kan harga dah turun &lt;70$🤘🏻

Pertamax subsidi nih?? Wkwk jadi vivo, bp ron92 &amp; 95 juga subsidi ya🤘🏻🤘🏻

Menyala dompet WNI🔥🔥",2,0
2072175458394001492,Wed Jul 01 04:28:23 +0000 2026,Narasi Newsroom,NarasiNewsroom,"PT Pertamina menurunkan harga tiga jenis BBM mereka mulai Rabu (1/7/2026). Berdasarkan informasi harga terbaru di laman MyPertamina, penurunan harga terjadi pada Pertamax Turbo, Dexlite, dan Pertamina Dex. Selain itu, harga avtur juga turun pada waktu yang sama.

Bagaimana https://t.co/GUd8ozb425",2,1
2072172300754108704,Wed Jul 01 04:15:50 +0000 2026,Romi Saputra,putrapostdaily,"PT Pertamina (Persero) menyesuaikan harga BBM nonsubsidi mulai Rabu, 1 Juli 2026. Dalam pembaruan ini, sejumlah produk mengalami penurunan harga, terutama Pertamax Turbo dan BBM jenis solar nonsubsidi

https://t.co/CMQyGpWx2P",4,0
2072172091546488860,Wed Jul 01 04:15:00 +0000 2026,Akuratco,akuratco,"PT Pertamina (Persero) mengumumkan harga bahan bakar minyak (BBM) nonsubsidi jenis solar, seperti Pertamina Dex dan Dexlite, dan Pertamax Turbo turun mulai 1 Juli 2026. IndustriJurnalisme &amp; Berita

Berdasarkan laman resmi Pertamina, yang dikutip di Jakarta, Rabu, di wilayah https://t.co/zBsyGjAdvd",2,0
2072166340593422651,Wed Jul 01 03:52:09 +0000 2026,MyNameIsZahwa,SeriusAmatX,Abis sarapan pagii tapi liat harga pertamax belum diturunin 😤 https://t.co/mH2ptWrsB1,200,131
2072165082642157999,Wed Jul 01 03:47:09 +0000 2026,Serambi Indonesia,serambinews,"Ada sejumlah produk BBM nonsubsidi yang mengalami penyesuaian harga pada awal bulan Juli 2026 ini.

Berdasarkan keputusan terbaru PT Pertamina Patra Niaga, produk BBM yang mengalami penyesuaian tersebut yaitu Pertamax Turbo, Pertamina Dex dan Dexlite.

https://t.co/owbPPBXcru",1,0
2072162024797168015,Wed Jul 01 03:35:00 +0000 2026,KOMPAS TV,KompasTV,"Empat BBM Nonsubsidi Turun Mulai Juli, Harga Pertamax Jadi Berapa?

https://t.co/FmUA4zgLzN",1,0
2072157925985173734,Wed Jul 01 03:18:43 +0000 2026,Bench Side,benchsideid,"Harga Pertamax Turbo, Pertamina Dex, dan Dexlite turun!

- Pertamax Turbo: Rp20.650 -&gt; Rp19.300 per liter
- Pertamina Dex: Rp24.800 -&gt; Rp21.150 per liter
- Dexlite: Rp23.000 -&gt; Rp19.700 per liter

Meskipun begitu, harga harga BBM penugasan dan subsidi belum ada tanda-tanda akan https://t.co/lFgAOrvxDw",5,2
2072157085023002802,Wed Jul 01 03:15:22 +0000 2026,Kompas.com,kompascom,"Baca di sini: https://t.co/nVwXbH6nVT 

PT Pertamina Patra Niaga menurunkan harga sejumlah bahan bakar minyak (BBM) nonsubsidi mulai Rabu (1/7/2026) pukul 00.00 WIB. Penyesuaian harga berlaku untuk Pertamax Turbo, Pertamina Dex, Dexlite, serta avtur penerbangan domestik.

~KR https://t.co/ph6ieQN7P7",4,2
2072156992282472701,Wed Jul 01 03:15:00 +0000 2026,tirtoid,TirtoID,"Turun Mulai Hari Ini, Berapa Harga Pertamax Turbo dan Dexlite?
https://t.co/GumW6Ioedy",2,0
2072154232221020203,Wed Jul 01 03:04:02 +0000 2026,Nailong 🐣,nailong_office,udah turun belom harga pertamax ? https://t.co/RMrXOPUPMr,7,0
2072154012758237461,Wed Jul 01 03:03:10 +0000 2026,IDN Times,IDNTimes,"Harga BBM Nonsubsidi dari Pertamax-Avtur Turun Mulai Hari Ini, Cek Detailnya
https://t.co/NIQAhWZnr2",3,0
2072153222203285717,Wed Jul 01 03:00:01 +0000 2026,SINDOnews,SINDOnews,"PT Pertamina Patra Niaga resmi menyesuaikan harga BBM nonsubsidi mulai 1 Juli 2026. Sejumlah produk seperti Pertamax Turbo, Dexlite, dan Pertamina Dex mengalami penurunan harga, sementara Pertamax (RON 92) tetap dipertahankan di Rp16.250 per liter. 

Penyesuaian dilakukan https://t.co/XrLFHPOuI6",1,0
2072151459530240295,Wed Jul 01 02:53:01 +0000 2026,IDX CHANNEL,idx_channel,"PT Pertamina Patra Niaga resmi menurunkan harga sejumlah BBM nonsubsidi yang berlaku mulai 1 Juli 2026. Penyesuaian harga dilakukan terhadap Pertamax Turbo, Pertamina Dex, Dexlite, dan Avtur setelah evaluasi yang mengacu pada dinamika harga minyak dunia, aspek fiskal, serta daya https://t.co/xrlBCAVTKR",2,2
2072150803994001764,Wed Jul 01 02:50:25 +0000 2026,t°Jabar,tijabar,"Mulai Hari Ini... Turun Harga Pertamax Turbo hingga Avtur 

Pertamina Patra Niaga, anak usaha PT Pertamina (Persero), menyesuaikan harga Bahan Bakar Minyak (BBM) Nonsubsidi berlaku efektif mulai Rabu (1/7/2026). Penyesuaian harga BBM Nonsubsidi tersebut berlaku unntuk Pertamax https://t.co/dWw6y7GfPs",17,7
2072149730768162868,Wed Jul 01 02:46:09 +0000 2026,SorotanWarga,Sorotanwarga,"Harga BBM Non-Subsidi Turun Mulai 1 Juli 2026, beberapa jenis BBM non-subsidi seperti Pertamax Turbo, Dexlite, dan Pertamina Dex resmi mengalami penurunan harga. Sementara Pertamax dan BBM bersubsidi tidak berubah. https://t.co/KmRNw9xGBb",2,0
2072142946334658988,Wed Jul 01 02:19:11 +0000 2026,KONTAN NEWS,KontanNews,"Mulai 1 Juli 2026, Pertamina resmi menurunkan harga beberapa BBM nonsubsidi.

📍DKI Jakarta:

- Pertamax Turbo ➜ Rp19.300/liter
- Dexlite ➜ Rp19.700/liter
- Pertamina Dex ➜ Rp21.150/liter https://t.co/9nFcV7Y14D",3,0
2072141960476033391,Wed Jul 01 02:15:16 +0000 2026,Bisnis.com,Bisniscom,"PT Pertamina Patra Niaga menurunkan harga bahan bakar minyak (BBM) non subsidi mulai Rabu (1/7/2026). Mengacu pada daftar harga terbaru, penyesuaian harga hanya berlaku untuk tiga jenis BBM nonsubsidi, yaitu Pertamax Turbo, Dexlite, dan Pertamina Dex.… https://t.co/Q1bGJZZ4Ed https://t.co/W2GZPedTKG",5,2
2072139461903966417,Wed Jul 01 02:05:20 +0000 2026,kumparan,kumparan,"Pertamina Patra Niaga melakukan penyesuaian harga terhadap Bahan Bakar Minyak (BBM) nonsubsidi yang berlaku efektif mulai 1 Juli 2026 pukul 00.00 WIB.

Berdasarkan laman MyPertamina, Rabu (1/7), harga Pertamax di wilayah DKI Jakarta masih dibanderol Rp 16.250 per liter atau sama https://t.co/Se2U6kIp5h",36,10
2072136479288234256,Wed Jul 01 01:53:29 +0000 2026,lalo salamanca,agelmeip,"fyi per hari ini 1 juli ada kenaikan harga goride hemat dan grab bike hemat, biasanya 7rb skrg jadi 7rb, gw gatau ini efek yg potongan aplikator 8% udah diterapin atau emang efek domino dari pertamax naik yg jelas keduanya sama2 kebijakan sampah pemerintah https://t.co/5LmRFRIQI3",24,2
2072135614129217834,Wed Jul 01 01:50:03 +0000 2026,IDX CHANNEL,idx_channel,"PT Pertamina Patra Niaga resmi menurunkan harga sejumlah BBM nonsubsidi yang berlaku mulai 1 Juli 2026. Penyesuaian harga dilakukan terhadap Pertamax Turbo, Pertamina Dex, Dexlite, dan Avtur setelah evaluasi yang mengacu pada dinamika harga minyak dunia, aspek fiskal, serta daya https://t.co/6Gj7zmfCMP",4,0
2072132378219446407,Wed Jul 01 01:37:11 +0000 2026,fajar prasetyo,_fajarprasetyo,"Pertamax ga turun karena kata menteri ESDM sempet ditahan waktu harga minyak dunia naik, pertanyaannya kalo bukan BBM subsidi ngapain dulu pake ditahan2?",4,0
2072127100094726537,Wed Jul 01 01:16:13 +0000 2026,Good News From Indonesia,GNFI,"Di sisi lain, harga Pertamax, Pertamax Green, Pertalite, dan Biosolar tetap tidak berubah. Penyesuaian ini dilakukan berdasarkan Kepmen ESDM No. 245.K/MG.01/MEM.M/2022 yang mengatur formula harga jual eceran BBM umum di SPBU.",5,3
2072127070755528958,Wed Jul 01 01:16:06 +0000 2026,Good News From Indonesia,GNFI,"Harga BBM nonsubsidi Pertamina resmi turun mulai 1 Juli 2026. Penyesuaian terbesar terjadi pada Dexlite, Pertamina Dex, dan Pertamax Turbo, seiring penurunan harga minyak dunia serta mengacu pada formula harga yang ditetapkan pemerintah.",4,1
2072119601295740947,Wed Jul 01 00:46:25 +0000 2026,Radio Suara Surabaya,e100ss,"Harga Pertamax Turbo, Dexlite dan Pertamina Dex Turun Mulai 1 Juli 2026 https://t.co/zjjZhoF7be",3,0
2072116938499850374,Wed Jul 01 00:35:50 +0000 2026,Cecilia Suwanda,CeciliaSuwanda1,"@bangherwin Berasa banget sih, Pertamax 92 naik 4rb/Ltr, tiap hari keluar rumah😥.",3,1
2072115707035398248,Wed Jul 01 00:30:57 +0000 2026,Kompas.com,kompascom,"Harga Pertamax Turbo, Pertamina Dex, Dexlite, dan Avtur Turun

Baca di https://t.co/2FkAw0h22D https://t.co/v0E5x637Fm",17,4
2072112997418611031,Wed Jul 01 00:20:11 +0000 2026,CNBC Indonesia,cnbcindonesia,"Harga BBM Pertamax Turbo &amp; Diesel Resmi Turun, Berlaku 1 Juli 2026
https://t.co/acmmM00cJM",2,0
2072112506383020240,Wed Jul 01 00:18:14 +0000 2026,FikrMakhluf,Fikrimakhluf,@dimarsasongko98 Mana makin hari minyak dunia makin terjun bebas dr pas Maret April kemaren. Marginnya gede loh itu pak. Makanya pada nanya nuruninnya kapan. Kalo emang ngikutnya harga itu. Sekalian pak itungannya dikeluarin loh biar ga pada curigesyon kemane2. Sebenernya kenapa cuma Pertamax.,8,0
2072111622957724118,Wed Jul 01 00:14:43 +0000 2026,herwin,bangherwin,"Anjir, mulai hari ini Pertamina nurunin harga Pertamax Turbo Rp1.450/liter (dari Rp20.750 jadi Rp19.300).
Tapi Pertamax yang biasa dipake masyarakat menengah? Tetep Rp16.250. Gak bergerak.
Pilih kasih keringanan ke yang isi Turbo, yang isi Pertamax malah dibiarkan.
Kelas menengah https://t.co/Yp6ZBHItPp",66,27
2072109946062434776,Wed Jul 01 00:08:03 +0000 2026,Lambe Resing,LambeResing,"UPDATE: Per 1 Juli 2026, harga BBM non-subsidi terpantau turun.

Pertamax Turbo mengalami penurunan ke Rp19.300 per liter, dan hampir semua lini diesel non-subsidi turun sekitar Rp 3 ribuan per liternya.

Sementara itu bensin RON 92, 95, dan BBM subsidi tidak mengalami penurunan. https://t.co/AvcvQmBlSQ",346,52
2072107574598709490,Tue Jun 30 23:58:38 +0000 2026,Berly Martawardaya,bmartawardaya,"@insidefolkative Harga Dexlite, Pertamax Turbo dan Pertamina Dex turun.

Kapan harga Pertamax turun? Perlu diumumkan....",9,0
2072107493174673660,Tue Jun 30 23:58:18 +0000 2026,About Tangerang,abouttng,"⛽ Update harga BBM Pertamina per 1 Juli 2026❗️

Mulai 1 Juli 2026, PT Pertamina Patra Niaga kembali melakukan penyesuaian harga untuk sejumlah produk BBM nonsubsidi. 

Kabar baiknya, beberapa jenis BBM mengalami penurunan harga, namun sayangnya Pertamax 92 masih diangka yang https://t.co/ALQ7MaFJak",2,2
2072107098532667717,Tue Jun 30 23:56:44 +0000 2026,Hidup sebagai +62,Hidupsebagai62,"BREAKING NEWS : 
HARGA BBM PERTAMINA PER 1 JULI

- Pertalite tetap
- Pertamax tetap
- Pertamax Turbo turun 1450
- Dexlite turun 3300
- Pertamina Dex turun 3650 https://t.co/ttGV6oHkFk",51,12
2072106639277334719,Tue Jun 30 23:54:55 +0000 2026,lucinda morningstar,kesurupanbotol,"@insidefolkative Harga minyak dunia turun, pertamax gak turun, kemarin info selirnya prabowo harga pertamax mengikuti harga minyak dunia, wkwkwk",12,0
2072106595262279791,Tue Jun 30 23:54:44 +0000 2026,Radio Elshinta,RadioElshinta,"Pertamina Patra Niaga Turunkan Harga BBM Nonsubsidi dan Avtur Mulai 1 Juli 2026

Jakarta - PT Pertamina Patra Niaga resmi melakukan penyesuaian harga Bahan Bakar Minyak (BBM) nonsubsidi yang berlaku efektif mulai 1 Juli 2026 pukul 00.00 WIB. Penyesuaian tersebut merupakan hasil https://t.co/Rhkda99zCX",12,2
2072106059096068284,Tue Jun 30 23:52:37 +0000 2026,folkative,insidefolkative,"Penyesuaian harga BBM Pertamina per 1 Juli 2026:

Pertamax Turbo: Rp20.750 -&gt; Rp19.300
Pertamax Green: Rp17.000-&gt; Rp17.000
Pertamax: Rp16.250 -&gt; Rp16.250
Pertalite: Rp10.000 -&gt; Rp10.000
Pertamina Dex: Rp24.800 -&gt; Rp21.150
Dexlite: Rp23.000-&gt;Rp19.700 https://t.co/sHJQ4raCq2",381,61
2072105022180229332,Tue Jun 30 23:48:29 +0000 2026,Banjarmasin Post,banjarmasinpost,"Resmi Berubah! Daftar Harga BBM Terbaru 1 Juli 2026, Ada yang Turun Rp3.650, Cek Pertamax Hingga Dexlite di Kalsel
 
https://t.co/ExiQT1DX0f lewat @tribunnews",1,0
2072098667423744451,Tue Jun 30 23:23:14 +0000 2026,Bisnis.com,Bisniscom,"PT Pertamina Patra Niaga menurunkan harga bahan bakar minyak (BBM) non subsidi mulai Rabu (1/7/2026) ini. Penurunan harga meliputi Pertamax Turbo, Pertamina Dex, dan Dexlite. Artinya, harga Pertamax Turbo turun 7% dari Rp20.750 menjadi Rp19.300 per… https://t.co/PDe07dqwpr https://t.co/PevofAFHVg",4,1
2072096416487362802,Tue Jun 30 23:14:18 +0000 2026,VivaCoid,VIVAcoid,"PT Pertamina (Persero) kembali melakukan penyesuaian harga bahan bakar minyak (BBM) nonsubsidi yang mulai berlaku 1 Juli 2026. 
Dalam penyesuaian kali ini, harga Pertamax dipastikan tidak mengalami perubahan, sementara Pertamax Turbo, Dexlite, dan Pertamina Dex resmi mengalami https://t.co/CVHIr4nQ7A",14,1
2072091474372759608,Tue Jun 30 22:54:39 +0000 2026,VivaCoid,VIVAcoid,"Harga BBM Berlaku 1 Juli: Pertamax Tetap, Pertamax Turbo hingga Dexlite Resmi Turun

 https://t.co/Pk7A3fxJPS",6,2
2072091201613025770,Tue Jun 30 22:53:34 +0000 2026,Kompas.com,kompascom,"Baca di sini: https://t.co/nVwXbH6nVT

PT Pertamina Patra Niaga menurunkan harga BBM nonsubsidi, meliputi Pertamax Turbo, Pertamina Dex, Dexlite, dan avtur domestik mulai 1 Juli 2026 setelah evaluasi berkala mengikuti dinamika harga minyak dunia dan mekanisme yang berlaku.

~IQ https://t.co/r78IMSpV4I",38,14
2072088333396967576,Tue Jun 30 22:42:10 +0000 2026,KONTAN NEWS,KontanNews,"Sementara itu, harga: 
• Pertalite tetap Rp 10.000/liter 
• Pertamax tetap Rp 16.250/liter 
• Pertamax Green 95 tetap Rp 17.000/liter.",1,0
2072088224479256905,Tue Jun 30 22:41:44 +0000 2026,KONTAN NEWS,KontanNews,"📉 Daftar harga terbaru: 
✅ Pertamax Turbo: Rp 19.300/liter (turun Rp 1.450) 
✅ Dexlite: Rp 19.700/liter (turun Rp 3.300) 
✅ Pertamina Dex: Rp 21.150/liter (turun Rp 3.650)",1,0
2072088106715779346,Tue Jun 30 22:41:16 +0000 2026,KONTAN NEWS,KontanNews,"⛽ Kabar baik buat pengguna BBM non-subsidi!

Mulai 1 Juli 2026, PT Pertamina Patra Niaga resmi menurunkan harga beberapa jenis BBM, termasuk Pertamax Turbo, Dexlite, dan Pertamina Dex. https://t.co/dpwtICXnVp",17,1
2072033266195108237,Tue Jun 30 19:03:21 +0000 2026,Jawa Pos,jawapos,"Pertamina Turunkan Harga BBM Nonsubsidi per 1 Juli 2026, Pertamax Turbo jadi Rp 19.300 per Liter
https://t.co/bHJLf8lgjE",2,1
2072020828246667356,Tue Jun 30 18:13:56 +0000 2026,TheEconopost.com,TheEconopost,https://t.co/6YF1L8JwcX,8,1
2071925479188361672,Tue Jun 30 11:55:03 +0000 2026,liv.,xhualia,Lebih percaya sea punya kamar di klinik docpop daripada pertamax turun harga https://t.co/jEIKA6sAww,151,15
2071919178055835742,Tue Jun 30 11:30:01 +0000 2026,DEMOCRAZY News,democrazymedia,"Bahlil Naik Pitam! Kesal Dicecar Pertanyaan Kapan Harga Pertamax Turun
https://t.co/vyAuQq0L69",4,7
2071889538402885887,Tue Jun 30 09:32:14 +0000 2026,tata`♪ 👨‍🎨👮,tataavtp,"Pertamax naik itu mengguncang keuangan gue sebagai anak pp yg setidaknya habis 1 liter/hari. Gue pakai pertalite tapi karena Pertamax naik banyak yg pindah. Pagi blm ready, siang habis, malamnya antri panjang bgt.

Gue harus spend waktu 30 menit hanya untuk dapet bensin?!?!😭😭😭",2,0
2071867650259771710,Tue Jun 30 08:05:15 +0000 2026,Bloomberg Technoz,BloombergTZ,"Kepala Ekonom Bank Permata Josua Pardede memperkirakan harga keekonomian Pertamax saat ini mencapai Rp16.444 per liter, sedikit di atas harga jual Rp16.250 per liter sehingga ruang penurunan harga masih terbatas.

Simak selengkapnya: https://t.co/qwgRpwgxtc https://t.co/pQWjdq74Li",6,0
2071865552025641146,Tue Jun 30 07:56:55 +0000 2026,Desmond Wira,desmondwira,"BPS akan merilis data inflasi Juni pada esok hari, Rabu 1 Juli 2026

Diperkirakan angka inflasi naik. Forecast sebesar 3,2% (Bloomberg)

Jika benar, berarti lebih besar dari Mei 3,08%

Kenaikan inflasi kemungkinan didorong kenaikan harga barang-barang yang terganggu akibat https://t.co/tocOHrKanf",34,6
2071857798712017070,Tue Jun 30 07:26:07 +0000 2026,🎣,dysafiaa,"semenjak pertamax naik, gue gak pernah lihat spbu sepi tanpa antrian",9,0
2071854590472188258,Tue Jun 30 07:13:22 +0000 2026,Bentang Pustaka,bentangpustaka,"MinTang agak tersulut tiap ngomongin harga naik, apalagi Pertamax. Terus ada yang nyeletuk, ""Tinggal beli Pertalite, kan? Gitu aja kok repot."" Nggak lihat apa antrean Pertalite sekarang sepanjang apa? Ini bukan cuma perkara pindah jenis bensin atau malas antre, hu-hu-hu https://t.co/ilJdf9liYs",3,1
2071839719953244497,Tue Jun 30 06:14:16 +0000 2026,Blue Candle,bluecandleway,"Untuk pengguna Pertamax, setelah harganya naik mana yang kamu lakukan? 😏",5,1
2071825043408240882,Tue Jun 30 05:15:57 +0000 2026,CNBC Indonesia,cnbcindonesia,"DPR: Harga BBM Pertamax Saat Ini Belum Full Harga Keekonomian
https://t.co/B2AQzAzXu1",0,0
2071819408893460507,Tue Jun 30 04:53:34 +0000 2026,Serambi Indonesia,serambinews,"""Kita lihat saja. Kita juga harus fair dong. Pada saat harga minyak lagi naik dua bulan lebih, hampir tiga bowling, kan enggak kita naikkan (Pertamax). Masa baru naik 2-3 minggu, teman-teman sudah tanya itu,"" ujar Bahlil  
https://t.co/cn19DMhFVn",1,0
2071808209388777680,Tue Jun 30 04:09:04 +0000 2026,Kompas.com,kompascom,"Baca selengkapnya: https://t.co/bQdTlr37tT

Menurut Menteri ESDM Bahlil Lahadalia, penilaian terhadap harga pertamax harus adil. 

Sebab, ketika harga minyak dunia naik selama hampir tiga bulan dan harga Pertamax tidak dinaikkan, pemerintah juga tidak banyak mendapat pertanyaan. https://t.co/GmGjVFvwJh",4,2
2071802498969633122,Tue Jun 30 03:46:22 +0000 2026,Marcell 🪿,mieayamdulu1,"lagian aneh

kudunya moment elu naikin harga pas minyak dunia ny lagi naik jg dong. jd ketika waktu itu minyak dunia naik dan pertamax naik, elu tinggal lip service aja penyebab nya. lah sekarang wajar lah org pada nanya kpn turun org minyak dunianya udh turun. kocakkkk kocak",4,1
2071773846454345807,Tue Jun 30 01:52:31 +0000 2026,Crimson Hags,JokoHQ,"Ya bener. Harga minyak mulai terbang di bulan Maret, tp harga pertamax baru naik di Juni.",14,3
2071755148154847314,Tue Jun 30 00:38:13 +0000 2026,Banjarmasin Post,banjarmasinpost,"Daftar Harga BBM Terbaru Hari Ini 30 Juni 2026, Kans Turun di Awal Juli, Cek Pertamax hingga Pertalite di Kalsel
 
https://t.co/GmihV7Tega lewat @tribunnews",1,0
2071747563234140521,Tue Jun 30 00:08:04 +0000 2026,Kompas.com,kompascom,"Baca di sini: https://t.co/Wu5pc15V06

Menteri ESDM Bahlil Lahadalia meminta publik bersikap adil terkait harga Pertamax yang belum turun, dengan menegaskan pemerintah sebelumnya juga menahan kenaikan harga BBM non-subsidi selama harga minyak dunia melonjak akibat gejolak https://t.co/M3qvg78K7o",31,11
2071745720571646382,Tue Jun 30 00:00:45 +0000 2026,KONTAN NEWS,KontanNews,"⛽ Harga Pertamax naik
💵 Rupiah melemah sehingga memicu imported inflation
🥬 Harga pangan masih meningkat
✈️ Mobilitas selama libur sekolah ikut mendorong permintaan transportasi, restoran, hingga pariwisata.",0,0
2071623357762818179,Mon Jun 29 15:54:32 +0000 2026,The Duck Wizard🧙‍♂️🪄,dewey__________,"@boxxtoc minta fair tapi gak mau nurunin, keamrin yang jumawa bilang kalau gak butuh naik siapa?? ketika udah turun gak mau nurunin harga pertamax ah bolu pencetan",8,1
2071580474968084591,Mon Jun 29 13:04:07 +0000 2026,🙃 Kucing Lapar 🧶,Brahim_maldini,"@boxxtoc Listrik mati dia...
Pertamax naik dia..
Pertalite dibatasi satu line..
Dia ‼️ https://t.co/ymgiwuuJAV",4,1
2071572492662305135,Mon Jun 29 12:32:24 +0000 2026,🥀,boxxtoc,"Bahlil: “minyak dunia naik 2/ 3bulan yang lalu, tp BBM tidak kita naikan”

Nah goblok banget sih, itukan udah kerjaan pejabat pemerintahan, gaji pejabat juga dari rakyat, lagian Bahlil juga janji pertamax turun bulan depan, ini pas ditanyain malah ngamok🤮🤮",2313,110
2071568118346870841,Mon Jun 29 12:15:01 +0000 2026,inilahcom,inilahdotcom,"Turunnya harga minyak dunia ke level US$70-US$73 per barel, membuka peluang turunnya harga bahan bakar minyak (BBM) jenis Pertamax (RON 92) ikut turun.

Tapi, bagaimana respons Menteri Energi dan Sumber Daya Mineral (ESDM), Bahlil Lahadalia?

Baca selengkapnya di InilahCom:",0,0
2071567223228182899,Mon Jun 29 12:11:28 +0000 2026,🥀,boxxtoc,"Bahlil ngamuk ditanyain kapan harga pertamax turun

“minyak dunia naik 2/ 3 bulan kemarin harga BBM tidak kita naikan, sekarang Pertamax naik baru 2/ 3 minggu udah di tanya kapan turun”

We are finished, Bahlil lupa gajinya berasal dari mana, gaya sok sok an lagi🤮🤮 https://t.co/8DhxhedaNX",30295,7834
2071560211362623929,Mon Jun 29 11:43:36 +0000 2026,txtwarga cibinong,cibinongpeople,@sosmedkeras Banyak yg setelah berbangga debat ngebela pemerintah pas datang ke pom bensin liat harga pertamax nangis juga 😂,3,0
2071555569962381798,Mon Jun 29 11:25:10 +0000 2026,Tanyarl 💚,tanyakanrl,"💚 pokoknya temen kerja ini tau kejahatan dan buruknya 02, tapi dia tetep pilih katanya 01 cuma pinter ngomong dan 03 gak jelas. Tapi pertamax naik, apa-apa mahal rewel juga tapi tetep gak nyesel katanya wkwk https://t.co/PpQ4W8cPIw",20,0
2071543080415797372,Mon Jun 29 10:35:32 +0000 2026,kale,kalistohenituse,"JUST IN: Bahlil Emosi dan Tegur Wartawan Usai Tanya ""Kapan Harga Pertamax/BBM Nonsubsidi Turun?"" https://t.co/LxJkqMQceZ",312,58
2071504610062451194,Mon Jun 29 08:02:40 +0000 2026,Padang Galir,ubegebe1,Pertamax gimana Boss @bahlillahadalia ? Harga minyak mentah udah 69 loh,11,10
2071377473271701515,Sun Jun 28 23:37:28 +0000 2026,Banjarmasin Post,banjarmasinpost,"Daftar Harga BBM Terbaru Hari Ini Senin 29 Juni 2026: Pertamax Naik Drastis, Warga Kalsel Ramai-ramai Pindah ke Pertalite
 
https://t.co/gBsBdKU2tl lewat @tribunnews",1,0
2071355009342832792,Sun Jun 28 22:08:12 +0000 2026,hikari | 真贋相愛,koganenohikari,"Bonek setuju banyak keracunan MBG itu bukan masalah, jadi MBG wajib ttp dijalankan

Bonek setuju kalo harga pertamax naik bukan salah bahlil, tp karena kondisi selat hormuz

Bonek setuju kalo peserta meninggal di Latsarmil KDMP cuma Takdir Allah, bkn kesalahan panitia

ngene ta?",42,7
2071313223572423071,Sun Jun 28 19:22:10 +0000 2026,Pak Djoko Wareg,AkatsukiAlpha88,"Berapa sih living cost Jakarta "" nyaman"" buat ber 2 versi aku yaa..( apart milik sendiri)
1.Belanja mingguan sayur+buah 1 jt ( 1 bulan 4 jt/ brlanja di Allfresh) 
2.Belanja Ayam frozen tempe tahu 1 bulan siap masak, 1.5 jt ( pesen online ke Dapur Rongkah) 08122496364 3.Belanja https://t.co/90fjbmXYlS",17,8
2071229365002846527,Sun Jun 28 13:48:56 +0000 2026,GAMEOVERPOST,Tangankanancuan,"Jika semisal:🤔🤔🤔🤔

1.Rupiah kembali membaik ke Rp 10.000/ dollar
2. Harga Sembako kembali stabil
3. MBG diberhentikan
4. Kopdes Merah Putih diperbaiki sistemnya. yang dikota mendistribusikan hasil bumi pedesaan dan didesa menjual keperluan petani dan peternak.
5.janji 19 juta https://t.co/iF4O6JiFOU",6,4
2071221889272614967,Sun Jun 28 13:19:14 +0000 2026,司怀熙,SiHuaixi,"@tanyakanrl Ga cuman naik tpi juga langka, ini aku lgi pulang kan ke rumah ortu yg emg jauh bgt dri pusat kota. Minyak sm beberapa bahan jdi langka. Beras jadi 100k an, minyak naik selisihnya bisa 20kan, pertamax beli 3 liter aja udh 50kan, dan brng2 lainnya jg pd naik benciii bgtt sumpah.",73,1
2071203257364480192,Sun Jun 28 12:05:12 +0000 2026,Tanyarl 💚,tanyakanrl,"Beras naik, minyak naik, yang tadinya bensin beli pertamax beralih jadi pertalite. Kaum middle class emang akan dimiskinkan p3m3r1nt4h 😭 💚 https://t.co/y6zqczEFqG",3510,341
2071190972604817713,Sun Jun 28 11:16:23 +0000 2026,Sanrya.ETH,peraiuu78,"Kenapa BBM non-subsidi naik 2x dalam sebulan?
• Perang Israel-Iran  minyak dunia melonjak ke $89/barel
• Pertamina menyesuaikan harga Pertamax: Rp12.300 menjadi Rp16.250/liter
• IHSG ikut tertekan, minggu ini sudah -3,8%
Ini bukan kebijakan sembarangan  tapi dampaknya tetap https://t.co/334Aky1fDU",3,0
2071134895670538375,Sun Jun 28 07:33:33 +0000 2026,Deru,kangderu,"Punya mobil sekarang puyengnya triple😭
- Pertamax naik 30%
- Oli Shell naik 35%
- Gaji naik 0%

Mesin mobil jadi adem, dompetnya yang malah kering 😅 https://t.co/avRfnWwZPp",4,0
2071119740010127860,Sun Jun 28 06:33:20 +0000 2026,R,wamadone,"Sayangnya, kanebo cuma bisa dipake buat bersihin kotoran. 
Kanebo ga bisa dipake buat membersihkan program makan yang buang-buang anggaran, menghapus pelatihan program koperasi yang sudah makan korban dan ga bisa dipake buat mengelap air mata karena pertamax naik harga.",6,0
2071099336679948722,Sun Jun 28 05:12:15 +0000 2026,Dimar,dimarsasongko98,"@kangdede78 oke sampewn sudah akui: Surya ojol tidak minta subsidi.
Poin itu selesai. Terima kasih.

Argumen baru: Pemilik Mercy tidak teriak-teriak soal harga.

Betul. Kenaikan 32% buat pemilik Mercy = receh.

Buat ojol = jam kerja yang harus ditambah hari itu juga.

Diam bukan tanda",5,0
2071092612623130791,Sun Jun 28 04:45:32 +0000 2026,Dede Budhyarto,kangdede78,"@dimarsasongko98 Surya ojol tidak minta subsidi Pertamax, itu benar. Dia bayar nonsubsidi full price.

Tapi pertanyaan baliknya:
Menteri bilang “malu dikitlah” itu ditujukan ke siapa? Ke Surya yang ojol? Tidak.

Menteri Bahlil bicara ke pemilik mobil Mercy, Innova Crysta, Fortuner, atau yg",0,0
2071081898454249818,Sun Jun 28 04:02:58 +0000 2026,Romi Saputra,putrapostdaily,"Harga bahan bakar minyak (BBM) nonsubsidi kembali mengalami penyesuaian pada Juni 2026. Sejumlah produk BBM, terutama dari lini Pertamax series, tercatat mengalami kenaikan cukup signifikan

https://t.co/XsY78UsYO1",3,0
2071068995705557232,Sun Jun 28 03:11:41 +0000 2026,マスタード？,gurudokkan88,@Darryl_Wezy Sebelum pertamax naik masih ada sate ayam 10 tusuk pake lontong cuma 15 rb dan rasanya ga aneh. Ga tau skrg msh dijual segitu apa ngga,3,0
2071010794960298331,Sat Jun 27 23:20:25 +0000 2026,頑張って,aie_zizou,"@IDGoonerscom bener minrak, semenjak Pertamax naik koq jadi rada lesu begini ekonomi 😔",6,0
2070900177964327065,Sat Jun 27 16:00:52 +0000 2026,Julian,clevercoworker,"Keluhan warga RI akhir-akhir ini:

1. Mati lampu
2. Pertamax naik
3. Kena PHK
4. Dollar naik

Tag @frustream",2,0
2070899994941440010,Sat Jun 27 16:00:08 +0000 2026,keritingrambut 𐂂,bgkiting,Narasi sindiran keras untuk pengguna kendaraan yang komplain soal kenaikan harga Pertamax sedang ramai digoreng di linimasa. https://t.co/Qog1oW45rh,22,2
2070839735573270541,Sat Jun 27 12:00:41 +0000 2026,MsCappuchina🧡,Buuu_ngaaa,"Sebelum lo ngomong “emg kita pakai pertamax apa enggak”
Harusnya lo mikir , Kira kira Pertamax naik trus yg pake pertalite gak ngaruh gitu ?
Hadoh gema gemaaa , lo buzzer ya buzzer aja gausah kayak tau kehidupan masyarakat 

Master financial tapi otak nya gak se visioner anak smp https://t.co/cgNJ5Tbjek",14,15
2070778625356660909,Sat Jun 27 07:57:52 +0000 2026,Dede Budhyarto,kangdede78,"Pak @dimarsasongko98,
Menteri ESDM @bahlillahadalia bicara soal subsidi BBM yg seharusnya untuk rakyat kecil, bukan untuk yg naik Mercy nongkrong di mal sambil minta disubsidi. Itu poinnya.

Ojol memang banyak yg pakai Pertamax demi mesin awet, itu fakta. Tapi Pertamax itu kan",16,5
2070735429113135517,Sat Jun 27 05:06:13 +0000 2026,Yuk Berisik,sharpandshark,Jika diturunkan jenis BBM nya misal Pertalite kondisi motor akan berdampak. Tetap beli Pertamax. Harganya sudah tidak seperti dulu lagi. Supaya kondisi kendaraan tetap prima ingin biaya perawatan tetap terjaga nilainya. Jika rusak tentu biaya perawatan akan mahal apalagi https://t.co/UlT0AGz9jg,10,0
2070732634502939096,Sat Jun 27 04:55:07 +0000 2026,GAMEOVERPOST,Tangankanancuan,"Tadi Malem Habis Berantem Hebat
😤😤😤 
dengan suami masalah Belanja Harian&amp; mingguan. 😥😥😥
Suami selalu ngeluh kok dikasih 300 RB belanja ke pasar kagak pernah ada kembalian....
Eh suami ku ....kentutttt...
Semua pada naik
Pertamax naik..
Beras naik ...
Minyak goreng naik ... https://t.co/LdeD0Xo4cY",4,2
2070720062785515965,Sat Jun 27 04:05:09 +0000 2026,Romi Saputra,putrapostdaily,"Harga BBM di SPBU Pertamina mengalami penyesuaian harga untuk jenis nonsubsidi, terutama Pertamax dan Pertamax Green. 

https://t.co/yLOWY5gsPa",3,0
2070712620982906958,Sat Jun 27 03:35:35 +0000 2026,sfhpy,SalimFarrah,Berapa persen yg naik mobil mercy pake pertamax itu dibandingkan yg pake kendaraan satu²nya buat cari penghidupan? Lagian pake mercy mah isinya pertamax turbo kali.,4,1
2070684894498521131,Sat Jun 27 01:45:24 +0000 2026,Swalowww,swalowww,"@txtdrimedia yang disayangkan dari sensus ekonomi 2026

presiden yang suka berpidato ngelantur,
kondisi indonesia yang sangat gelap, karena kebijakan buruk, 

MBG, Koperasi Merah Putih.
IHSG yang drop, Rupiah Melemah Dolar meroket, 
Harga Pertamax naik gila gilaan

yang menimbulkan
lonjakan",4,0
2070627204812431547,Fri Jun 26 21:56:10 +0000 2026,adnan,mandikecil,"menurutku sebenernya ya masuk akal aja, tp emg susah utk dijalani krn biaya jatuh cinta di indonesia tu mahal bgt.

ngedate pake kendaraan pribadi? pertamax mahal

beli pertalite? stoknya sering kosong

akhirnya? orang-orang tetep beli pertamax.

soalnya kalo mau beli ke spbu",22,3
2070588635607716325,Fri Jun 26 19:22:55 +0000 2026,Akai__,Mas__DiLL,"@dimarsasongko98 Make Pertamax naik nya ga ngotak make pertalite di motor rasanya ytta , Jancok Jancok . https://t.co/em2Sg3wuft",3,1
2070549747493130465,Fri Jun 26 16:48:23 +0000 2026,Haye Targaryen,_haye_,"Kalau ga bisa bedain harga minyak mentah sama harga Pertamax kayanya mending ga usah belagak jadi komentator ekonomi.

Balik lagi aja jadi peliharaan Bahlil.",30,8
2070532360622469305,Fri Jun 26 15:39:18 +0000 2026,Luna (rtrd/acc),iamretardio,"Banyak yang nanya, harga minyak dunia turun, kok harga BBM di Indonesia gak ikut turun? 

Ternyata sistemnya emang gak sesederhana yang kita bayangin. Aku coba rangkum biar kebayang :

1. Yang dipakai bukan harga minyak mentah.
Harga minyak yang kita lihat di berita itu minyak https://t.co/DYUL8DiKgC",23,5
2070521448742138046,Fri Jun 26 14:55:56 +0000 2026,Salima; Majene-Gane-Kaur 🌶️,QueenImaIsBack,"Gue cuma BISA PAKAI Pertamax, daftar pertalite ga bisa bisa

While pendapatan ga naik naik yg naik malah kebutuhan dasar buat hidup 

Bangsatnya Pertamax di Sumatera 17000 nalah

Biadab! MANA SOLAR LANGKA 

BAJINGAN berjas berdasi dikit ini pernah ga COBA LIHAT TRUK BAWA kargo",4,0
2070514437480710325,Fri Jun 26 14:28:04 +0000 2026,youdon'tevenknowme,fat_dinos,"@dimarsasongko98 Sebelum Pertamax naik, sy beli nasi goreng pinggir jalan dimana2 15 rb seporsi. Paling ada 1-2 yg 16 rb. Setelah naik sy beli di 3 tempat berbeda, 1 harga 17 rb, 2 harga 16 rb. Sepele sih naiknya cm 1-2 ribu, tp kan yg naik bukan nasgor aja",2,0
2070497498674913735,Fri Jun 26 13:20:46 +0000 2026,Setopan Kahiji,setopankahiji,@dimarsasongko98 Aku pemakai BP. BP 92 harga nya ngga beda jauh ma pertamax yg Ron nya sama 92. Kok bisa2 nya pertamina bilang pertamax di subsidi? Brarti BP 92 dan BP ultimate jg kena subsidi dr pemerintah? Bingung aku jd nya..,14,5
2070491392468828343,Fri Jun 26 12:56:30 +0000 2026,Weni,kuwenimango,"Setelah pengumuman kenaikan harga, baru kali ini beli pertamax. Bjirrrr kerasa bgt mahal nya 🤧",2,0
2070442916670325175,Fri Jun 26 09:43:52 +0000 2026,alfin rizal,alfinrizalisme,@tempodotco awas aja kalau pertamax gak turun harga!,7,0
2070435349554512087,Fri Jun 26 09:13:48 +0000 2026,Satire Post Indonesia,SatirePostID,"Tebak mana yang turun duluan, harga pertamax atau prabowo 😹",4,0
2070418633428517002,Fri Jun 26 08:07:23 +0000 2026,Romi Saputra,putrapostdaily,"Pemerintah dan PT Pertamina (Persero) mencatat harga untuk sejumlah produk BBM nonsubsidi pada 26 Juni 2026 yang berdampak pada tarif Pertamax, Pertamax Green, dan seri Dex di berbagai provinsi.

https://t.co/CjefBNoRvQ",3,0
2070416159460221293,Fri Jun 26 07:57:33 +0000 2026,Bukan Inspirator,CapyzenFC,"@dimarsasongko98 Bahlil bilang ""malu dikit"" ke yang pake Mercy. Padahal ojol pake Pertamax karena mesin injeksi rusak kalo Pertalite. 
Kerja 7 jam ekstra cuma buat nutup selisih harga.  
Menteri kok nggak paham realita di jalan ya? 🤦‍♂️",278,1
